Filer Name,Stock Name,Stock Ticker,Quarter Date,Type of Security,Current Shares Held,Current Market Value,Previous Shares Held,Previous Market Value,Current % of Portfolio,Previous % of Portfolio,Current Rank,Previous Rank,Change in Shares,Type of Change,Sector,stock_id
APPALOOSA LP,Alphabet Inc. Class C,GOOG,2019-09-30,SH,8898000.0,542333000.0,4300000.0,232396000.0,15.8844,2.5095,1,6,106.930233,addition,COMMUNICATIONS,166886
APPALOOSA LP,Meta Platforms Inc,META,2019-09-30,SH,2825000.0,503076000.0,1850000.0,357050000.0,14.7346,3.8555,2,4,52.702703,addition,COMMUNICATIONS,123861
APPALOOSA LP,Amazon.com Inc.,AMZN,2019-09-30,SH,5300000.0,460016000.0,3700000.0,350322000.0,13.4734,3.7829,3,5,43.243243,addition,CONSUMER DISCRETIONARY,3573
APPALOOSA LP,Altaba Inc. (Yahoo),AABA,2019-09-30,SH,13838684.0,269578000.0,1050000.0,72839000.0,7.8957,0.7865,4,12,1217.969905,addition,FINANCE,2412
APPALOOSA LP,Micron Technology Inc.,MU,2019-09-30,SH,6000000.0,257100000.0,900000.0,34731000.0,7.5302,0.375,5,17,566.666667,addition,INFORMATION TECHNOLOGY,488
APPALOOSA LP,Allergan Plc,AGN,2019-09-30,SH,1295000.0,217936000.0,1295000.0,216822000.0,6.3831,2.3413,6,7,0.0,,HEALTH CARE,138708
APPALOOSA LP,Alibaba Group Holding Ltd ADR,BABA,2019-09-30,SH,1300000.0,217399000.0,0.0,0.0,6.3674,,7,999999,,new,COMMUNICATIONS,173707
APPALOOSA LP,PG&E Corp. (Pacific Gas & Electric),PCG,2019-09-30,SH,18110523.0,181105000.0,16828015.0,385698000.0,5.3044,4.1649,8,3,7.621267,addition,UTILITIES AND TELECOMMUNICATIONS,4367
APPALOOSA LP,Caesars Entertainment Corp (delisted after merger with Eldorado,CZR,2019-09-30,SH,11200000.0,130592000.0,11200000.0,132384000.0,3.8249,1.4295,9,8,0.0,,CONSUMER DISCRETIONARY,118982
APPALOOSA LP,Energy Transfer Equity LP,ET,2019-09-30,SH,5857027.0,76610000.0,5852527.0,82404000.0,2.2438,0.8898,10,9,0.07689,addition,ENERGY,3779
APPALOOSA LP,Broadcom Ltd. (Avago Technologies),AVGO,2019-09-30,SH,275102.0,75947000.0,0.0,0.0,2.2244,,11,999999,,new,INFORMATION TECHNOLOGY,81122
APPALOOSA LP,Salesforce.com Inc.,CRM,2019-09-30,SH,500000.0,74220000.0,500000.0,75865000.0,2.1738,0.8192,12,11,0.0,,INFORMATION TECHNOLOGY,6241
APPALOOSA LP,Alerian MLP ETF- ,AMLP,2019-09-30,SH,1310000.0,59867000.0,1310000.0,64518000.0,1.7534,0.6967,13,13,0.0,,FINANCE,92641
APPALOOSA LP,Adobe Systems Inc.,ADBE,2019-09-30,SH,205000.0,56631000.0,112000.0,33001000.0,1.6587,0.3564,14,19,83.035714,addition,INFORMATION TECHNOLOGY,4294
APPALOOSA LP,T-Mobile US Inc,TMUS,2019-09-30,SH,700000.0,55139000.0,700000.0,51898000.0,1.615,0.5604,15,14,0.0,,UTILITIES AND TELECOMMUNICATIONS,140861
APPALOOSA LP,UnitedHealth Group Inc.,UNH,2019-09-30,SH,250000.0,54330000.0,335000.0,81743000.0,1.5913,0.8827,16,10,-25.373134,reduction,HEALTH CARE,153
APPALOOSA LP,Vistra Energy Corp,VST,2019-09-30,SH,1719100.0,45952000.0,1719100.0,38920000.0,1.3459,0.4203,17,15,0.0,,ENERGY,198258
APPALOOSA LP,Caesars Entertainment Corp (delisted after merger with Eldorado,CZR,2019-09-30,PRN,20000000.0,34516000.0,20000000.0,34534000.0,1.0109,0.3729,18,18,0.0,,CONSUMER DISCRETIONARY,118982
APPALOOSA LP,Cheniere Energy Inc,LNG,2019-09-30,SH,410000.0,25855000.0,410000.0,28065000.0,0.7573,0.3031,19,20,0.0,,ENERGY,6901
APPALOOSA LP,SPDR(R) S&P(R) Oil & Gas Exploration & Production ETF-SPDR(R) S&P(R) Oil & Gas Exploration & Production ETF,XOP,2019-09-30,SH,275000.0,24596000.0,325000.0,35425000.0,0.7204,0.3825,20,16,-15.384615,reduction,ENERGY,8230
APPALOOSA LP,Humana Inc.,HUM,2019-09-30,SH,75000.0,19175000.0,95391.0,25307000.0,0.5616,0.2733,21,21,-21.37623,reduction,HEALTH CARE,417
APPALOOSA LP,Boeing Company,BA,2019-09-30,SH,30000.0,11414000.0,0.0,0.0,0.3343,,22,999999,,new,INDUSTRIALS,210
APPALOOSA LP,Clearway Energy Inc,CWEN,2019-09-30,SH,597295.0,10901000.0,700200.0,11805000.0,0.3193,0.1275,23,22,-14.696515,reduction,UTILITIES AND TELECOMMUNICATIONS,178061
APPALOOSA LP,Mr Cooper Group Inc,COOP,2019-09-30,SH,652500.0,6930000.0,1290000.0,10333000.0,0.203,0.1116,24,24,-49.418605,reduction,FINANCE,120623
APPALOOSA LP,Clearway Energy Inc Class A,CWEN.A,2019-09-30,SH,174962.0,3034000.0,210200.0,3401000.0,0.0889,0.0367,25,27,-16.764034,reduction,UTILITIES AND TELECOMMUNICATIONS,154170
APPALOOSA LP,Invesco QQQ Trust Series 1,QQQ,2019-09-30,CALL,0.0,0.0,8261400.0,1542734000.0,,16.6589,999999,2,-100.0,soldall,FINANCE,4193
APPALOOSA LP,SPDR S&P 500 ETF TRUST,SPY,2019-09-30,CALL,0.0,0.0,18206800.0,5334592000.0,,57.6046,999999,1,-100.0,soldall,FINANCE,3962
APPALOOSA LP,Centene Corp,CNC,2019-09-30,SH,0.0,0.0,127815.0,6703000.0,,0.0724,999999,25,-100.0,soldall,HEALTH CARE,623
APPALOOSA LP,Intelsat SA,INTEQ,2019-09-30,SH,0.0,0.0,592000.0,11514000.0,,0.1243,999999,23,-100.0,soldall,COMMUNICATIONS,154079
APPALOOSA LP,QUALCOMM Inc.,QCOM,2019-09-30,CALL,0.0,0.0,75000.0,5705000.0,,0.0616,999999,26,-100.0,soldall,INFORMATION TECHNOLOGY,273
