Filer Name,Stock Name,Stock Ticker,Quarter Date,Type of Security,Current Shares Held,Current Market Value,Previous Shares Held,Previous Market Value,Current % of Portfolio,Previous % of Portfolio,Current Rank,Previous Rank,Change in Shares,Type of Change,Sector,stock_id
APPALOOSA LP,Allergan Plc,AGN,2017-06-30,SH,2509619.0,610063000.0,2937121.0,701737000.0,9.0486,11.5281,1,1,-14.555137,reduction,HEALTH CARE,138708
APPALOOSA LP,Alphabet Inc. Class C,GOOG,2017-06-30,SH,11700000.0,531607000.0,9500000.0,394041000.0,7.8849,6.4733,2,4,23.157895,addition,COMMUNICATIONS,166886
APPALOOSA LP,Alibaba Group Holding Ltd ADR,BABA,2017-06-30,SH,3693918.0,520473000.0,0.0,0.0,7.7198,,3,999999,,new,COMMUNICATIONS,173707
APPALOOSA LP,Micron Technology Inc.,MU,2017-06-30,SH,12900000.0,385194000.0,6690000.0,193341000.0,5.7133,3.1762,4,9,92.825112,addition,INFORMATION TECHNOLOGY,488
APPALOOSA LP,Williams Partners L.P.,WPZ,2017-06-30,SH,9182449.0,368308000.0,9966502.0,406932000.0,5.4629,6.6851,5,3,-7.866882,reduction,ENERGY,743
APPALOOSA LP,Meta Platforms Inc,META,2017-06-30,SH,2356218.0,355742000.0,1907350.0,270939000.0,5.2765,4.451,6,6,23.533594,addition,COMMUNICATIONS,123861
APPALOOSA LP,Energy Transfer Equity LP,ETP,2017-06-30,SH,14841247.0,302613000.0,0.0,0.0,4.4884,,7,999999,,new,ENERGY,3791
APPALOOSA LP,Altaba Inc. (Yahoo),AABA,2017-06-30,SH,5129051.0,279431000.0,2200000.0,102102000.0,4.1446,1.6773,8,22,133.138682,addition,FINANCE,2412
APPALOOSA LP,Invesco QQQ Trust Series 1,QQQ,2017-06-30,SH,1815500.0,249885000.0,0.0,0.0,3.7064,,9,999999,,new,FINANCE,4193
APPALOOSA LP,Western Digital Corp,WDC,2017-06-30,SH,2570000.0,227702000.0,1300000.0,107289000.0,3.3773,1.7625,10,20,97.692308,addition,INFORMATION TECHNOLOGY,961
APPALOOSA LP,PNC Financial Services Group Inc. (The) (Provident National Trust Co.),PNC,2017-06-30,SH,1782033.0,222522000.0,1950973.0,234585000.0,3.3005,3.8538,11,7,-8.659269,reduction,FINANCE,3649
APPALOOSA LP,Bank of America Corp. (North Carolina National Bank),BAC,2017-06-30,SH,8782641.0,213067000.0,8782641.0,207183000.0,3.1603,3.4036,12,8,0.0,,FINANCE,205
APPALOOSA LP,Owens Corning Inc,OC,2017-06-30,SH,2498972.0,167231000.0,2610486.0,160206000.0,2.4804,2.6319,13,12,-4.271772,reduction,INDUSTRIALS,890
APPALOOSA LP,Allstate Corp (The),ALL,2017-06-30,SH,1700300.0,150375000.0,1856203.0,151262000.0,2.2304,2.4849,14,13,-8.399027,reduction,FINANCE,365
APPALOOSA LP,Huntsman Corp,HUN,2017-06-30,SH,5359579.0,138492000.0,5565360.0,136574000.0,2.0542,2.2436,15,14,-3.697533,reduction,MATERIALS,2568
APPALOOSA LP,United Rentals Inc.,URI,2017-06-30,SH,1154763.0,130153000.0,703117.0,87925000.0,1.9305,1.4444,16,23,64.234829,addition,INDUSTRIALS,324
APPALOOSA LP,Mohawk Industries Inc.,MHK,2017-06-30,SH,463719.0,112076000.0,563596.0,129340000.0,1.6623,2.1248,17,15,-17.721382,reduction,CONSUMER DISCRETIONARY,5137
APPALOOSA LP,TerraForm Power Inc,TERP,2017-06-30,SH,8708708.0,104504000.0,8708708.0,107727000.0,1.55,1.7697,18,19,0.0,,ENERGY,171201
APPALOOSA LP,Atlantica Sustainable Infrastr PLC,AY,2017-06-30,SH,4700000.0,100392000.0,5189866.0,108780000.0,1.489,1.787,19,18,-9.438895,reduction,UTILITIES AND TELECOMMUNICATIONS,168136
APPALOOSA LP,Apple Inc,AAPL,2017-06-30,SH,2500000.0,90013000.0,1200000.0,43098000.0,1.3351,0.708,20,34,108.333333,addition,INFORMATION TECHNOLOGY,195
APPALOOSA LP,UnitedHealth Group Inc.,UNH,2017-06-30,SH,467000.0,86591000.0,300000.0,49203000.0,1.2843,0.8083,21,31,55.666667,addition,HEALTH CARE,153
APPALOOSA LP,Centene Corp,CNC,2017-06-30,SH,1928794.0,77036000.0,2349194.0,83702000.0,1.1426,1.3751,22,24,-17.895499,reduction,HEALTH CARE,623
APPALOOSA LP,Kinder Morgan Inc. (DE),KMI,2017-06-30,SH,3942996.0,75548000.0,5267996.0,114526000.0,1.1205,1.8814,23,17,-25.151879,reduction,UTILITIES AND TELECOMMUNICATIONS,111456
APPALOOSA LP,Whirlpool Corp. (DE),WHR,2017-06-30,SH,390318.0,74793000.0,481938.0,82570000.0,1.1094,1.3565,24,26,-19.010744,reduction,CONSUMER DISCRETIONARY,476
APPALOOSA LP,iShares Biotechnology ETF-iShares Biotechnology ETF,IBB,2017-06-30,SH,705000.0,72869000.0,0.0,0.0,1.0808,,25,999999,,new,HEALTH CARE,3472
APPALOOSA LP,Dollar General Corp.,DG,2017-06-30,SH,935178.0,67417000.0,0.0,0.0,0.9999,,26,999999,,new,CONSUMER DISCRETIONARY,85548
APPALOOSA LP,General Motors Co,GM,2017-06-30,SH,1900000.0,66367000.0,5181277.0,183210000.0,0.9844,3.0098,27,10,-63.329504,reduction,CONSUMER DISCRETIONARY,107357
APPALOOSA LP,Paramount Global,PARA,2017-06-30,SH,1032836.0,65874000.0,1044381.0,72438000.0,0.9771,1.19,28,28,-1.105439,reduction,COMMUNICATIONS,2509
APPALOOSA LP,Thermo Fisher Scientific Inc.,TMO,2017-06-30,SH,375000.0,65426000.0,160000.0,24576000.0,0.9704,0.4037,29,43,134.375,addition,HEALTH CARE,468
APPALOOSA LP,Summit Materials Inc,SUM,2017-06-30,SH,2285336.84,63979000.0,2646719.76,63419000.0,0.949,1.0418,30,30,-13.653993,reduction,INDUSTRIALS,176547
APPALOOSA LP,Boston Scientific Inc.,BSX,2017-06-30,SH,2264900.0,62783000.0,3340000.0,83066000.0,0.9312,1.3646,31,25,-32.188623,reduction,HEALTH CARE,379
APPALOOSA LP,Stryker Corp.,SYK,2017-06-30,SH,445000.0,61757000.0,0.0,0.0,0.916,,32,999999,,new,HEALTH CARE,282
APPALOOSA LP,Energy Transfer Equity LP,ET,2017-06-30,SH,2845000.0,51096000.0,0.0,0.0,0.7579,,33,999999,,new,ENERGY,3779
APPALOOSA LP,Kennametal Inc.,KMT,2017-06-30,SH,1328824.0,49725000.0,1005758.0,39456000.0,0.7375,0.6482,34,37,32.121644,addition,INDUSTRIALS,5117
APPALOOSA LP,Bath & Body Works Inc (L Brands),BBWI,2017-06-30,SH,1033627.3,45030000.0,0.0,0.0,0.6679,,35,999999,,new,CONSUMER DISCRETIONARY,1043
APPALOOSA LP,Delta Air Lines Inc.,DAL,2017-06-30,SH,832438.0,44735000.0,639000.0,29368000.0,0.6635,0.4825,36,39,30.271987,addition,TRANSPORTS,2421
APPALOOSA LP,Southwest Airlines Co.,LUV,2017-06-30,SH,621604.0,38626000.0,3088076.0,166015000.0,0.5729,2.7273,37,11,-79.870832,reduction,TRANSPORTS,458
APPALOOSA LP,Wells Fargo & Co.  (Northwest Bancorporation),WFC,2017-06-30,SH,681463.0,37760000.0,0.0,0.0,0.5601,,38,999999,,new,FINANCE,309
APPALOOSA LP,CEMEX S.A. de C.V. Series A (Sponsored ADR) ADR,CX,2017-06-30,SH,3990309.0,37589000.0,0.0,0.0,0.5575,,39,999999,,new,MATERIALS,5509
APPALOOSA LP,Hain Celestial Group,HAIN,2017-06-30,SH,922228.0,35801000.0,774169.0,28799000.0,0.531,0.4731,40,40,19.124894,addition,CONSUMER STAPLES,5096
APPALOOSA LP,The Health Care Select Sector SPDR Fund-,XLV,2017-06-30,SH,425000.0,33677000.0,0.0,0.0,0.4995,,41,999999,,new,HEALTH CARE,5961
APPALOOSA LP,Activision Blizzard Inc,ATVI,2017-06-30,SH,525000.0,30224000.0,0.0,0.0,0.4483,,42,999999,,new,INFORMATION TECHNOLOGY,11336
APPALOOSA LP,Expedia Group Inc,EXPE,2017-06-30,SH,200000.0,29790000.0,0.0,0.0,0.4419,,43,999999,,new,CONSUMER DISCRETIONARY,936
APPALOOSA LP,SPDR(R) S&P(R) Biotech ETF-SPDR(R) S&P(R) Biotech ETF,XBI,2017-06-30,SH,330000.0,25469000.0,0.0,0.0,0.3778,,44,999999,,new,HEALTH CARE,7595
APPALOOSA LP,Peabody Energy Corp,BTU,2017-06-30,SH,1009279.0,24677000.0,0.0,0.0,0.366,,45,999999,,new,ENERGY,198743
APPALOOSA LP,Ally Financial Inc,ALLY,2017-06-30,SH,1097824.0,22945000.0,0.0,0.0,0.3403,,46,999999,,new,FINANCE,164759
APPALOOSA LP,NRG Energy Inc,NRG,2017-06-30,SH,1250000.0,21525000.0,0.0,0.0,0.3193,,47,999999,,new,UTILITIES AND TELECOMMUNICATIONS,4138
APPALOOSA LP,Chesapeake Energy Corp,CHKAQ,2017-06-30,SH,17830.0,17723000.0,0.0,0.0,0.2629,,48,999999,,new,ENERGY,3533
APPALOOSA LP,Southwestern Energy Co.,SWN,2017-06-30,SH,2540948.0,15449000.0,0.0,0.0,0.2291,,49,999999,,new,ENERGY,3900
APPALOOSA LP,HCA Healthcare Inc,HCA,2017-06-30,SH,167711.0,14624000.0,487711.0,43401000.0,0.2169,0.713,50,33,-65.612627,reduction,HEALTH CARE,111617
APPALOOSA LP,Antero Resources Corp,AR,2017-06-30,SH,500000.0,10805000.0,0.0,0.0,0.1603,,51,999999,,new,ENERGY,162818
APPALOOSA LP,Rio Tinto plc (NYSE) ADR,RIO,2017-06-30,SH,238276.0,10081000.0,395143.0,16074000.0,0.1495,0.2641,52,45,-39.698793,reduction,MATERIALS,5515
APPALOOSA LP,Aerie Pharmaceuticals Inc,AERI,2017-06-30,SH,189799.0,9974000.0,0.0,0.0,0.1479,,53,999999,,new,HEALTH CARE,163708
APPALOOSA LP,Mr Cooper Group Inc,COOP,2017-06-30,SH,633080.0,9500000.0,633080.0,11020000.0,0.1409,0.181,54,49,0.0,,FINANCE,120623
APPALOOSA LP,Range Resources Corp.,RRC,2017-06-30,SH,400000.0,9268000.0,0.0,0.0,0.1375,,55,999999,,new,ENERGY,3656
APPALOOSA LP,Nucor Corp. (Nuclear Corp. of America),NUE,2017-06-30,SH,143254.0,8290000.0,542714.0,32411000.0,0.123,0.5324,56,38,-73.604145,reduction,MATERIALS,2750
APPALOOSA LP,Hain Celestial Group,HAIN,2017-06-30,CALL,117300.0,4554000.0,0.0,0.0,0.0675,,57,999999,,new,CONSUMER STAPLES,5096
APPALOOSA LP,Kayne Anderson Energy Infrastructure Fund Inc.,KYN,2017-06-30,SH,150000.0,2827000.0,641989.0,13482000.0,0.0419,0.2215,58,48,-76.635114,reduction,MUTUAL FUND,421
APPALOOSA LP,AK Steel Holding Corp.,AKS,2017-06-30,SH,0.0,0.0,534327.0,3842000.0,,0.0631,999999,50,-100.0,soldall,MATERIALS,602
APPALOOSA LP,Viatris Inc,VTRS,2017-06-30,SH,0.0,0.0,1900000.0,74081000.0,,1.217,999999,27,-100.0,soldall,HEALTH CARE,506
APPALOOSA LP,Gen Digital Inc,GEN,2017-06-30,SH,0.0,0.0,1550000.0,47554000.0,,0.7812,999999,32,-100.0,soldall,INFORMATION TECHNOLOGY,466
APPALOOSA LP,Pfizer Inc.,PFE,2017-06-30,SH,0.0,0.0,3184134.0,103348000.0,,1.6978,999999,21,-100.0,soldall,HEALTH CARE,265
APPALOOSA LP,TerraForm Global Inc,GLBL,2017-06-30,SH,0.0,0.0,3847657.0,18469000.0,,0.3034,999999,44,-100.0,soldall,ENERGY,190434
APPALOOSA LP,Snap Inc Class A,SNAP,2017-06-30,SH,0.0,0.0,100000.0,2253000.0,,0.037,999999,52,-100.0,soldall,UTILITIES AND TELECOMMUNICATIONS,198512
APPALOOSA LP,McKesson Corp.,MCK,2017-06-30,SH,0.0,0.0,100000.0,14826000.0,,0.2436,999999,47,-100.0,soldall,HEALTH CARE,252
APPALOOSA LP,Kinder Morgan Inc. (DE) Warrant,KMI-W1,2017-06-30,SH,0.0,0.0,793836.0,2000.0,,0.0,999999,53,-100.0,soldall,ENERGY,123164
APPALOOSA LP,Goodyear Tire and Rubber Co.,GT,2017-06-30,SH,0.0,0.0,75951.0,2734000.0,,0.0449,999999,51,-100.0,soldall,CONSUMER DISCRETIONARY,3609
APPALOOSA LP,Alerian MLP ETF- ,AMLP,2017-06-30,SH,0.0,0.0,421716.4,26800000.0,,0.4403,999999,41,-100.0,soldall,FINANCE,92641
APPALOOSA LP,Charter Communications Inc,CHTR,2017-06-30,SH,0.0,0.0,129784.0,42481000.0,,0.6979,999999,35,-100.0,soldall,COMMUNICATIONS,87254
APPALOOSA LP,United States Steel Corp.,X,2017-06-30,SH,0.0,0.0,453339.0,15327000.0,,0.2518,999999,46,-100.0,soldall,MATERIALS,3679
APPALOOSA LP,Teva Pharmaceutical Industries Ltd ADR,TEVA,2017-06-30,SH,0.0,0.0,2175000.0,69796000.0,,1.1466,999999,29,-100.0,soldall,HEALTH CARE,3839
APPALOOSA LP,ArcelorMittal S.A.  Sponsored ADR,MT,2017-06-30,SH,0.0,0.0,1661652.48,41629000.0,,0.6839,999999,36,-100.0,soldall,MATERIALS,6814
APPALOOSA LP,Energy Transfer Partners LP - delisted from merger,ETP,2017-06-30,SH,0.0,0.0,17942763.0,436846000.0,,7.1765,999999,2,-100.0,soldall,ENERGY,3951
APPALOOSA LP,SPDR S&P 500 ETF TRUST,SPY,2017-06-30,CALL,0.0,0.0,1500000.0,353610000.0,,5.8091,999999,5,-100.0,soldall,FINANCE,3962
APPALOOSA LP,United Airlines Holdings Inc,UAL,2017-06-30,SH,0.0,0.0,364615.0,25756000.0,,0.4231,999999,42,-100.0,soldall,TRANSPORTS,4204
APPALOOSA LP,Regions Financial Corp.  (Birmingham AL),RF,2017-06-30,SH,0.0,0.0,8811564.0,128032000.0,,2.1033,999999,16,-100.0,soldall,FINANCE,4906
