Filer Name,Stock Name,Stock Ticker,Quarter Date,Type of Security,Current Shares Held,Current Market Value,Previous Shares Held,Previous Market Value,Current % of Portfolio,Previous % of Portfolio,Current Rank,Previous Rank,Change in Shares,Type of Change,Sector,stock_id
APPALOOSA LP,United States Steel Corp.,X,2004-12-31,SH,6707999.0,343785000.0,6300000.0,237006000.0,22.4777,24.5341,1,1,6.476175,addition,MATERIALS,3679
APPALOOSA LP,Massey Energy Company,MEE,2004-12-31,SH,6084895.0,212667000.0,5100000.0,147543000.0,13.9048,15.2732,2,2,19.311667,addition,ENERGY,684
APPALOOSA LP,WALTER ENERGY INC COM STK (DE),WLT,2004-12-31,SH,5800000.0,195634000.0,0.0,0.0,12.7912,,3,999999,,new,INDUSTRIALS,4979
APPALOOSA LP,PEABODY ENERGY CORP COM STK NEW,BTUUQ,2004-12-31,SH,462817.96,140355000.0,590455.08,131679000.0,9.1768,13.631,4,3,-21.616737,reduction,ENERGY,1025
APPALOOSA LP,International Steel Group Inc.,ISG,2004-12-31,SH,3306800.0,134124000.0,650000.0,21905000.0,8.7694,2.2675,5,8,408.738462,addition,MATERIALS,107241
APPALOOSA LP,Goodyear Tire and Rubber Co.,GT,2004-12-31,SH,5279200.0,77393000.0,0.0,0.0,5.0602,,6,999999,,new,CONSUMER DISCRETIONARY,3609
APPALOOSA LP,CNX Resources Corporation,CNX,2004-12-31,SH,1847463.0,75838000.0,1950000.0,68036000.0,4.9585,7.0429,7,6,-5.258308,reduction,ENERGY,1030
APPALOOSA LP,Virgin Media Inc,VMED,2004-12-31,SH,4000000.0,70320000.0,6493242.0,75451000.0,4.5977,7.8104,8,5,-38.397491,reduction,CONSUMER DISCRETIONARY,2410
APPALOOSA LP,ARCH COAL INC. (XNYS TO: XNAS),ACIIQ,2004-12-31,SH,345080.0,61321000.0,496360.0,88079000.0,4.0094,9.1176,9,4,-30.477879,reduction,ENERGY,4851
APPALOOSA LP,Sprint Corp,S,2004-12-31,SH,1549800.0,38513000.0,2000000.0,40260000.0,2.5181,4.1676,10,7,-22.51,reduction,UTILITIES AND TELECOMMUNICATIONS,461
APPALOOSA LP,RRI Energy Inc.,RRI,2004-12-31,SH,1500000.0,20475000.0,0.0,0.0,1.3387,,11,999999,,new,UTILITIES AND TELECOMMUNICATIONS,11468
APPALOOSA LP,Kindred Healthcare Inc Wts A 4/20/2006,KINDWTA,2004-12-31,SH,675000.0,18630000.0,675000.0,12191000.0,1.2181,1.262,12,13,0.0,,HEALTH CARE,102207
APPALOOSA LP,POPE & TALBOT INC,PTBTQ,2004-12-31,SH,1036900.0,17741000.0,1091400.0,19209000.0,1.16,1.9885,13,10,-4.993586,reduction,MATERIALS,5406
APPALOOSA LP,Beverly Enterprises Inc. (New),BEV,2004-12-31,SH,1862900.0,17046000.0,0.0,0.0,1.1145,,14,999999,,new,HEALTH CARE,98381
APPALOOSA LP,Lafarge North America Inc,LAF,2004-12-31,SH,301300.0,15463000.0,0.0,0.0,1.011,,15,999999,,new,MATERIALS,102345
APPALOOSA LP,Cleveland-Cliffs Inc,CLF,2004-12-31,SH,1187200.0,15413000.0,1864800.0,18851000.0,1.0077,1.9514,16,11,-36.336336,reduction,MATERIALS,768
APPALOOSA LP,Oregon Steel Mills,OS,2004-12-31,SH,721400.0,14637000.0,127000.0,2112000.0,0.957,0.2186,17,25,468.031496,addition,MATERIALS,103740
APPALOOSA LP,Phelps Dodge Corp.,PD,2004-12-31,SH,200000.0,9892000.0,0.0,0.0,0.6468,,18,999999,,new,MATERIALS,103873
APPALOOSA LP,POSCO Inc. ADR,PKX,2004-12-31,SH,194800.0,8674000.0,300000.0,11355000.0,0.5671,1.1754,19,14,-35.066667,reduction,MATERIALS,11429
APPALOOSA LP,Houston Exploration Co The,THX,2004-12-31,SH,150000.0,8447000.0,0.0,0.0,0.5523,,20,999999,,new,ENERGY,105742
APPALOOSA LP,NTL Inc. (New),NTLI,2004-12-31,SH,110882.0,8090000.0,351882.0,21841000.0,0.5289,2.2609,21,9,-68.488868,reduction,CONSUMER DISCRETIONARY,103474
APPALOOSA LP,Maverick Tube Corp.,MVK,2004-12-31,SH,240000.0,7272000.0,198000.0,6100000.0,0.4755,0.6315,22,18,21.212121,addition,ENERGY,103147
APPALOOSA LP,Pfizer Inc.,PFE,2004-12-31,SH,158100.0,4034000.0,0.0,0.0,0.2638,,23,999999,,new,HEALTH CARE,265
APPALOOSA LP,GATX Corporation (General American Tank - General American Transportation),GATX,2004-12-31,SH,135500.0,4005000.0,0.0,0.0,0.2619,,24,999999,,new,INDUSTRIALS,5089
APPALOOSA LP,Kindred Healthcare Inc *W Exp 0 Warrant,KINDW,2004-12-31,SH,125000.0,3869000.0,125000.0,2531000.0,0.253,0.262,25,24,0.0,, ,102206
APPALOOSA LP,Lone Star Technologies Inc.,LSS,2004-12-31,SH,106400.0,3560000.0,0.0,0.0,0.2328,,26,999999,,new,ENERGY,102552
APPALOOSA LP,NTL Inc Warrants,ntli-w1,2004-12-31,SH,237059.0,889000.0,240851.0,1240000.0,0.0581,0.1284,27,27,-1.574417,reduction, ,107363
APPALOOSA LP,Milacron Inc,MZIAQ,2004-12-31,SH,16390.0,556000.0,0.0,0.0,0.0364,,28,999999,,new,INDUSTRIALS,60271
APPALOOSA LP,International Steel Group Inc.,ISG,2004-12-31,CALL,1091.0,462000.0,0.0,0.0,0.0302,,29,999999,,new,MATERIALS,107241
APPALOOSA LP,RRI Energy Inc.,RRI,2004-12-31,CALL,2421.0,342000.0,0.0,0.0,0.0224,,30,999999,,new,UTILITIES AND TELECOMMUNICATIONS,11468
APPALOOSA LP,British Energy PLC,BGYNY,2004-12-31,SH,0.0,0.0,8800.0,171000.0,,0.0177,999999,28,-100.0,soldall,UTILITIES AND TELECOMMUNICATIONS,98422
APPALOOSA LP,Kerr-McGee Corp.,KMG,2004-12-31,SH,0.0,0.0,325000.0,9303000.0,,0.963,999999,15,-100.0,soldall,ENERGY,102229
APPALOOSA LP,Newfield Exploration Co. Inc,NFX,2004-12-31,SH,0.0,0.0,167204.6,1917000.0,,0.1984,999999,26,-100.0,soldall,ENERGY,5143
APPALOOSA LP,Devon Energy Corp.,DVN,2004-12-31,SH,0.0,0.0,375000.0,13314000.0,,1.3782,999999,12,-100.0,soldall,ENERGY,3594
APPALOOSA LP,Chesapeake Energy Corp,CHKAQ,2004-12-31,SH,0.0,0.0,2659.0,8418000.0,,0.8714,999999,16,-100.0,soldall,ENERGY,3533
APPALOOSA LP,Hess Corp,HES,2004-12-31,SH,0.0,0.0,187500.0,5563000.0,,0.5759,999999,19,-100.0,soldall,ENERGY,414
APPALOOSA LP,Apache Corp,APA,2004-12-31,SH,0.0,0.0,62500.0,3132000.0,,0.3242,999999,22,-100.0,soldall,ENERGY,373
APPALOOSA LP,Marathon Oil Corp. (1901) (old U.S. Steel),MRO,2004-12-31,SH,0.0,0.0,375000.0,7740000.0,,0.8012,999999,17,-100.0,soldall,ENERGY,249
APPALOOSA LP,Burlington Resources Inc.,BR,2004-12-31,SH,0.0,0.0,62500.0,2550000.0,,0.264,999999,23,-100.0,soldall,ENERGY,106918
APPALOOSA LP,ConocoPhillips (Phillips Petroleum),COP,2004-12-31,SH,0.0,0.0,125000.0,5178000.0,,0.536,999999,20,-100.0,soldall,ENERGY,218
APPALOOSA LP,Chevron Corp. (Standard Oil of California),CVX,2004-12-31,SH,0.0,0.0,62500.0,3353000.0,,0.3471,999999,21,-100.0,soldall,ENERGY,214
