Filer Name,Stock Name,Stock Ticker,Quarter Date,Type of Security,Current Shares Held,Current Market Value,Previous Shares Held,Previous Market Value,Current % of Portfolio,Previous % of Portfolio,Current Rank,Previous Rank,Change in Shares,Type of Change,Sector,stock_id
APPALOOSA LP,General Motors Co,GM,2015-09-30,SH,12885294.0,386817000.0,18796165.0,626476000.0,13.5074,15.5171,1,1,-31.447218,reduction,CONSUMER DISCRETIONARY,107357
APPALOOSA LP,HCA Healthcare Inc,HCA,2015-09-30,SH,3553537.0,274902000.0,4184525.0,379620000.0,9.5994,9.4028,2,2,-15.079083,reduction,HEALTH CARE,111617
APPALOOSA LP,Delta Air Lines Inc.,DAL,2015-09-30,SH,6077033.0,272676000.0,4269511.0,175392000.0,9.5217,4.3443,3,9,42.335574,addition,TRANSPORTS,2421
APPALOOSA LP,NXP Semiconductors N.V.,NXPI,2015-09-30,SH,2294123.0,199749000.0,1662609.0,163268000.0,6.9751,4.044,4,10,37.983314,addition,INFORMATION TECHNOLOGY,92604
APPALOOSA LP,Goodyear Tire and Rubber Co.,GT,2015-09-30,SH,5929089.0,173900000.0,9987416.0,301121000.0,6.0725,7.4584,5,4,-40.634404,reduction,CONSUMER DISCRETIONARY,3609
APPALOOSA LP,Whirlpool Corp. (DE),WHR,2015-09-30,SH,1133693.0,166948000.0,1110293.0,192136000.0,5.8297,4.759,6,6,2.107552,addition,CONSUMER DISCRETIONARY,476
APPALOOSA LP,Apple Inc,AAPL,2015-09-30,SH,5236000.0,144383000.0,10072668.0,315841000.0,5.0418,7.823,7,3,-48.017745,reduction,INFORMATION TECHNOLOGY,195
APPALOOSA LP,Owens Corning Inc,OC,2015-09-30,SH,3359738.0,140807000.0,3594114.0,148257000.0,4.9169,3.6722,8,11,-6.521106,reduction,INDUSTRIALS,890
APPALOOSA LP,Booking Holdings Inc. (Priceline),BKNG,2015-09-30,SH,98000.0,121212000.0,229539.0,264284000.0,4.2326,6.546,9,5,-57.30573,reduction,CONSUMER DISCRETIONARY,4288
APPALOOSA LP,JetBlue Airways Corp,JBLU,2015-09-30,SH,4494750.0,115830000.0,4947994.0,102720000.0,4.0447,2.5443,10,13,-9.160157,reduction,TRANSPORTS,994
APPALOOSA LP,Alphabet Inc. Class C,GOOG,2015-09-30,SH,3733000.0,113562000.0,6981100.0,181687000.0,3.9655,4.5002,11,7,-46.527052,reduction,COMMUNICATIONS,166886
APPALOOSA LP,Huntsman Corp,HUN,2015-09-30,SH,8037950.0,77888000.0,8082950.0,178391000.0,2.7198,4.4186,12,8,-0.556727,reduction,MATERIALS,2568
APPALOOSA LP,HD Supply Holdings Inc,HDS,2015-09-30,SH,2268416.0,64922000.0,2505127.0,88130000.0,2.267,2.1829,13,14,-9.449062,reduction,INDUSTRIALS,153911
APPALOOSA LP,Southwest Airlines Co.,LUV,2015-09-30,SH,1636300.0,62245000.0,0.0,0.0,2.1736,,14,999999,,new,TRANSPORTS,458
APPALOOSA LP,Eagle Materials Inc.,EXP,2015-09-30,SH,774637.0,53001000.0,0.0,0.0,1.8508,,15,999999,,new,MATERIALS,2704
APPALOOSA LP,Eastman Chemical Co.,EMN,2015-09-30,SH,782729.0,50658000.0,860729.0,70425000.0,1.7689,1.7444,16,16,-9.062086,reduction,MATERIALS,4327
APPALOOSA LP,United Rentals Inc.,URI,2015-09-30,SH,834046.0,50084000.0,599046.0,52488000.0,1.7489,1.3001,17,21,39.229041,addition,INDUSTRIALS,324
APPALOOSA LP,Chicago Bridge & Iron Co. NV,CBI,2015-09-30,SH,1254461.0,49752000.0,1201848.0,60140000.0,1.7373,1.4896,18,19,4.377675,addition,INDUSTRIALS,5454
APPALOOSA LP,NIKE Inc.,NKE,2015-09-30,PUT,719000.0,44208000.0,0.0,0.0,1.5437,,19,999999,,new,CONSUMER DISCRETIONARY,4000
APPALOOSA LP,Mr Cooper Group Inc,COOP,2015-09-30,SH,1407975.33,43608000.0,0.0,0.0,1.5228,,20,999999,,new,FINANCE,120623
APPALOOSA LP,Allstate Corp (The),ALL,2015-09-30,SH,625084.0,36405000.0,0.0,0.0,1.2712,,21,999999,,new,FINANCE,365
APPALOOSA LP,Triumph Group Inc.,TGI,2015-09-30,SH,841494.0,35410000.0,832270.0,54921000.0,1.2365,1.3603,22,20,1.108294,addition,INDUSTRIALS,5484
APPALOOSA LP,Trane Technologies Plc,TT,2015-09-30,SH,689566.0,35009000.0,0.0,0.0,1.2225,,23,999999,,new,INDUSTRIALS,3496
APPALOOSA LP,Terex Corp. (Northwest Engineering Co.),TEX,2015-09-30,SH,1653306.0,29660000.0,1603306.0,37277000.0,1.0357,0.9233,24,24,3.118556,addition,INDUSTRIALS,11360
APPALOOSA LP,USG Corp. (United States Gypsum),USG,2015-09-30,SH,1086065.0,28911000.0,1748284.0,48585000.0,1.0096,1.2034,25,22,-37.878228,reduction,CONSUMER DISCRETIONARY,4059
APPALOOSA LP,United Airlines Holdings Inc,UAL,2015-09-30,SH,471243.0,24999000.0,1516876.0,80410000.0,0.8729,1.9917,26,15,-68.933321,reduction,TRANSPORTS,4204
APPALOOSA LP,Ryland Group Inc.,RYL,2015-09-30,SH,595842.0,24328000.0,735809.0,34119000.0,0.8495,0.8451,27,25,-19.022192,reduction,CONSUMER DISCRETIONARY,3503
APPALOOSA LP,Viatris Inc,VTRS,2015-09-30,SH,470071.0,18925000.0,989528.0,67149000.0,0.6608,1.6632,28,17,-52.495432,reduction,HEALTH CARE,506
APPALOOSA LP,KBR Inc,KBR,2015-09-30,SH,526787.0,8776000.0,1645802.0,32060000.0,0.3065,0.7941,29,28,-67.992079,reduction,INDUSTRIALS,3898
APPALOOSA LP,SPDR S&P 500 ETF TRUST,SPY,2015-09-30,SH,22854.0,4380000.0,22854.0,4704000.0,0.1529,0.1165,30,32,0.0,,FINANCE,3962
APPALOOSA LP,GENERAL MOTORS COMPANY WARRANT (EXPIRES 07/10/2016),GM-WTA,2015-09-30,SH,190011.0,3872000.0,190011.0,4517000.0,0.1352,0.1119,31,33,0.0,,CONSUMER DISCRETIONARY,112619
APPALOOSA LP,Axiall Corporation,AXLL,2015-09-30,SH,216883.0,3403000.0,895091.0,32268000.0,0.1188,0.7992,32,27,-75.769726,reduction,MATERIALS,525
APPALOOSA LP,General Motors Co Warrant B,GM.WS1,2015-09-30,SH,190011.0,2512000.0,190011.0,3050000.0,0.0877,0.0755,33,34,0.0,,CONSUMER DISCRETIONARY,112620
APPALOOSA LP,Alibaba Group Holding Ltd ADR,BABA,2015-09-30,SH,0.0,0.0,1360000.0,111887000.0,,2.7713,999999,12,-100.0,soldall,COMMUNICATIONS,173707
APPALOOSA LP,Mohawk Industries Inc.,MHK,2015-09-30,SH,0.0,0.0,201807.0,38525000.0,,0.9542,999999,23,-100.0,soldall,CONSUMER DISCRETIONARY,5137
APPALOOSA LP,Regions Financial Corp.  (Birmingham AL),RF,2015-09-30,SH,0.0,0.0,3035477.0,31448000.0,,0.7789,999999,29,-100.0,soldall,FINANCE,4906
APPALOOSA LP,Lennar Corp. Class A,LEN,2015-09-30,SH,0.0,0.0,620357.8,31134000.0,,0.7712,999999,30,-100.0,soldall,CONSUMER DISCRETIONARY,4889
APPALOOSA LP,D.R. Horton Inc.,DHI,2015-09-30,SH,0.0,0.0,1080898.0,29573000.0,,0.7325,999999,31,-100.0,soldall,CONSUMER DISCRETIONARY,4864
APPALOOSA LP,Masco Corp.,MAS,2015-09-30,SH,0.0,0.0,2354832.0,62803000.0,,1.5556,999999,18,-100.0,soldall,INDUSTRIALS,2834
APPALOOSA LP,Bank of America Corp. (North Carolina National Bank),BAC,2015-09-30,SH,0.0,0.0,1910000.0,32508000.0,,0.8052,999999,26,-100.0,soldall,FINANCE,205
