Filer Name,Stock Name,Stock Ticker,Quarter Date,Type of Security,Current Shares Held,Current Market Value,Previous Shares Held,Previous Market Value,Current % of Portfolio,Previous % of Portfolio,Current Rank,Previous Rank,Change in Shares,Type of Change,Sector,stock_id
APPALOOSA LP,Oracle Corp,ORCL,2006-06-30,SH,25000000.0,362250000.0,35250000.0,482573000.0,20.6658,37.3589,1,1,-29.078014,reduction,INFORMATION TECHNOLOGY,20
APPALOOSA LP,Micron Technology Inc.,MU,2006-06-30,SH,19286836.0,290460000.0,0.0,0.0,16.5703,,2,999999,,new,INFORMATION TECHNOLOGY,488
APPALOOSA LP,Microsoft Corp.,MSFT,2006-06-30,SH,9150000.0,213195000.0,9500000.0,258495000.0,12.1624,20.0117,3,2,-3.684211,reduction,INFORMATION TECHNOLOGY,178
APPALOOSA LP,Applied Materials Inc.,AMAT,2006-06-30,SH,11564700.0,188273000.0,0.0,0.0,10.7407,,4,999999,,new,INFORMATION TECHNOLOGY,918
APPALOOSA LP,Texas Instruments Inc.,TXN,2006-06-30,SH,3622900.0,109738000.0,0.0,0.0,6.2604,,5,999999,,new,INFORMATION TECHNOLOGY,128
APPALOOSA LP,Goodyear Tire and Rubber Co.,GT,2006-06-30,SH,8855000.0,98291000.0,0.0,0.0,5.6073,,6,999999,,new,CONSUMER DISCRETIONARY,3609
APPALOOSA LP,Cisco Systems Inc.,CSCO,2006-06-30,SH,4750000.0,92768000.0,10125000.0,219409000.0,5.2923,16.9858,7,3,-53.08642,reduction,INFORMATION TECHNOLOGY,215
APPALOOSA LP,Merrill Lynch & Co. Inc. Semiconductor HOLDRS Trust Depositary Receipts,SMHYL,2006-06-30,SH,1800000.0,59238000.0,0.0,0.0,3.3794,,8,999999,,new,FINANCE,6520
APPALOOSA LP,International Business Machines Corp.,IBM,2006-06-30,SH,700100.0,53782000.0,321900.0,26547000.0,3.0682,2.0552,9,7,117.489904,addition,INFORMATION TECHNOLOGY,237
APPALOOSA LP,American Electric Power Company Inc,AEP,2006-06-30,SH,1415742.0,48489000.0,3089417.0,105102000.0,2.7662,8.1366,10,4,-54.174461,reduction,UTILITIES AND TELECOMMUNICATIONS,367
APPALOOSA LP,Gen Digital Inc,GEN,2006-06-30,SH,3061500.0,47576000.0,748200.0,12592000.0,2.7141,0.9748,11,10,309.182037,addition,INFORMATION TECHNOLOGY,466
APPALOOSA LP,KLA Corp,KLAC,2006-06-30,SH,1000000.0,41570000.0,0.0,0.0,2.3715,,12,999999,,new,INFORMATION TECHNOLOGY,4888
APPALOOSA LP,Lam Research Corp.,LRCX,2006-06-30,SH,783000.0,36582000.0,0.0,0.0,2.0869,,13,999999,,new,INFORMATION TECHNOLOGY,2661
APPALOOSA LP,ASML Holding NV (ADR),ASML,2006-06-30,SH,587117.62,17345000.0,0.0,0.0,0.9895,,14,999999,,new,INFORMATION TECHNOLOGY,5673
APPALOOSA LP,RF MICRO DEVICES INC,RFMD,2006-06-30,SH,612500.0,14627000.0,0.0,0.0,0.8344,,15,999999,,new,INFORMATION TECHNOLOGY,1000
APPALOOSA LP,Sea Containers Ltd Class A,SCRA,2006-06-30,SH,2960000.0,14060000.0,0.0,0.0,0.8021,,16,999999,,new,HEALTH CARE,5777
APPALOOSA LP,Teradyne Inc,TER,2006-06-30,SH,899900.0,12536000.0,0.0,0.0,0.7152,,17,999999,,new,INFORMATION TECHNOLOGY,959
APPALOOSA LP,Mirant Corp. (New),MIRKQ,2006-06-30,SH,400000.0,10720000.0,1337086.0,33427000.0,0.6116,2.5878,18,6,-70.084198,reduction,UTILITIES AND TELECOMMUNICATIONS,887
APPALOOSA LP,Novellus Systems Inc.,NVLS,2006-06-30,SH,400000.0,9880000.0,0.0,0.0,0.5636,,19,999999,,new,INFORMATION TECHNOLOGY,953
APPALOOSA LP,Massey Energy Company,MEE,2006-06-30,SH,225000.0,8100000.0,723300.0,26089000.0,0.4621,2.0197,20,8,-68.892576,reduction,ENERGY,684
APPALOOSA LP,HUDSON CITY BANCORP INC,HCBK,2006-06-30,SH,420518.0,5606000.0,450000.0,5981000.0,0.3198,0.463,21,15,-6.551556,reduction,FINANCE,3615
APPALOOSA LP,CF Industries Holdings Inc,CF,2006-06-30,SH,1200000.0,3422000.0,2037000.0,6922000.0,0.1952,0.5359,22,13,-41.089838,reduction,MATERIALS,4
APPALOOSA LP,POPE & TALBOT INC,PTBTQ,2006-06-30,SH,500000.0,3115000.0,564568.0,3839000.0,0.1777,0.2972,23,16,-11.436709,reduction,MATERIALS,5406
APPALOOSA LP,ALPHA NATURAL RESOURCES INC.,ANRZQ,2006-06-30,SH,150000.0,2943000.0,404800.0,9367000.0,0.1679,0.7252,24,12,-62.944664,reduction,ENERGY,2763
APPALOOSA LP,Williams Cos. (The),WMB,2006-06-30,SH,106000.0,2476000.0,76000.0,1626000.0,0.1413,0.1259,25,17,39.473684,addition,ENERGY,532
APPALOOSA LP,Motorola Solutions Inc,MSI,2006-06-30,SH,14304.29,2017000.0,314380.0,50402000.0,0.1151,3.9019,26,5,-95.45,reduction,INFORMATION TECHNOLOGY,433
APPALOOSA LP,ChipMOS Technologies Inc,IMOS,2006-06-30,SH,49436.63,1088000.0,13361.25,358000.0,0.0621,0.0277,27,23,270.000037,addition,INFORMATION TECHNOLOGY,4946
APPALOOSA LP,Microsoft Corp.,MSFT,2006-06-30,CALL,175000.0,875000.0,20000.0,500000.0,0.0499,0.0387,28,22,775.0,addition,INFORMATION TECHNOLOGY,178
APPALOOSA LP,Pioneer Companies Inc,PONR,2006-06-30,SH,30497.0,832000.0,0.0,0.0,0.0475,,29,999999,,new,MATERIALS,104119
APPALOOSA LP,WALTER ENERGY INC COM STK (DE),WLT,2006-06-30,SH,10000.0,577000.0,0.0,0.0,0.0329,,30,999999,,new,INDUSTRIALS,4979
APPALOOSA LP,Dendrite International,DRTE,2006-06-30,SH,23364.0,215000.0,25000.0,341000.0,0.0123,0.0264,31,24,-6.544,reduction,HEALTH CARE,99935
APPALOOSA LP,NTL Inc Warrants,ntli-w1,2006-06-30,SH,237059.0,149000.0,237059.0,119000.0,0.0085,0.0092,32,25,0.0,, ,107363
APPALOOSA LP,Sea Containers Ltd Class B,SCRB,2006-06-30,SH,12500.0,61000.0,0.0,0.0,0.0035,,33,999999,,new,TRANSPORTS,172432
APPALOOSA LP,Woodbridge Holdings Corp.,WDGH,2006-06-30,SH,543.0,43000.0,0.0,0.0,0.0025,,34,999999,,new,CONSUMER DISCRETIONARY,46869
APPALOOSA LP,Owens-IL Inc,OI,2006-06-30,SH,0.0,0.0,35000.0,608000.0,,0.0471,999999,21,-100.0,soldall,MATERIALS,6411
APPALOOSA LP,NS Group,NSS,2006-06-30,SH,0.0,0.0,2200.0,101000.0,,0.0078,999999,26,-100.0,soldall,ENERGY,103452
APPALOOSA LP,Kindred Healthcare Inc Wts A 4/20/2006,KINDWTA,2006-06-30,SH,0.0,0.0,675000.0,11455000.0,,0.8868,999999,11,-100.0,soldall,HEALTH CARE,102207
APPALOOSA LP,Kindred Healthcare Inc *W Exp 0 Warrant,KINDW,2006-06-30,SH,0.0,0.0,67600.0,1372000.0,,0.1062,999999,19,-100.0,soldall, ,102206
APPALOOSA LP,United Airlines Holdings Inc,UAL,2006-06-30,SH,0.0,0.0,164996.0,6588000.0,,0.51,999999,14,-100.0,soldall,TRANSPORTS,4204
APPALOOSA LP,Owens-IL Inc,OI,2006-06-30,PUT,0.0,0.0,350.0,5000.0,,0.0004,999999,27,-100.0,soldall,MATERIALS,6411
APPALOOSA LP,MPG Ingredients Inc,MGPI,2006-06-30,SH,0.0,0.0,87000.0,1409000.0,,0.1091,999999,18,-100.0,soldall,CONSUMER STAPLES,6187
APPALOOSA LP,Sprint Corp,S,2006-06-30,SH,0.0,0.0,1000000.0,25840000.0,,2.0004,999999,9,-100.0,soldall,UTILITIES AND TELECOMMUNICATIONS,461
APPALOOSA LP,American Oriental Bioengineering Inc,AOBI,2006-06-30,SH,0.0,0.0,126.6,653000.0,,0.0506,999999,20,-100.0,soldall,HEALTH CARE,750
