Filer Name,Stock Name,Stock Ticker,Quarter Date,Type of Security,Current Shares Held,Current Market Value,Previous Shares Held,Previous Market Value,Current % of Portfolio,Previous % of Portfolio,Current Rank,Previous Rank,Change in Shares,Type of Change,Sector,stock_id
APPALOOSA LP,Amazon.com Inc.,AMZN,2020-03-31,SH,5000000.0,487430000.0,5830000.0,538645000.0,14.8992,13.5319,1,3,-14.236707,reduction,CONSUMER DISCRETIONARY,3573
APPALOOSA LP,Alibaba Group Holding Ltd ADR,BABA,2020-03-31,SH,2265000.0,440497000.0,2400000.0,509040000.0,13.4646,12.7882,2,4,-5.625,reduction,COMMUNICATIONS,173707
APPALOOSA LP,Alphabet Inc. Class C,GOOG,2020-03-31,SH,7220000.0,419774000.0,8800000.0,588289000.0,12.8312,14.7791,3,1,-17.954545,reduction,COMMUNICATIONS,166886
APPALOOSA LP,Meta Platforms Inc,META,2020-03-31,SH,2413000.0,402488000.0,2825000.0,579831000.0,12.3028,14.5666,4,2,-14.584071,reduction,COMMUNICATIONS,123861
APPALOOSA LP,Micron Technology Inc.,MU,2020-03-31,SH,8860000.0,372652000.0,8100000.0,435618000.0,11.3908,10.9437,5,5,9.382716,addition,INFORMATION TECHNOLOGY,488
APPALOOSA LP,Twitter Inc,TWTR,2020-03-31,SH,5530000.0,135817000.0,0.0,0.0,4.1515,,6,999999,,new,COMMUNICATIONS,163786
APPALOOSA LP,Allergan Plc,AGN,2020-03-31,SH,695000.0,123085000.0,1295000.0,247565000.0,3.7623,6.2194,7,6,-46.332046,reduction,HEALTH CARE,138708
APPALOOSA LP,PG&E Corp. (Pacific Gas & Electric),PCG,2020-03-31,SH,11340000.0,101947000.0,17400000.0,189138000.0,3.1162,4.7516,8,7,-34.827586,reduction,UTILITIES AND TELECOMMUNICATIONS,4367
APPALOOSA LP,Netflix Inc,NFLX,2020-03-31,SH,255000.0,95753000.0,0.0,0.0,2.9269,,9,999999,,new,COMMUNICATIONS,692
APPALOOSA LP,Energy Transfer Equity LP,ET,2020-03-31,SH,16288665.0,74928000.0,11231053.0,144094000.0,2.2903,3.62,10,8,45.032394,addition,ENERGY,3779
APPALOOSA LP,Adobe Systems Inc.,ADBE,2020-03-31,SH,223000.0,70968000.0,240000.0,79154000.0,2.1693,1.9885,11,13,-7.083333,reduction,INFORMATION TECHNOLOGY,4294
APPALOOSA LP,Salesforce.com Inc.,CRM,2020-03-31,SH,465500.0,67023000.0,500000.0,81320000.0,2.0487,2.0429,12,12,-6.9,reduction,INFORMATION TECHNOLOGY,6241
APPALOOSA LP,T-Mobile US Inc,TMUS,2020-03-31,SH,770000.0,64603000.0,700000.0,54894000.0,1.9747,1.3791,13,15,10.0,addition,UTILITIES AND TELECOMMUNICATIONS,140861
APPALOOSA LP,UnitedHealth Group Inc.,UNH,2020-03-31,SH,250000.0,62345000.0,300000.0,88194000.0,1.9057,2.2156,14,10,-16.666667,reduction,HEALTH CARE,153
APPALOOSA LP,Broadcom Ltd. (Avago Technologies),AVGO,2020-03-31,SH,233000.0,55244000.0,275000.0,86906000.0,1.6886,2.1833,15,11,-15.272727,reduction,INFORMATION TECHNOLOGY,81122
APPALOOSA LP,Sprint Corp,S,2020-03-31,SH,6380000.0,54996000.0,0.0,0.0,1.6811,,16,999999,,new,UTILITIES AND TELECOMMUNICATIONS,461
APPALOOSA LP,QUALCOMM Inc.,QCOM,2020-03-31,SH,557000.0,37681000.0,0.0,0.0,1.1518,,17,999999,,new,INFORMATION TECHNOLOGY,273
APPALOOSA LP,HCA Healthcare Inc,HCA,2020-03-31,SH,285000.0,25607000.0,0.0,0.0,0.7827,,18,999999,,new,HEALTH CARE,111617
APPALOOSA LP,Tesla Inc,TSLA,2020-03-31,SH,630000.0,22008000.0,0.0,0.0,0.6727,,19,999999,,new,CONSUMER DISCRETIONARY,90516
APPALOOSA LP,Alerian MLP ETF- ,AMLP,2020-03-31,SH,1208000.0,20778000.0,1310000.0,55675000.0,0.6351,1.3987,20,14,-7.78626,reduction,FINANCE,92641
APPALOOSA LP,Wells Fargo & Co.  (Northwest Bancorporation),WFC,2020-03-31,SH,700000.0,20090000.0,0.0,0.0,0.6141,,21,999999,,new,FINANCE,309
APPALOOSA LP,Goodyear Tire and Rubber Co.,GT,2020-03-31,SH,3368000.0,19602000.0,0.0,0.0,0.5992,,22,999999,,new,CONSUMER DISCRETIONARY,3609
APPALOOSA LP,Vistra Energy Corp,VST,2020-03-31,SH,1210000.0,19312000.0,1719100.0,39522000.0,0.5903,0.9929,23,16,-29.614333,reduction,ENERGY,198258
APPALOOSA LP,Humana Inc.,HUM,2020-03-31,SH,59000.0,18527000.0,75000.0,27489000.0,0.5663,0.6906,24,18,-21.333333,reduction,HEALTH CARE,417
APPALOOSA LP,Intelsat SA,INTEQ,2020-03-31,SH,10146300.0,15524000.0,2885019.0,20282000.0,0.4745,0.5095,25,20,251.689192,addition,COMMUNICATIONS,154079
APPALOOSA LP,The Utilities Select Sector SPDR Fund-,XLU,2020-03-31,SH,271500.0,15044000.0,0.0,0.0,0.4598,,26,999999,,new,UTILITIES AND TELECOMMUNICATIONS,5018
APPALOOSA LP,Microsoft Corp.,MSFT,2020-03-31,SH,90000.0,14194000.0,0.0,0.0,0.4339,,27,999999,,new,INFORMATION TECHNOLOGY,178
APPALOOSA LP,INTELSAT S A NOTE 4.500% 6/1 ADDED,UNK,2020-03-31,PRN,25000000.0,5502000.0,0.0,0.0,0.1682,,28,999999,,new, ,212265
APPALOOSA LP,Boston Scientific Inc.,BSX,2020-03-31,SH,115000.0,3752000.0,0.0,0.0,0.1147,,29,999999,,new,HEALTH CARE,379
APPALOOSA LP,Invesco Senior Loan ETF-,BKLN,2020-03-31,SH,150000.0,3069000.0,0.0,0.0,0.0938,,30,999999,,new,FINANCE,111699
APPALOOSA LP,Western Midstream Partners LP,WES,2020-03-31,SH,395101.0,1280000.0,0.0,0.0,0.0391,,31,999999,,new,ENERGY,46193
APPALOOSA LP,Caesars Entertainment Corp (delisted after merger with Eldorado,CZR,2020-03-31,SH,0.0,0.0,10050000.0,136680000.0,,3.4337,999999,9,-100.0,soldall,CONSUMER DISCRETIONARY,118982
APPALOOSA LP,Caesars Entertainment Corp (delisted after merger with Eldorado,CZR,2020-03-31,PRN,0.0,0.0,20000000.0,38775000.0,,0.9741,999999,17,-100.0,soldall,CONSUMER DISCRETIONARY,118982
APPALOOSA LP,Clearway Energy Inc Class A,CWEN.A,2020-03-31,SH,0.0,0.0,136462.0,2609000.0,,0.0655,999999,23,-100.0,soldall,UTILITIES AND TELECOMMUNICATIONS,154170
APPALOOSA LP,Cheniere Energy Inc,LNG,2020-03-31,SH,0.0,0.0,410000.0,25039000.0,,0.629,999999,19,-100.0,soldall,ENERGY,6901
APPALOOSA LP,Clearway Energy Inc,CWEN,2020-03-31,SH,0.0,0.0,443295.0,8844000.0,,0.2222,999999,21,-100.0,soldall,UTILITIES AND TELECOMMUNICATIONS,178061
APPALOOSA LP,Broadcom Inc 8.00% Mandatory Convertible Preferred Stock Series A Due 9/30/2022,AVGOP,2020-03-31,SH,0.0,0.0,2500.0,2945000.0,,0.074,999999,22,-100.0,soldall,INFORMATION TECHNOLOGY,212475
