Filer Name,Stock Name,Stock Ticker,Quarter Date,Type of Security,Current Shares Held,Current Market Value,Previous Shares Held,Previous Market Value,Current % of Portfolio,Previous % of Portfolio,Current Rank,Previous Rank,Change in Shares,Type of Change,Sector,stock_id
CHILTON INVESTMENT COMPANY INC.,Southwestern Energy Co.,SWN,2008-03-31,SH,8985023.0,302705000.0,9048560.0,252093000.0,4.8154,4.4802,1,1,-0.702178,reduction,ENERGY,3900
CHILTON INVESTMENT COMPANY INC.,Freeport-McMoRan Copper & Gold Inc,FCX,2008-03-31,SH,5102534.0,245483000.0,0.0,0.0,3.9051,,2,999999,,new,MATERIALS,652
CHILTON INVESTMENT COMPANY INC.,MeadWestvaco Corporation,MWV,2008-03-31,SH,9014745.0,245381000.0,5896648.0,184565000.0,3.9035,3.2801,3,2,52.879144,addition,MATERIALS,3629
CHILTON INVESTMENT COMPANY INC.,Weatherford International plc,WFTIQ,2008-03-31,SH,5537748.0,200660000.0,4148380.0,131735000.0,3.1921,2.3412,4,7,33.491821,addition,ENERGY,2531
CHILTON INVESTMENT COMPANY INC.,GoldCorp Inc.,GG,2008-03-31,SH,4857633.0,188233000.0,4222633.0,143274000.0,2.9944,2.5463,5,6,15.038011,addition,MATERIALS,116
CHILTON INVESTMENT COMPANY INC.,Patriot Coal Corp,PCXCQ,2008-03-31,SH,7919568.0,185991000.0,7932064.0,165542000.0,2.9587,2.942,6,4,-0.157538,reduction,ENERGY,3452
CHILTON INVESTMENT COMPANY INC.,American Century Focused Dynamic Growth ETF-,FDG,2008-03-31,SH,3127839.0,163273000.0,4622839.0,178442000.0,2.5973,3.1713,7,3,-32.339435,reduction,MATERIALS,3800
CHILTON INVESTMENT COMPANY INC.,MGM Resorts International Inc.,MGM,2008-03-31,SH,2709261.0,159223000.0,0.0,0.0,2.5329,,8,999999,,new,CONSUMER DISCRETIONARY,254
CHILTON INVESTMENT COMPANY INC.,Range Resources Corp.,RRC,2008-03-31,SH,2473645.0,156953000.0,2473645.0,127046000.0,2.4968,2.2579,9,9,0.0,,ENERGY,3656
CHILTON INVESTMENT COMPANY INC.,Dine Brands Global Inc,DIN,2008-03-31,SH,3056762.0,146419000.0,2974029.0,108790000.0,2.3292,1.9334,10,13,2.781849,addition,CONSUMER DISCRETIONARY,46044
CHILTON INVESTMENT COMPANY INC.,ALPHA NATURAL RESOURCES INC.,ANRZQ,2008-03-31,SH,3343700.0,145250000.0,3514856.0,114163000.0,2.3106,2.0289,11,11,-4.869502,reduction,ENERGY,2763
CHILTON INVESTMENT COMPANY INC.,Schlumberger Ltd.,SLB,2008-03-31,SH,1665000.0,144855000.0,0.0,0.0,2.3043,,12,999999,,new,ENERGY,276
CHILTON INVESTMENT COMPANY INC.,Wheaton Precious Metals Corp,WPM,2008-03-31,SH,9141339.0,141961000.0,0.0,0.0,2.2583,,13,999999,,new,MATERIALS,5935
CHILTON INVESTMENT COMPANY INC.,Mastercard Inc,MA,2008-03-31,SH,6079410.0,135565000.0,5012640.0,107872000.0,2.1566,1.9171,14,14,21.2816,addition,FINANCE,4044
CHILTON INVESTMENT COMPANY INC.,CNX Resources Corporation,CNX,2008-03-31,SH,1814161.0,125522000.0,1814161.0,129749000.0,1.9968,2.3059,15,8,0.0,,ENERGY,1030
CHILTON INVESTMENT COMPANY INC.,Burlington Northern Santa Fe Corp.,BNI,2008-03-31,SH,1284000.0,118410000.0,1094100.0,91062000.0,1.8837,1.6183,16,17,17.356732,addition,TRANSPORTS,1052
CHILTON INVESTMENT COMPANY INC.,Alphabet Inc. Class A,GOOGL,2008-03-31,SH,5365340.0,118164000.0,1780160.0,61547000.0,1.8797,1.0938,17,33,201.396504,addition,COMMUNICATIONS,4112
CHILTON INVESTMENT COMPANY INC.,Safeway Inc.,SWY,2008-03-31,SH,3788777.0,111201000.0,3270100.0,111870000.0,1.769,1.9881,18,12,15.861197,addition,CONSUMER STAPLES,11356
CHILTON INVESTMENT COMPANY INC.,Agnico-Eagle Mines Ltd,AEM,2008-03-31,SH,1538439.0,104168000.0,1544174.0,84358000.0,1.6571,1.4992,19,20,-0.371396,reduction,MATERIALS,5500
CHILTON INVESTMENT COMPANY INC.,XTO Energy Inc.,XTO,2008-03-31,SH,1594095.0,98611000.0,894095.0,45921000.0,1.5687,0.8161,20,46,78.291457,addition,ENERGY,478
CHILTON INVESTMENT COMPANY INC.,Precision Drilling Corp.,PDS,2008-03-31,SH,208027.25,96870000.0,0.0,0.0,1.541,,21,999999,,new,ENERGY,4171
CHILTON INVESTMENT COMPANY INC.,SSR Mining,SSRM,2008-03-31,SH,2866582.0,86943000.0,1156582.0,42250000.0,1.3831,0.7509,22,50,147.849439,addition,MATERIALS,5569
CHILTON INVESTMENT COMPANY INC.,America Movil S.A.B.DE C.V.,AMX,2008-03-31,SH,2665914.0,84896000.0,2348800.0,72096000.0,1.3505,1.2813,23,25,13.501107,addition,UTILITIES AND TELECOMMUNICATIONS,3509
CHILTON INVESTMENT COMPANY INC.,Foundation Coal Holdings Inc,FCL,2008-03-31,SH,1618564.0,81462000.0,1622215.0,85166000.0,1.2959,1.5136,24,19,-0.225063,reduction,ENERGY,783
CHILTON INVESTMENT COMPANY INC.,QUALCOMM Inc.,QCOM,2008-03-31,SH,1980071.0,81183000.0,1683243.0,66236000.0,1.2915,1.1771,25,28,17.634293,addition,INFORMATION TECHNOLOGY,273
CHILTON INVESTMENT COMPANY INC.,QUICKSILVER RESOURCES INC,KWKAQ,2008-03-31,SH,2163378.0,79028000.0,2163378.0,64458000.0,1.2572,1.1455,26,29,0.0,addition,ENERGY,5156
CHILTON INVESTMENT COMPANY INC.,Peoples United Financial Inc.,PBCT,2008-03-31,SH,4395946.0,76094000.0,6634098.0,118087000.0,1.2105,2.0986,27,10,-33.737096,reduction,FINANCE,3700
CHILTON INVESTMENT COMPANY INC.,Kinross Gold Corp. ADR,KGC,2008-03-31,SH,3408495.0,75362000.0,3383282.0,62252000.0,1.1989,1.1063,28,32,0.745223,addition,MATERIALS,674
CHILTON INVESTMENT COMPANY INC.,Coterra Energy Inc,CTRA,2008-03-31,SH,5478544.0,69632000.0,4662436.0,47056000.0,1.1077,0.8363,29,43,17.503897,addition,ENERGY,2765
CHILTON INVESTMENT COMPANY INC.,Baker Hughes Company,BKR,2008-03-31,SH,998277.0,68382000.0,831756.0,67455000.0,1.0878,1.1988,30,27,20.020415,addition,ENERGY,2502
CHILTON INVESTMENT COMPANY INC.,Tiffany & Co. (DE),TIF,2008-03-31,SH,1629347.0,68172000.0,1004800.0,46251000.0,1.0845,0.822,31,45,62.15635,addition,CONSUMER DISCRETIONARY,3676
CHILTON INVESTMENT COMPANY INC.,Tapestry Inc,TPR,2008-03-31,SH,2174300.0,65555000.0,2073800.0,63417000.0,1.0428,1.127,32,30,4.846176,addition,CONSUMER DISCRETIONARY,11325
CHILTON INVESTMENT COMPANY INC.,Cameco Corp.,CCJ,2008-03-31,SH,1924433.0,63391000.0,1931547.0,76895000.0,1.0084,1.3666,33,22,-0.368306,reduction,ENERGY,156
CHILTON INVESTMENT COMPANY INC.,KBR Inc,KBR,2008-03-31,SH,2216662.0,61468000.0,2218462.0,86076000.0,0.9778,1.5297,34,18,-0.081137,reduction,INDUSTRIALS,3898
CHILTON INVESTMENT COMPANY INC.,ConocoPhillips (Phillips Petroleum),COP,2008-03-31,SH,801000.0,61044000.0,0.0,0.0,0.9711,,35,999999,,new,ENERGY,218
CHILTON INVESTMENT COMPANY INC.,ANADIGICS INC,ANAD,2008-03-31,SH,9274443.0,60840000.0,6611775.0,76498000.0,0.9678,1.3595,36,23,40.271606,addition,INFORMATION TECHNOLOGY,984
CHILTON INVESTMENT COMPANY INC.,Marriott International Inc/MD,MAR,2008-03-31,SH,1653879.0,56827000.0,0.0,0.0,0.904,,37,999999,,new,CONSUMER DISCRETIONARY,2521
CHILTON INVESTMENT COMPANY INC.,ASE Test Ltd,ASTSF,2008-03-31,SH,3890303.0,56604000.0,4146269.0,58836000.0,0.9005,1.0456,38,35,-6.173406,reduction,INFORMATION TECHNOLOGY,6474
CHILTON INVESTMENT COMPANY INC.,Berkeley (W.R.) Corp.,WRB,2008-03-31,SH,4522500.0,55657000.0,4527675.0,59987000.0,0.8854,1.0661,39,34,-0.114297,reduction,FINANCE,543
CHILTON INVESTMENT COMPANY INC.,Martin Marietta Materials Inc.,MLM,2008-03-31,SH,505000.0,53616000.0,0.0,0.0,0.8529,,40,999999,,new,MATERIALS,3842
CHILTON INVESTMENT COMPANY INC.,CNX Gas Corp.,CXG,2008-03-31,SH,1642523.0,53021000.0,1642523.0,52479000.0,0.8435,0.9327,41,39,0.0,,ENERGY,5258
CHILTON INVESTMENT COMPANY INC.,PEABODY ENERGY CORP COM STK NEW,BTUUQ,2008-03-31,SH,68222.56,52164000.0,68222.56,63047000.0,0.8298,1.1205,42,31,0.0,,ENERGY,1025
CHILTON INVESTMENT COMPANY INC.,MEMC Electronic Materials Inc.,WFR,2008-03-31,SH,735178.0,52124000.0,1108133.0,98059000.0,0.8292,1.7427,43,15,-33.656159,reduction,INFORMATION TECHNOLOGY,969
CHILTON INVESTMENT COMPANY INC.,Suncor Energy Inc.,SU,2008-03-31,SH,1081370.0,52095000.0,1081370.0,58789000.0,0.8287,1.0448,44,36,0.0,,ENERGY,127
CHILTON INVESTMENT COMPANY INC.,BTC iShares Silver Trust,SLV,2008-03-31,SH,296115.0,50461000.0,296115.0,43520000.0,0.8027,0.7734,45,49,0.0,,FINANCE,5927
CHILTON INVESTMENT COMPANY INC.,REX BKCM ETF-REX BKCM ETF,BKC,2008-03-31,SH,1818205.0,50292000.0,2857345.0,81463000.0,0.8,1.4478,46,21,-36.367327,reduction,MUTUAL FUND,3584
CHILTON INVESTMENT COMPANY INC.,Interline Brands Inc,IBI,2008-03-31,SH,2670761.0,49543000.0,2629674.0,57616000.0,0.7881,1.0239,47,37,1.562437,addition,INDUSTRIALS,6168
CHILTON INVESTMENT COMPANY INC.,Invesco Ltd. ADR,IVZ,2008-03-31,SH,1998787.0,48690000.0,1009161.0,31667000.0,0.7746,0.5628,48,62,98.064234,addition,FINANCE,4886
CHILTON INVESTMENT COMPANY INC.,EOG Resources Inc,EOG,2008-03-31,SH,793416.0,47605000.0,793416.0,35406000.0,0.7573,0.6292,49,55,0.0,,ENERGY,4870
CHILTON INVESTMENT COMPANY INC.,Anheuser-Busch,BUD,2008-03-31,SH,1000000.0,47450000.0,0.0,0.0,0.7548,,50,999999,,new,CONSUMER STAPLES,111563
CHILTON INVESTMENT COMPANY INC.,Republic Services Inc.,RSG,2008-03-31,SH,1605000.0,46930000.0,1629000.0,51069000.0,0.7466,0.9076,51,40,-1.473297,reduction,INDUSTRIALS,5160
CHILTON INVESTMENT COMPANY INC.,Transocean Ltd,RIG,2008-03-31,SH,328641.0,44432000.0,328641.0,47045000.0,0.7068,0.8361,52,44,0.0,,ENERGY,4160
CHILTON INVESTMENT COMPANY INC.,Clear Channel Communications Inc.,CCU,2008-03-31,SH,1418842.0,41459000.0,209469.0,7231000.0,0.6595,0.1285,53,102,577.35178,addition,CONSUMER DISCRETIONARY,878
CHILTON INVESTMENT COMPANY INC.,Destination XL Group Inc.,DXLG,2008-03-31,SH,9250862.0,38854000.0,9216691.0,47742000.0,0.6181,0.8485,54,42,0.370751,addition,CONSUMER DISCRETIONARY,988
CHILTON INVESTMENT COMPANY INC.,ARCH COAL INC. (XNYS TO: XNAS),ACIIQ,2008-03-31,SH,78800.0,34278000.0,0.0,0.0,0.5453,,55,999999,,new,ENERGY,4851
CHILTON INVESTMENT COMPANY INC.,Intercontinental Exchange Inc,ICE,2008-03-31,SH,1295450.0,33811000.0,0.0,0.0,0.5379,,56,999999,,new,FINANCE,2811
CHILTON INVESTMENT COMPANY INC.,Newmont Mining Corp. (Holding Co.),NEM,2008-03-31,SH,703307.0,31860000.0,703307.0,34342000.0,0.5068,0.6103,57,57,0.0,,MATERIALS,438
CHILTON INVESTMENT COMPANY INC.,Dryships Inc,DRYS,2008-03-31,SH,0.31,30846000.0,0.31,39852000.0,0.4907,0.7082,58,52,0.0,,TRANSPORTS,11439
CHILTON INVESTMENT COMPANY INC.,PENN VIRGINIA CORP,PVAH,2008-03-31,SH,694073.0,30602000.0,694073.0,30282000.0,0.4868,0.5382,59,64,0.0,,ENERGY,6415
CHILTON INVESTMENT COMPANY INC.,Pan American Silver Corp,PAAS,2008-03-31,SH,776935.0,29811000.0,776935.0,27138000.0,0.4742,0.4823,60,66,0.0,,MATERIALS,181
CHILTON INVESTMENT COMPANY INC.,Vivus Inc,VVUS,2008-03-31,SH,471347.0,28422000.0,463600.7,24015000.0,0.4521,0.4268,61,71,1.670899,addition,HEALTH CARE,7680
CHILTON INVESTMENT COMPANY INC.,National Instruments Corp,NATI,2008-03-31,SH,1600476.0,27891000.0,683292.0,15183000.0,0.4437,0.2698,62,86,134.230168,addition,INFORMATION TECHNOLOGY,5139
CHILTON INVESTMENT COMPANY INC.,Ultrapetrol (Bahamas) Limited,ULTRF,2008-03-31,SH,2249979.0,23040000.0,2249979.0,38272000.0,0.3665,0.6802,63,53,0.0,,TRANSPORTS,11561
CHILTON INVESTMENT COMPANY INC.,Ovintiv Inc. (Pan Canadian Energy - Encana Corp.),OVV,2008-03-31,SH,59213.2,22427000.0,59213.2,20121000.0,0.3568,0.3576,64,77,0.0,,ENERGY,112
CHILTON INVESTMENT COMPANY INC.,Lundin Mining Corp. Ordinary Share,LUNMF,2008-03-31,SH,3258282.0,22219000.0,3320619.0,31883000.0,0.3535,0.5666,65,60,-1.87727,reduction,MATERIALS,5547
CHILTON INVESTMENT COMPANY INC.,Papa Johns International Inc.,PZZA,2008-03-31,SH,1800000.0,21789000.0,0.0,0.0,0.3466,,66,999999,,new,CONSUMER DISCRETIONARY,11490
CHILTON INVESTMENT COMPANY INC.,Concho Resources Inc,CXO,2008-03-31,SH,807920.0,20715000.0,807920.0,16651000.0,0.3295,0.2959,67,83,0.0,,ENERGY,6018
CHILTON INVESTMENT COMPANY INC.,Oracle Corp,ORCL,2008-03-31,SH,1030111.0,20149000.0,0.0,0.0,0.3205,,68,999999,,new,INFORMATION TECHNOLOGY,20
CHILTON INVESTMENT COMPANY INC.,Warren Resources Inc,WRES,2008-03-31,SH,1667002.0,19787000.0,1667002.0,23555000.0,0.3148,0.4186,69,73,0.0,,ENERGY,6051
CHILTON INVESTMENT COMPANY INC.,Canadian Natural Resources Ltd,CNQ,2008-03-31,SH,571737.54,19112000.0,571737.54,20478000.0,0.304,0.3639,70,76,0.0,,ENERGY,106
CHILTON INVESTMENT COMPANY INC.,Solutia Inc.,SOA,2008-03-31,SH,1328120.0,18594000.0,0.0,0.0,0.2958,,71,999999,,new,MATERIALS,57381
CHILTON INVESTMENT COMPANY INC.,Barnes & Noble Inc,BKS,2008-03-31,SH,561055.0,17196000.0,0.0,0.0,0.2736,,72,999999,,new,CONSUMER DISCRETIONARY,2796
CHILTON INVESTMENT COMPANY INC.,Sociedad Quimica y Minera de Chile S.A. Class A ADR,SQM,2008-03-31,SH,7323500.0,17122000.0,1464700.0,25888000.0,0.2724,0.4601,73,68,400.0,reduction,MATERIALS,8243
CHILTON INVESTMENT COMPANY INC.,Fidelity National Information Services Inc,FIS,2008-03-31,SH,438084.0,16709000.0,2211859.0,91991000.0,0.2658,1.6349,74,16,-80.193855,reduction,FINANCE,2403
CHILTON INVESTMENT COMPANY INC.,Northern Dynasty Minerals Ltd.,NAK,2008-03-31,SH,1814127.0,16613000.0,1814127.0,23845000.0,0.2643,0.4238,75,72,0.0,,MATERIALS,4094
CHILTON INVESTMENT COMPANY INC.,RF MICRO DEVICES INC,RFMD,2008-03-31,SH,1504835.25,16011000.0,711682.75,16255000.0,0.2547,0.2889,76,84,111.447481,addition,INFORMATION TECHNOLOGY,1000
CHILTON INVESTMENT COMPANY INC.,Lesaka Technologies Inc,LSAK,2008-03-31,SH,667237.0,15046000.0,470105.0,13802000.0,0.2394,0.2453,77,87,41.933611,addition,INFORMATION TECHNOLOGY,6029
CHILTON INVESTMENT COMPANY INC.,Popeyes Louisiana Kitchen Inc.,PLKI,2008-03-31,SH,1662462.0,14946000.0,717614.0,8123000.0,0.2378,0.1444,78,96,131.665213,addition,CONSUMER DISCRETIONARY,6078
CHILTON INVESTMENT COMPANY INC.,Mellanox Technologies Ltd,MLNX,2008-03-31,SH,1062457.0,14800000.0,49393.0,900000.0,0.2354,0.016,79,162,2051.027474,addition,INFORMATION TECHNOLOGY,4191
CHILTON INVESTMENT COMPANY INC.,Robert Half International Inc.,RHI,2008-03-31,SH,574942.0,14799000.0,835675.0,22597000.0,0.2354,0.4016,80,74,-31.200287,reduction,INDUSTRIALS,815
CHILTON INVESTMENT COMPANY INC.,Applied Micro Circuits Inc.,AMCC,2008-03-31,SH,2020006.0,14504000.0,680267.0,5946000.0,0.2307,0.1057,81,111,196.943112,addition,INFORMATION TECHNOLOGY,5671
CHILTON INVESTMENT COMPANY INC.,Estee Lauder Companies Inc.,EL,2008-03-31,SH,600000.0,13755000.0,0.0,0.0,0.2188,,82,999999,,new,CONSUMER STAPLES,5031
CHILTON INVESTMENT COMPANY INC.,Childrens Place Inc,PLCE,2008-03-31,SH,553134.0,13585000.0,0.0,0.0,0.2161,,83,999999,,new,CONSUMER DISCRETIONARY,2414
CHILTON INVESTMENT COMPANY INC.,MSC Industrial Direct Inc.,MSM,2008-03-31,SH,320240.0,13530000.0,97574.0,3949000.0,0.2152,0.0702,84,122,228.202185,addition,INDUSTRIALS,5127
CHILTON INVESTMENT COMPANY INC.,Tesco Corp.,TESO,2008-03-31,SH,537522.0,12874000.0,640207.0,18367000.0,0.2048,0.3264,85,81,-16.039344,reduction,ENERGY,11556
CHILTON INVESTMENT COMPANY INC.,Compass Diversified Holdings,CODI,2008-03-31,SH,969158.0,12744000.0,1727077.0,25733000.0,0.2027,0.4573,86,69,-43.884494,reduction,FINANCE,7079
CHILTON INVESTMENT COMPANY INC.,Super Micro Computer Inc,SMCI,2008-03-31,SH,1525500.0,12738000.0,708121.0,5431000.0,0.2026,0.0965,87,114,115.429284,addition,INFORMATION TECHNOLOGY,7611
CHILTON INVESTMENT COMPANY INC.,Heartland Express Inc.,HTLD,2008-03-31,SH,857308.0,12225000.0,581190.0,8241000.0,0.1945,0.1465,88,95,47.509076,addition,TRANSPORTS,6506
CHILTON INVESTMENT COMPANY INC.,Cogent Communications Group Inc,CCOI,2008-03-31,SH,596633.0,10924000.0,391231.0,9276000.0,0.1738,0.1649,89,93,52.501463,addition,COMMUNICATIONS,6333
CHILTON INVESTMENT COMPANY INC.,Pilgrims Pride Corp,PPC,2008-03-31,SH,499086.0,10097000.0,0.0,0.0,0.1606,,90,999999,,new,CONSUMER STAPLES,2406
CHILTON INVESTMENT COMPANY INC.,Charming Shoppes Inc.,CHRS,2008-03-31,SH,1987848.0,9601000.0,715000.0,3868000.0,0.1527,0.0687,91,124,178.020699,addition,CONSUMER DISCRETIONARY,2731
CHILTON INVESTMENT COMPANY INC.,Symyx Technologies Inc.,SMMX,2008-03-31,SH,1261461.0,9461000.0,1240739.0,9529000.0,0.1505,0.1693,92,92,1.670134,addition,MATERIALS,828
CHILTON INVESTMENT COMPANY INC.,Ldk Solar Co Adr,LDKYQ,2008-03-31,SH,343197.0,9266000.0,10985.0,516000.0,0.1474,0.0092,93,172,3024.233045,addition,MATERIALS,11527
CHILTON INVESTMENT COMPANY INC.,Energizer Holdings Inc,ENR,2008-03-31,SH,100000.0,9048000.0,0.0,0.0,0.1439,,94,999999,,new,CONSUMER STAPLES,4328
CHILTON INVESTMENT COMPANY INC.,Parallel Pete Corp. (DE),PLLL,2008-03-31,SH,455472.0,8914000.0,455472.0,8030000.0,0.1418,0.1427,95,97,0.0,,ENERGY,3424
CHILTON INVESTMENT COMPANY INC.,QLogic Corp.,QLGC,2008-03-31,SH,538547.0,8267000.0,1306476.0,18552000.0,0.1315,0.3297,96,80,-58.778653,reduction,INFORMATION TECHNOLOGY,707
CHILTON INVESTMENT COMPANY INC.,Remark Holdings Inc,MARK,2008-03-31,SH,169528.2,8035000.0,76103.2,4741000.0,0.1278,0.0843,97,118,122.760935,addition,INFORMATION TECHNOLOGY,7225
CHILTON INVESTMENT COMPANY INC.,GeoMet Inc (DE),GMET,2008-03-31,SH,1065100.0,7094000.0,1065100.0,5539000.0,0.1129,0.0984,98,112,0.0,,ENERGY,7189
CHILTON INVESTMENT COMPANY INC.,McAfee Inc.,MFE,2008-03-31,SH,212338.0,7026000.0,183133.0,6867000.0,0.1118,0.122,99,104,15.947426,addition,INFORMATION TECHNOLOGY,923
CHILTON INVESTMENT COMPANY INC.,SunPower Corp,SPWR,2008-03-31,SH,136707.73,6671000.0,805829.97,68810000.0,0.1061,1.2229,100,26,-83.035164,reduction,INFORMATION TECHNOLOGY,68512
CHILTON INVESTMENT COMPANY INC.,Wolfspeed Inc (Cree Inc),WOLF,2008-03-31,SH,218480.0,6109000.0,21104.0,580000.0,0.0972,0.0103,101,170,935.25398,addition,INFORMATION TECHNOLOGY,3841
CHILTON INVESTMENT COMPANY INC.,Yingli Green Energy Holding Company Ltd ADR,YGEHY,2008-03-31,SH,34158.3,5841000.0,12655.9,4898000.0,0.0929,0.087,102,117,169.900205,addition,INDUSTRIALS,4194
CHILTON INVESTMENT COMPANY INC.,PLX TECHNOLOGY INC,PLXT,2008-03-31,SH,862010.0,5750000.0,706262.0,6568000.0,0.0915,0.1167,103,107,22.052439,addition,INFORMATION TECHNOLOGY,7451
CHILTON INVESTMENT COMPANY INC.,Canadian Solar Inc,CSIQ,2008-03-31,SH,265123.0,5541000.0,65135.0,1834000.0,0.0881,0.0326,104,145,307.036156,addition,INFORMATION TECHNOLOGY,6325
CHILTON INVESTMENT COMPANY INC.,Gold Reserve Corp Foreign Ordinary,GDRZF,2008-03-31,SH,1201670.0,5540000.0,1201670.0,6249000.0,0.0881,0.1111,105,109,0.0,,MATERIALS,6844
CHILTON INVESTMENT COMPANY INC.,Tailored Brands Inc,TLRDQ,2008-03-31,SH,235673.0,5484000.0,0.0,0.0,0.0872,,106,999999,,new,CONSUMER DISCRETIONARY,53
CHILTON INVESTMENT COMPANY INC.,NII HOLDINGS INC CL,NIHDQ,2008-03-31,SH,168653.0,5360000.0,668954.0,32324000.0,0.0853,0.5745,107,59,-74.78855,reduction,COMMUNICATIONS,4822
CHILTON INVESTMENT COMPANY INC.,Starbucks Corp.,SBUX,2008-03-31,SH,600000.0,5250000.0,0.0,0.0,0.0835,,108,999999,,new,CONSUMER DISCRETIONARY,360
CHILTON INVESTMENT COMPANY INC.,MIPS Technologies Inc.,MIPS,2008-03-31,SH,1264005.0,5005000.0,411764.0,2042000.0,0.0796,0.0363,109,141,206.973169,addition,INFORMATION TECHNOLOGY,1021
CHILTON INVESTMENT COMPANY INC.,Graco Inc.,GGG,2008-03-31,SH,402096.0,4860000.0,395424.0,4911000.0,0.0773,0.0873,110,116,1.687303,addition,INDUSTRIALS,3719
CHILTON INVESTMENT COMPANY INC.,Platinum Group Metals Ltd,PLG,2008-03-31,SH,16500.0,4822000.0,16500.0,6576000.0,0.0767,0.1169,111,106,0.0,,MATERIALS,11994
CHILTON INVESTMENT COMPANY INC.,Corning Inc.,GLW,2008-03-31,SH,196316.0,4719000.0,123938.0,2973000.0,0.0751,0.0528,112,134,58.398554,addition,MATERIALS,146
CHILTON INVESTMENT COMPANY INC.,Premier Exhibitions Inc,PRXIQ,2008-03-31,SH,76295.9,4608000.0,0.0,0.0,0.0733,,113,999999,,new,CONSUMER DISCRETIONARY,7497
CHILTON INVESTMENT COMPANY INC.,Crystallex International Corp.,CRYFQ,2008-03-31,SH,2005780.0,4553000.0,2005780.0,4573000.0,0.0724,0.0813,114,120,0.0,,MATERIALS,6828
CHILTON INVESTMENT COMPANY INC.,Melco Resorts & Entertainment Limited AD ADR,MLCO,2008-03-31,SH,396554.0,4513000.0,0.0,0.0,0.0718,,115,999999,,new,CONSUMER DISCRETIONARY,6858
CHILTON INVESTMENT COMPANY INC.,Hollywood Casino Corp. Class A,HWD,2008-03-31,SH,182100.0,4354000.0,0.0,0.0,0.0693,,116,999999,,new,CONSUMER DISCRETIONARY,5539
CHILTON INVESTMENT COMPANY INC.,Union Pacific Corp.,UNP,2008-03-31,SH,138000.0,4326000.0,1564800.0,49143000.0,0.0688,0.8734,117,41,-91.180982,reduction,TRANSPORTS,473
CHILTON INVESTMENT COMPANY INC.,Axiall Corporation,AXLL,2008-03-31,SH,539792.0,3741000.0,0.0,0.0,0.0595,,118,999999,,new,MATERIALS,525
CHILTON INVESTMENT COMPANY INC.,Getty Images Inc,GYI,2008-03-31,SH,116206.0,3719000.0,0.0,0.0,0.0592,,119,999999,,new,INDUSTRIALS,2706
CHILTON INVESTMENT COMPANY INC.,Quest Resource Corp.,QRCP,2008-03-31,SH,516001.0,3364000.0,516001.0,3700000.0,0.0535,0.0658,120,126,0.0,,ENERGY,5316
CHILTON INVESTMENT COMPANY INC.,Ryland Group Inc.,RYL,2008-03-31,SH,100000.0,3289000.0,0.0,0.0,0.0523,,121,999999,,new,CONSUMER DISCRETIONARY,3503
CHILTON INVESTMENT COMPANY INC.,Knight Transportation Inc.,KNX,2008-03-31,SH,190681.0,3139000.0,0.0,0.0,0.0499,,122,999999,,new,TRANSPORTS,6510
CHILTON INVESTMENT COMPANY INC.,Amdocs Ltd,DOX,2008-03-31,SH,108985.0,3091000.0,109986.0,3791000.0,0.0492,0.0674,123,125,-0.910116,reduction,INFORMATION TECHNOLOGY,4826
CHILTON INVESTMENT COMPANY INC.,Apple Inc,AAPL,2008-03-31,SH,592172.0,3035000.0,190148.0,1345000.0,0.0483,0.0239,124,151,211.426889,addition,INFORMATION TECHNOLOGY,195
CHILTON INVESTMENT COMPANY INC.,ReneSola Ltd ADR,SOL,2008-03-31,SH,52502.4,2982000.0,0.0,0.0,0.0474,,125,999999,,new,INFORMATION TECHNOLOGY,46051
CHILTON INVESTMENT COMPANY INC.,Pacer Salt High truBeta US Market ETF-Pacer Salt High truBeta US Market ETF,SLT,2008-03-31,SH,164199.0,2926000.0,149361.0,3894000.0,0.0465,0.0692,126,123,9.93432,addition,FINANCE,11536
CHILTON INVESTMENT COMPANY INC.,Evergreen Solar Inc.,ESLRQ,2008-03-31,SH,50593.95,2813000.0,0.0,0.0,0.0447,,127,999999,,new,INDUSTRIALS,7149
CHILTON INVESTMENT COMPANY INC.,WESCO International Inc,WCC,2008-03-31,SH,75601.0,2759000.0,76281.0,3024000.0,0.0439,0.0537,128,132,-0.891441,reduction,INDUSTRIALS,2696
CHILTON INVESTMENT COMPANY INC.,McClatchy Co,MNIQQ,2008-03-31,SH,23605.4,2526000.0,0.0,0.0,0.0402,,129,999999,,new,COMMUNICATIONS,4820
CHILTON INVESTMENT COMPANY INC.,Kodiak Oil & Gas Corp.,KOG,2008-03-31,SH,1403588.0,2344000.0,1403588.0,3082000.0,0.0373,0.0548,130,130,0.0,,ENERGY,120
CHILTON INVESTMENT COMPANY INC.,Sify Technologies Ltd ADR,SIFY,2008-03-31,SH,516148.0,2302000.0,669063.0,3533000.0,0.0366,0.0628,131,128,-22.855097,reduction,COMMUNICATIONS,9955
CHILTON INVESTMENT COMPANY INC.,Banro Corp.,BAA,2008-03-31,SH,268083.0,2196000.0,268083.0,3076000.0,0.0349,0.0547,132,131,0.0,,MATERIALS,5505
CHILTON INVESTMENT COMPANY INC.,Pra Group Inc,PRAA,2008-03-31,SH,149418.0,2136000.0,0.0,0.0,0.034,,133,999999,,new,FINANCE,6655
CHILTON INVESTMENT COMPANY INC.,Hanwha Q CELLS Co. Ltd ADR,HQCL,2008-03-31,SH,17467.0,2107000.0,4363.0,1425000.0,0.0335,0.0253,134,150,300.3438,addition,INDUSTRIALS,7568
CHILTON INVESTMENT COMPANY INC.,Cavium Inc,CAVM,2008-03-31,SH,125000.0,2050000.0,22000.0,506000.0,0.0326,0.009,135,173,468.181818,addition,INFORMATION TECHNOLOGY,920
CHILTON INVESTMENT COMPANY INC.,Applied Biosystems Inc. - Applera Corp.,ABI,2008-03-31,SH,60392.0,1984000.0,0.0,0.0,0.0316,,136,999999,,new,HEALTH CARE,4085
CHILTON INVESTMENT COMPANY INC.,CME Group Inc,CME,2008-03-31,SH,4000.0,1876000.0,0.0,0.0,0.0298,,137,999999,,new,FINANCE,4861
CHILTON INVESTMENT COMPANY INC.,Hibbett Sports Inc.,HIBB,2008-03-31,SH,121207.0,1871000.0,0.0,0.0,0.0298,,138,999999,,new,CONSUMER DISCRETIONARY,5100
CHILTON INVESTMENT COMPANY INC.,Ameristar Casinos Inc,ASCA,2008-03-31,SH,101691.0,1856000.0,0.0,0.0,0.0295,,139,999999,,new,CONSUMER DISCRETIONARY,2624
CHILTON INVESTMENT COMPANY INC.,InterContinental Hotels Group PLC,IHG,2008-03-31,SH,79080.25,1832000.0,0.0,0.0,0.0291,,140,999999,,new,CONSUMER DISCRETIONARY,5925
CHILTON INVESTMENT COMPANY INC.,NVIDIA Corp.,NVDA,2008-03-31,SH,361692.0,1789000.0,0.0,0.0,0.0285,,141,999999,,new,INFORMATION TECHNOLOGY,261
CHILTON INVESTMENT COMPANY INC.,TRIARC COS CL B,TRY-B1,2008-03-31,SH,253172.0,1749000.0,0.0,0.0,0.0278,,142,999999,,new, ,4054
CHILTON INVESTMENT COMPANY INC.,Carlisle Companies Inc,CSL,2008-03-31,SH,48406.0,1619000.0,80128.0,2967000.0,0.0258,0.0527,143,135,-39.589157,reduction,INDUSTRIALS,4075
CHILTON INVESTMENT COMPANY INC.,Gen-Probe Inc.,GPRO,2008-03-31,SH,30437.0,1467000.0,26811.0,1687000.0,0.0233,0.03,144,147,13.5243,addition,Health Care,5091
CHILTON INVESTMENT COMPANY INC.,Northwest Airlines Corp.,NWACQ,2008-03-31,SH,157358.0,1415000.0,157357.0,2283000.0,0.0225,0.0406,145,139,0.000635,addition,TRANSPORTS,867
CHILTON INVESTMENT COMPANY INC.,Blackberry Ltd,BB,2008-03-31,SH,12514.0,1404000.0,650601.0,73778000.0,0.0223,1.3112,146,24,-98.076548,reduction,INFORMATION TECHNOLOGY,21
CHILTON INVESTMENT COMPANY INC.,Dr. Reddys Laboratories Ltd ADR,RDY,2008-03-31,SH,95809.0,1387000.0,0.0,0.0,0.0221,,147,999999,,new,HEALTH CARE,4108
CHILTON INVESTMENT COMPANY INC.,Cisco Systems Inc.,CSCO,2008-03-31,SH,55959.0,1348000.0,911408.0,24672000.0,0.0214,0.4385,148,70,-93.860159,reduction,INFORMATION TECHNOLOGY,215
CHILTON INVESTMENT COMPANY INC.,Adobe Systems Inc.,ADBE,2008-03-31,SH,37316.0,1328000.0,0.0,0.0,0.0211,,149,999999,,new,INFORMATION TECHNOLOGY,4294
CHILTON INVESTMENT COMPANY INC.,GraniteShares 1.25x Long TSLA Daily ETF-GraniteShares 1.25x Long TSLA Daily ETF,TSL,2008-03-31,SH,78590.0,1208000.0,72762.0,1957000.0,0.0192,0.0348,150,142,8.009675,addition,INFORMATION TECHNOLOGY,4923
CHILTON INVESTMENT COMPANY INC.,Owens Corning Inc,OC,2008-03-31,SH,62150.0,1127000.0,62150.0,1257000.0,0.0179,0.0223,151,152,0.0,,INDUSTRIALS,890
CHILTON INVESTMENT COMPANY INC.,LCA-Vision Inc.,LCAV,2008-03-31,SH,89994.0,1125000.0,206153.0,4117000.0,0.0179,0.0732,152,121,-56.346015,reduction,HEALTH CARE,5747
CHILTON INVESTMENT COMPANY INC.,Grace (W.R.) & Co. (DE),GRA,2008-03-31,SH,47900.0,1093000.0,47900.0,1254000.0,0.0174,0.0223,153,153,0.0,,MATERIALS,881
CHILTON INVESTMENT COMPANY INC.,Brocade Communications Systems Inc,BRCD,2008-03-31,SH,142039.0,1037000.0,125980.0,925000.0,0.0165,0.0164,154,160,12.747261,addition,INFORMATION TECHNOLOGY,4196
CHILTON INVESTMENT COMPANY INC.,Taiwan Semiconductor Manufacturing Co Ltd ADR,TSM,2008-03-31,SH,100000.0,1027000.0,25000.0,249000.0,0.0163,0.0044,155,179,300.0,addition,INFORMATION TECHNOLOGY,5232
CHILTON INVESTMENT COMPANY INC.,WSP Holdings Ltd,WSHLY,2008-03-31,SH,28493.8,983000.0,20000.0,910000.0,0.0156,0.0162,156,161,42.469,addition,ENERGY,9957
CHILTON INVESTMENT COMPANY INC.,ULURU Inc,ULUR,2008-03-31,SH,286810.0,968000.0,286810.0,1165000.0,0.0154,0.0207,157,156,0.0,,HEALTH CARE,10444
CHILTON INVESTMENT COMPANY INC.,Conversant Inc,CNVR,2008-03-31,SH,55417.0,956000.0,47694.0,1044000.0,0.0152,0.0186,158,157,16.192813,addition,INFORMATION TECHNOLOGY,2693
CHILTON INVESTMENT COMPANY INC.,Microsoft Corp.,MSFT,2008-03-31,SH,32947.0,935000.0,0.0,0.0,0.0149,,159,999999,,new,INFORMATION TECHNOLOGY,178
CHILTON INVESTMENT COMPANY INC.,SUNTECH POWER HOLDINGS CO. LTD,STPFQ,2008-03-31,SH,22987.0,932000.0,0.0,0.0,0.0148,,160,999999,,new,INDUSTRIALS,5937
CHILTON INVESTMENT COMPANY INC.,Fidelity National Financial Inc,FNF,2008-03-31,SH,72020.0,917000.0,0.0,0.0,0.0146,,161,999999,,new,FINANCE,4333
CHILTON INVESTMENT COMPANY INC.,BPI Energy Holdings Inc.,BPIGF,2008-03-31,SH,3998385.0,801000.0,3498385.0,980000.0,0.0127,0.0174,162,159,14.292309,addition,ENERGY,7783
CHILTON INVESTMENT COMPANY INC.,Zoltek Companies Inc.,ZOLT,2008-03-31,SH,30000.0,796000.0,0.0,0.0,0.0127,,163,999999,,new,MATERIALS,5581
CHILTON INVESTMENT COMPANY INC.,Broadcom Corp,BRCM,2008-03-31,SH,40000.0,771000.0,38660.0,1011000.0,0.0123,0.018,164,158,3.466115,addition,INFORMATION TECHNOLOGY,3832
CHILTON INVESTMENT COMPANY INC.,BHP Group Ltd,BHP,2008-03-31,SH,9528.5,560000.0,0.0,0.0,0.0089,,165,999999,,new,ENERGY,3949
CHILTON INVESTMENT COMPANY INC.,Ambac Financial Group Inc,ABKFQ,2008-03-31,SH,94972.0,546000.0,1236660.0,31869000.0,0.0087,0.5664,166,61,-92.320282,reduction,FINANCE,289
CHILTON INVESTMENT COMPANY INC.,ASE Technology Holding Co Ltd,ASX,2008-03-31,SH,100000.0,483000.0,0.0,0.0,0.0077,,167,999999,,new,INFORMATION TECHNOLOGY,6302
CHILTON INVESTMENT COMPANY INC.,Globalstar Inc,GSAT,2008-03-31,SH,66000.0,481000.0,47800.0,382000.0,0.0077,0.0068,168,175,38.075314,addition,UTILITIES AND TELECOMMUNICATIONS,7195
CHILTON INVESTMENT COMPANY INC.,EMCORE Corp.,EMKR,2008-03-31,SH,20716.0,477000.0,0.0,0.0,0.0076,,169,999999,,new,INFORMATION TECHNOLOGY,5600
CHILTON INVESTMENT COMPANY INC.,IPG Photonics Corp,IPGP,2008-03-31,SH,29773.0,467000.0,0.0,0.0,0.0074,,170,999999,,new,INFORMATION TECHNOLOGY,6641
CHILTON INVESTMENT COMPANY INC.,MBIA Inc.,MBI,2008-03-31,SH,30513.0,373000.0,283308.0,5278000.0,0.0059,0.0938,171,115,-89.229743,reduction,FINANCE,2840
CHILTON INVESTMENT COMPANY INC.,Navios Maritime Holdings Inc,NM,2008-03-31,SH,4000.0,371000.0,0.0,0.0,0.0059,,172,999999,,new,TRANSPORTS,11444
CHILTON INVESTMENT COMPANY INC.,HOMEINNS HOTEL GROUP SPONSORED ADR,HMIN,2008-03-31,SH,18067.0,356000.0,20078.0,715000.0,0.0057,0.0127,173,165,-10.015938,reduction,CONSUMER DISCRETIONARY,6851
CHILTON INVESTMENT COMPANY INC.,Motorola Solutions Inc,MSI,2008-03-31,SH,5273.01,343000.0,0.0,0.0,0.0055,,174,999999,,new,INFORMATION TECHNOLOGY,433
CHILTON INVESTMENT COMPANY INC.,China Mobile Ltd. ADR,CHL,2008-03-31,SH,14924.0,280000.0,17952.0,390000.0,0.0045,0.0069,175,174,-16.867201,reduction,UTILITIES AND TELECOMMUNICATIONS,5638
CHILTON INVESTMENT COMPANY INC.,Blackbaud Inc,BLKB,2008-03-31,SH,11319.0,275000.0,11403.0,320000.0,0.0044,0.0057,176,177,-0.736648,reduction,INFORMATION TECHNOLOGY,6318
CHILTON INVESTMENT COMPANY INC.,Amtech Systems Inc.,ASYS,2008-03-31,SH,20000.0,241000.0,123680.0,1607000.0,0.0038,0.0286,177,148,-83.829237,reduction,INFORMATION TECHNOLOGY,6309
CHILTON INVESTMENT COMPANY INC.,Fairchild Semiconductor International Inc. Class A,FCS,2008-03-31,SH,20000.0,238000.0,0.0,0.0,0.0038,,178,999999,,new,INFORMATION TECHNOLOGY,4029
CHILTON INVESTMENT COMPANY INC.,China Sunrgy Adr ADR,CSUNY,2008-03-31,SH,30376.0,222000.0,32347.0,534000.0,0.0035,0.0095,179,171,-6.093301,reduction,INFORMATION TECHNOLOGY,8977
CHILTON INVESTMENT COMPANY INC.,CBRE Group Inc Common Stock Class A,CBRE,2008-03-31,SH,10000.0,216000.0,0.0,0.0,0.0034,,180,999999,,new,REAL ESTATE,4017
CHILTON INVESTMENT COMPANY INC.,Gravity Co. Ltd ADR,GRVY,2008-03-31,SH,38368.76,211000.0,56266.0,698000.0,0.0034,0.0124,181,166,-31.808268,reduction,INFORMATION TECHNOLOGY,10180
CHILTON INVESTMENT COMPANY INC.,Washington Mutual Inc - Dime Bancorp Inc. Litigation Tracking Warrant,DIMEQ,2008-03-31,SH,283600.0,99000.0,283600.0,46000.0,0.0016,0.0008,182,180,0.0,,FINANCE,7721
CHILTON INVESTMENT COMPANY INC.,Wendys Co. (The),WEN,2008-03-31,SH,10200.0,64000.0,387972.0,3397000.0,0.001,0.0604,183,129,-97.370944,reduction,CONSUMER DISCRETIONARY,11361
CHILTON INVESTMENT COMPANY INC.,CSX Corp,CSX,2008-03-31,SH,0.0,0.0,9099900.0,44468000.0,,0.7903,999999,47,-100.0,soldall,TRANSPORTS,220
CHILTON INVESTMENT COMPANY INC.,Hartford Financial Services Group,HIG,2008-03-31,SH,0.0,0.0,75000.0,6539000.0,,0.1162,999999,108,-100.0,soldall,FINANCE,233
CHILTON INVESTMENT COMPANY INC.,Target Corp.,TGT,2008-03-31,SH,0.0,0.0,255000.0,12750000.0,,0.2266,999999,88,-100.0,soldall,CONSUMER DISCRETIONARY,305
CHILTON INVESTMENT COMPANY INC.,Excel Maritime,EXMCQ,2008-03-31,SH,0.0,0.0,483986.0,19451000.0,,0.3457,999999,79,-100.0,soldall,TRANSPORTS,332
CHILTON INVESTMENT COMPANY INC.,American Express Co,AXP,2008-03-31,SH,0.0,0.0,850000.0,44217000.0,,0.7858,999999,48,-100.0,soldall,FINANCE,368
CHILTON INVESTMENT COMPANY INC.,Global X Emerging Markets Great Consumer ETF-,EMC,2008-03-31,SH,0.0,0.0,191403.0,3547000.0,,0.063,999999,127,-100.0,soldall,INFORMATION TECHNOLOGY,398
CHILTON INVESTMENT COMPANY INC.,eBay Inc.,EBAY,2008-03-31,SH,0.0,0.0,46387.0,1540000.0,,0.0274,999999,149,-100.0,soldall,CONSUMER DISCRETIONARY,399
CHILTON INVESTMENT COMPANY INC.,Global X Interest Rate Hedge ETF-,RATE,2008-03-31,SH,0.0,0.0,156042.0,7504000.0,,0.1334,999999,100,-100.0,soldall,CONSUMER DISCRETIONARY,612
CHILTON INVESTMENT COMPANY INC.,Brinker International Inc.,EAT,2008-03-31,SH,0.0,0.0,2142670.0,41911000.0,,0.7448,999999,51,-100.0,soldall,CONSUMER DISCRETIONARY,617
CHILTON INVESTMENT COMPANY INC.,Lexmark International Inc. Class A,LXK,2008-03-31,SH,0.0,0.0,877831.0,30601000.0,,0.5438,999999,63,-100.0,soldall,INFORMATION TECHNOLOGY,678
CHILTON INVESTMENT COMPANY INC.,Global X MSCI China Communication Services ETF-,CHIC,2008-03-31,SH,0.0,0.0,385982.0,6234000.0,,0.1108,999999,110,-100.0,soldall,MUTUAL FUND,764
CHILTON INVESTMENT COMPANY INC.,Hecla Mining Co. (Par $0.25),HL,2008-03-31,SH,0.0,0.0,1126248.0,10530000.0,,0.1871,999999,91,-100.0,soldall,MATERIALS,787
CHILTON INVESTMENT COMPANY INC.,Wynn Resorts Ltd,WYNN,2008-03-31,SH,0.0,0.0,100000.0,11213000.0,,0.1993,999999,90,-100.0,soldall,CONSUMER DISCRETIONARY,839
CHILTON INVESTMENT COMPANY INC.,NetLease Corporate Real Estate ETF-NETLease Corporate Real Estate ETF,NETL,2008-03-31,SH,0.0,0.0,119622.0,1926000.0,,0.0342,999999,143,-100.0,soldall,MUTUAL FUND,925
CHILTON INVESTMENT COMPANY INC.,Altaba Inc. (Yahoo),AABA,2008-03-31,SH,0.0,0.0,128556.0,2990000.0,,0.0531,999999,133,-100.0,soldall,FINANCE,2412
CHILTON INVESTMENT COMPANY INC.,Merrill Lynch & Co. Inc.,MER,2008-03-31,SH,0.0,0.0,300000.0,16104000.0,,0.2862,999999,85,-100.0,soldall,FINANCE,2522
CHILTON INVESTMENT COMPANY INC.,Noble Corp,NEBLQ,2008-03-31,SH,0.0,0.0,466986.0,26389000.0,,0.469,999999,67,-100.0,soldall,ENERGY,3479
CHILTON INVESTMENT COMPANY INC.,E*Trade Financial Corp.,ETFC,2008-03-31,SH,0.0,0.0,500000.0,1775000.0,,0.0315,999999,146,-100.0,soldall,FINANCE,3598
CHILTON INVESTMENT COMPANY INC.,Keryx Biopharmaceuticals Inc,KERX,2008-03-31,SH,0.0,0.0,2378489.0,19979000.0,,0.3551,999999,78,-100.0,soldall,HEALTH CARE,3624
CHILTON INVESTMENT COMPANY INC.,Pultegroup Inc,PHM,2008-03-31,SH,0.0,0.0,2000000.0,21080000.0,,0.3746,999999,75,-100.0,soldall,CONSUMER DISCRETIONARY,3654
CHILTON INVESTMENT COMPANY INC.,Urban Outfitters Inc.,URBN,2008-03-31,SH,0.0,0.0,255316.0,6960000.0,,0.1237,999999,103,-100.0,soldall,CONSUMER DISCRETIONARY,3708
CHILTON INVESTMENT COMPANY INC.,P.F. Changs China Bistro,PFCB,2008-03-31,SH,0.0,0.0,116906.0,2670000.0,,0.0475,999999,136,-100.0,soldall,CONSUMER DISCRETIONARY,3882
CHILTON INVESTMENT COMPANY INC.,C.H. Robinson Worldwide Inc,CHRW,2008-03-31,SH,0.0,0.0,5000.0,271000.0,,0.0048,999999,178,-100.0,soldall,TRANSPORTS,3994
CHILTON INVESTMENT COMPANY INC.,Nomura Holdings Inc. ADS ADR,NMR,2008-03-31,SH,0.0,0.0,40287.0,675000.0,,0.012,999999,167,-100.0,soldall,FINANCE,4135
CHILTON INVESTMENT COMPANY INC.,Starwood Hotels & Resorts Worldwide Inc,HOT,2008-03-31,SH,0.0,0.0,400453.0,17632000.0,,0.3134,999999,82,-100.0,soldall,REAL ESTATE,4272
CHILTON INVESTMENT COMPANY INC.,Focus Media Holdings Inc,FMCN,2008-03-31,SH,0.0,0.0,21902.0,1244000.0,,0.0221,999999,154,-100.0,soldall,CONSUMER DISCRETIONARY,4819
CHILTON INVESTMENT COMPANY INC.,Honda Motor Co Ltd. ADR (Honda Giken Kogyo Kabushiki Kaisha) ADR,HMC,2008-03-31,SH,0.0,0.0,20205.0,670000.0,,0.0119,999999,169,-100.0,soldall,CONSUMER DISCRETIONARY,4882
CHILTON INVESTMENT COMPANY INC.,Mattel Inc.,MAT,2008-03-31,SH,0.0,0.0,1843000.0,35091000.0,,0.6236,999999,56,-100.0,soldall,CONSUMER DISCRETIONARY,4892
CHILTON INVESTMENT COMPANY INC.,Infinera Corp,INFN,2008-03-31,SH,0.0,0.0,51825.0,769000.0,,0.0137,999999,164,-100.0,soldall,INFORMATION TECHNOLOGY,4937
CHILTON INVESTMENT COMPANY INC.,Compton Petroleum Corp.,CMZPF.PK1,2008-03-31,SH,0.0,0.0,726081.0,6679000.0,,0.1187,999999,105,-100.0,soldall,MATERIALS,4976
CHILTON INVESTMENT COMPANY INC.,Brown-Forman Corp. Class B,BF.B,2008-03-31,SH,0.0,0.0,475696.88,7521000.0,,0.1337,999999,99,-100.0,soldall,CONSUMER STAPLES,5058
CHILTON INVESTMENT COMPANY INC.,Ralph Lauren Corp. Class A,RL,2008-03-31,SH,0.0,0.0,478900.0,29591000.0,,0.5259,999999,65,-100.0,soldall,CONSUMER DISCRETIONARY,5153
CHILTON INVESTMENT COMPANY INC.,Zumiez Inc,ZUMZ,2008-03-31,SH,0.0,0.0,357186.0,8701000.0,,0.1546,999999,94,-100.0,soldall,CONSUMER DISCRETIONARY,5194
CHILTON INVESTMENT COMPANY INC.,BigBand Networks Inc,BBND,2008-03-31,SH,0.0,0.0,162791.0,837000.0,,0.0149,999999,163,-100.0,soldall,INFORMATION TECHNOLOGY,5486
CHILTON INVESTMENT COMPANY INC.,Gold Fields Ltd ADR,GFI,2008-03-31,SH,0.0,0.0,2397392.0,34043000.0,,0.605,999999,58,-100.0,soldall,MATERIALS,5532
CHILTON INVESTMENT COMPANY INC.,Nexen Inc,NXY,2008-03-31,SH,0.0,0.0,1106522.0,35707000.0,,0.6346,999999,54,-100.0,soldall,ENERGY,5553
CHILTON INVESTMENT COMPANY INC.,PERICOM SEMICONDUCTOR CORP COM STK,PSEM,2008-03-31,SH,0.0,0.0,125590.0,2349000.0,,0.0417,999999,138,-100.0,soldall,INFORMATION TECHNOLOGY,5768
CHILTON INVESTMENT COMPANY INC.,Toyota Motors Corp. ADR,TM,2008-03-31,SH,0.0,0.0,108268.0,11495000.0,,0.2043,999999,89,-100.0,soldall,CONSUMER DISCRETIONARY,5799
CHILTON INVESTMENT COMPANY INC.,Millicom International Cellular S.A. Registered Shares,MIICF,2008-03-31,SH,0.0,0.0,2971896.0,5497000.0,,0.0977,999999,113,-100.0,soldall,UTILITIES AND TELECOMMUNICATIONS,5948
CHILTON INVESTMENT COMPANY INC.,Kenneth Cole Productions Inc. Class A,KCP,2008-03-31,SH,0.0,0.0,105950.0,1853000.0,,0.0329,999999,144,-100.0,soldall,CONSUMER DISCRETIONARY,6115
CHILTON INVESTMENT COMPANY INC.,Under Armour Inc,UAA,2008-03-31,SH,0.0,0.0,1384456.0,7557000.0,,0.1343,999999,98,-100.0,soldall,CONSUMER DISCRETIONARY,6450
CHILTON INVESTMENT COMPANY INC.,Snyders-Lance Inc.,LNCE,2008-03-31,SH,0.0,0.0,118840.0,2427000.0,,0.0431,999999,137,-100.0,soldall,CONSUMER STAPLES,7316
CHILTON INVESTMENT COMPANY INC.,EZCHIP SEMICONDUCTOR LTD ORD SHS (IL),EZCH,2008-03-31,SH,0.0,0.0,121136.0,7384000.0,,0.1312,999999,101,-100.0,soldall,INFORMATION TECHNOLOGY,7317
CHILTON INVESTMENT COMPANY INC.,RENTECH INC COM NEW (CO),RTK,2008-03-31,SH,0.0,0.0,114026.1,2064000.0,,0.0367,999999,140,-100.0,soldall,ENERGY,7521
CHILTON INVESTMENT COMPANY INC.,WuXi PharmaTech (Cayman) Inc.,WX,2008-03-31,SH,0.0,0.0,12008.0,351000.0,,0.0062,999999,176,-100.0,soldall,HEALTH CARE,7712
CHILTON INVESTMENT COMPANY INC.,Dish Network Corp Class A,DISH,2008-03-31,SH,0.0,0.0,123389.0,4654000.0,,0.0827,999999,119,-100.0,soldall,COMMUNICATIONS,8397
CHILTON INVESTMENT COMPANY INC.,Internet Initiative Japan Inc,IIJIY,2008-03-31,SH,0.0,0.0,67417.0,673000.0,,0.012,999999,168,-100.0,soldall,INFORMATION TECHNOLOGY,8473
CHILTON INVESTMENT COMPANY INC.,SunTrust Banks Inc.,STI,2008-03-31,SH,0.0,0.0,2450000.0,153101000.0,,2.7209,999999,5,-100.0,soldall,FINANCE,11359
CHILTON INVESTMENT COMPANY INC.,Monster Worldwide Inc.,MWW,2008-03-31,SH,0.0,0.0,36149.0,1171000.0,,0.0208,999999,155,-100.0,soldall,INDUSTRIALS,69335
CHILTON INVESTMENT COMPANY INC.,Southern Copper Corp.,SCCO,2008-03-31,SH,0.0,0.0,1603191.0,56181000.0,,0.9984,999999,38,-100.0,soldall,MATERIALS,87972
