Filer Name,Stock Name,Stock Ticker,Quarter Date,Type of Security,Current Shares Held,Current Market Value,Previous Shares Held,Previous Market Value,Current % of Portfolio,Previous % of Portfolio,Current Rank,Previous Rank,Change in Shares,Type of Change,Sector,stock_id
CHILTON INVESTMENT COMPANY INC.,Southwestern Energy Co.,SWN,2007-09-30,SH,11210148.0,234572000.0,6704236.0,149169000.0,5.1952,3.0539,1,3,67.209925,addition,ENERGY,3900
CHILTON INVESTMENT COMPANY INC.,American Century Focused Dynamic Growth ETF-,FDG,2007-09-30,SH,4590514.0,178020000.0,1796428.0,58815000.0,3.9427,1.2041,2,28,155.535652,addition,MATERIALS,3800
CHILTON INVESTMENT COMPANY INC.,GoldCorp Inc.,GG,2007-09-30,SH,5582633.0,170605000.0,2999874.0,71067000.0,3.7785,1.4549,3,17,86.095583,addition,MATERIALS,116
CHILTON INVESTMENT COMPANY INC.,Fidelity National Information Services Inc,FIS,2007-09-30,SH,3255419.0,144443000.0,2603470.0,141316000.0,3.1991,2.8931,5,4,25.041541,addition,FINANCE,2403
CHILTON INVESTMENT COMPANY INC.,Mastercard Inc,MA,2007-09-30,SH,9486090.0,140366000.0,7492510.0,124278000.0,3.1088,2.5443,6,7,26.607639,addition,FINANCE,4044
CHILTON INVESTMENT COMPANY INC.,Cypress Semiconductor Corp,CY,2007-09-30,SH,21500855.06,135719000.0,25613184.74,128910000.0,3.0059,2.6392,7,6,-16.055519,reduction,INFORMATION TECHNOLOGY,3714
CHILTON INVESTMENT COMPANY INC.,Peoples United Financial Inc.,PBCT,2007-09-30,SH,6846640.0,118310000.0,1000000.0,17730000.0,2.6203,0.363,8,70,584.664,addition,FINANCE,3700
CHILTON INVESTMENT COMPANY INC.,Berkeley (W.R.) Corp.,WRB,2007-09-30,SH,7581721.5,99843000.0,6719166.0,97174000.0,2.2113,1.9894,9,11,12.837241,addition,FINANCE,543
CHILTON INVESTMENT COMPANY INC.,America Movil S.A.B.DE C.V.,AMX,2007-09-30,SH,2858328.0,91466000.0,2376578.0,73591000.0,2.0258,1.5066,10,16,20.270742,addition,UTILITIES AND TELECOMMUNICATIONS,3509
CHILTON INVESTMENT COMPANY INC.,MEMC Electronic Materials Inc.,WFR,2007-09-30,SH,1475423.0,86843000.0,1463965.0,89478000.0,1.9234,1.8319,11,13,0.782669,addition,INFORMATION TECHNOLOGY,969
CHILTON INVESTMENT COMPANY INC.,Cameco Corp.,CCJ,2007-09-30,SH,1850151.0,85551000.0,908179.0,46081000.0,1.8948,0.9434,12,35,103.720962,addition,ENERGY,156
CHILTON INVESTMENT COMPANY INC.,KBR Inc,KBR,2007-09-30,SH,2191286.0,84956000.0,2456507.0,64434000.0,1.8816,1.3191,13,22,-10.796672,reduction,INDUSTRIALS,3898
CHILTON INVESTMENT COMPANY INC.,Agnico-Eagle Mines Ltd,AEM,2007-09-30,SH,1544652.0,76924000.0,0.0,0.0,1.7037,,14,999999,,new,MATERIALS,5500
CHILTON INVESTMENT COMPANY INC.,American Express Co,AXP,2007-09-30,SH,1269188.0,75352000.0,1022727.0,62570000.0,1.6689,1.281,15,25,24.098415,addition,FINANCE,368
CHILTON INVESTMENT COMPANY INC.,Baker Hughes Company,BKR,2007-09-30,SH,828706.0,74890000.0,1587215.0,133532000.0,1.6586,2.7338,16,5,-47.788674,reduction,ENERGY,2502
CHILTON INVESTMENT COMPANY INC.,Safeway Inc.,SWY,2007-09-30,SH,2234184.0,73974000.0,0.0,0.0,1.6384,,17,999999,,new,CONSUMER STAPLES,11356
CHILTON INVESTMENT COMPANY INC.,Altaba Inc. (Yahoo),AABA,2007-09-30,SH,2686594.0,72115000.0,629593.0,17081000.0,1.5972,0.3497,18,73,326.719166,addition,FINANCE,2412
CHILTON INVESTMENT COMPANY INC.,REX BKCM ETF-REX BKCM ETF,BKC,2007-09-30,SH,2764146.0,70458000.0,2454240.0,64645000.0,1.5605,1.3235,19,21,12.627371,addition,MUTUAL FUND,3584
CHILTON INVESTMENT COMPANY INC.,Burlington Northern Santa Fe Corp.,BNI,2007-09-30,SH,855000.0,69400000.0,0.0,0.0,1.537,,20,999999,,new,TRANSPORTS,1052
CHILTON INVESTMENT COMPANY INC.,Destination XL Group Inc.,DXLG,2007-09-30,SH,7728438.0,69247000.0,8224596.0,83068000.0,1.5337,1.7006,21,15,-6.032612,reduction,CONSUMER DISCRETIONARY,988
CHILTON INVESTMENT COMPANY INC.,ANADIGICS INC,ANAD,2007-09-30,SH,3759993.0,67981000.0,6928873.0,95549000.0,1.5056,1.9562,22,12,-45.734422,reduction,INFORMATION TECHNOLOGY,984
CHILTON INVESTMENT COMPANY INC.,CNX Resources Corporation,CNX,2007-09-30,SH,1393330.0,64929000.0,713274.0,32889000.0,1.438,0.6733,23,52,95.342884,addition,ENERGY,1030
CHILTON INVESTMENT COMPANY INC.,Suncor Energy Inc.,SU,2007-09-30,SH,1351370.0,64062000.0,1458294.0,65565000.0,1.4188,1.3423,24,19,-7.332129,reduction,ENERGY,127
CHILTON INVESTMENT COMPANY INC.,Range Resources Corp.,RRC,2007-09-30,SH,1478686.0,60123000.0,1463837.0,54762000.0,1.3316,1.1211,25,31,1.014389,addition,ENERGY,3656
CHILTON INVESTMENT COMPANY INC.,Interline Brands Inc,IBI,2007-09-30,SH,2560543.0,58867000.0,2440782.0,63656000.0,1.3038,1.3032,26,23,4.906665,addition,INDUSTRIALS,6168
CHILTON INVESTMENT COMPANY INC.,ALPHA NATURAL RESOURCES INC.,ANRZQ,2007-09-30,SH,2506338.0,58222000.0,0.0,0.0,1.2895,,27,999999,,new,ENERGY,2763
CHILTON INVESTMENT COMPANY INC.,QUICKSILVER RESOURCES INC,KWKAQ,2007-09-30,SH,2427224.0,57100000.0,2002070.0,44626000.0,1.2646,0.9136,28,37,21.235721,addition,ENERGY,5156
CHILTON INVESTMENT COMPANY INC.,Republic Services Inc.,RSG,2007-09-30,SH,1575567.0,51537000.0,1382081.0,42347000.0,1.1414,0.867,29,40,13.999614,addition,INDUSTRIALS,5160
CHILTON INVESTMENT COMPANY INC.,Dish Network Corp Class A,DISH,2007-09-30,SH,1098592.0,51425000.0,1264057.0,54822000.0,1.1389,1.1224,30,30,-13.089995,reduction,COMMUNICATIONS,8397
CHILTON INVESTMENT COMPANY INC.,XTO Energy Inc.,XTO,2007-09-30,SH,1017905.0,50358000.0,0.0,0.0,1.1153,,31,999999,,new,ENERGY,478
CHILTON INVESTMENT COMPANY INC.,Kinross Gold Corp. ADR,KGC,2007-09-30,SH,3352962.0,50227000.0,3639806.0,42513000.0,1.1124,0.8704,32,39,-7.88075,reduction,MATERIALS,674
CHILTON INVESTMENT COMPANY INC.,Urban Outfitters Inc.,URBN,2007-09-30,SH,2279641.0,49696000.0,1688714.0,40580000.0,1.1007,0.8308,33,42,34.992722,addition,CONSUMER DISCRETIONARY,3708
CHILTON INVESTMENT COMPANY INC.,PEABODY ENERGY CORP COM STK NEW,BTUUQ,2007-09-30,SH,68222.56,48963000.0,49365.67,35807000.0,1.0844,0.7331,34,50,38.198388,addition,ENERGY,1025
CHILTON INVESTMENT COMPANY INC.,Alphabet Inc. Class A,GOOGL,2007-09-30,SH,1717800.0,48723000.0,79620.0,2081000.0,1.0791,0.0426,35,127,2057.498116,addition,COMMUNICATIONS,4112
CHILTON INVESTMENT COMPANY INC.,Blackberry Ltd,BB,2007-09-30,SH,469662.0,46285000.0,954282.0,63616000.0,1.0251,1.3024,36,24,-50.783731,reduction,INFORMATION TECHNOLOGY,21
CHILTON INVESTMENT COMPANY INC.,Gold Fields Ltd ADR,GFI,2007-09-30,SH,2397392.0,43369000.0,1805796.0,28351000.0,0.9605,0.5804,37,54,32.760954,addition,MATERIALS,5532
CHILTON INVESTMENT COMPANY INC.,Mondelez International Inc. (Kraft Foods),MDLZ,2007-09-30,SH,1210000.0,41757000.0,0.0,0.0,0.9248,,38,999999,,new,CONSUMER STAPLES,3785
CHILTON INVESTMENT COMPANY INC.,Ralph Lauren Corp. Class A,RL,2007-09-30,SH,469000.0,36465000.0,0.0,0.0,0.8076,,39,999999,,new,CONSUMER DISCRETIONARY,5153
CHILTON INVESTMENT COMPANY INC.,Mattel Inc.,MAT,2007-09-30,SH,1500000.0,35190000.0,0.0,0.0,0.7794,,40,999999,,new,CONSUMER DISCRETIONARY,4892
CHILTON INVESTMENT COMPANY INC.,Compass Diversified Holdings,CODI,2007-09-30,SH,2187252.0,35127000.0,2185775.0,38972000.0,0.778,0.7979,41,44,0.067573,addition,FINANCE,7079
CHILTON INVESTMENT COMPANY INC.,Nexen Inc,NXY,2007-09-30,SH,1106522.0,33793000.0,1194073.0,36957000.0,0.7484,0.7566,42,48,-7.332131,reduction,ENERGY,5553
CHILTON INVESTMENT COMPANY INC.,SunTrust Banks Inc.,STI,2007-09-30,SH,435000.0,32916000.0,0.0,0.0,0.729,,43,999999,,new,FINANCE,11359
CHILTON INVESTMENT COMPANY INC.,Lundin Mining Corp. Ordinary Share,LUNMF,2007-09-30,SH,2519121.0,32193000.0,0.0,0.0,0.713,,44,999999,,new,MATERIALS,5547
CHILTON INVESTMENT COMPANY INC.,AngloGold Ashanti Plc.,AU,2007-09-30,SH,679553.0,31864000.0,352175.0,13319000.0,0.7057,0.2727,45,85,92.958898,addition,MATERIALS,6810
CHILTON INVESTMENT COMPANY INC.,Newmont Mining Corp. (Holding Co.),NEM,2007-09-30,SH,703307.0,31459000.0,431117.0,16839000.0,0.6967,0.3447,46,75,63.135993,addition,MATERIALS,438
CHILTON INVESTMENT COMPANY INC.,Brinker International Inc.,EAT,2007-09-30,SH,1136400.0,31183000.0,0.0,0.0,0.6906,,47,999999,,new,CONSUMER DISCRETIONARY,617
CHILTON INVESTMENT COMPANY INC.,National Instruments Corp,NATI,2007-09-30,SH,1361119.5,31151000.0,1732609.5,37621000.0,0.6899,0.7702,48,46,-21.441069,reduction,INFORMATION TECHNOLOGY,5139
CHILTON INVESTMENT COMPANY INC.,Medivation Inc.,MDVN,2007-09-30,SH,6047936.0,30315000.0,7702352.0,39340000.0,0.6714,0.8054,49,43,-21.479361,reduction,HEALTH CARE,3405
CHILTON INVESTMENT COMPANY INC.,SSR Mining,SSRM,2007-09-30,SH,807254.0,30103000.0,363935.0,12508000.0,0.6667,0.2561,50,87,121.812686,addition,MATERIALS,5569
CHILTON INVESTMENT COMPANY INC.,BJ Services Co.,BJS,2007-09-30,SH,1113310.0,29558000.0,2000754.0,56901000.0,0.6546,1.1649,51,29,-44.355478,reduction,ENERGY,4301
CHILTON INVESTMENT COMPANY INC.,EOG Resources Inc,EOG,2007-09-30,SH,793416.0,28694000.0,856194.0,31277000.0,0.6355,0.6403,52,53,-7.332217,reduction,ENERGY,4870
CHILTON INVESTMENT COMPANY INC.,Corning Inc.,GLW,2007-09-30,SH,1087493.0,26807000.0,2377718.0,60751000.0,0.5937,1.2437,53,27,-54.263163,reduction,MATERIALS,146
CHILTON INVESTMENT COMPANY INC.,Merrill Lynch & Co. Inc. Regional Bank HOLDRs Trust ETF,RKHYL,2007-09-30,SH,180000.0,26721000.0,0.0,0.0,0.5918,,54,999999,,new,FINANCE,6658
CHILTON INVESTMENT COMPANY INC.,NVR Inc,NVR,2007-09-30,SH,55000.0,25864000.0,32199.0,21887000.0,0.5728,0.4481,55,61,70.812758,addition,CONSUMER DISCRETIONARY,2611
CHILTON INVESTMENT COMPANY INC.,Keryx Biopharmaceuticals Inc,KERX,2007-09-30,SH,2346464.0,23324000.0,2166307.0,21165000.0,0.5166,0.4333,56,62,8.316319,addition,HEALTH CARE,3624
CHILTON INVESTMENT COMPANY INC.,Foundation Coal Holdings Inc,FCL,2007-09-30,SH,585441.0,22949000.0,414518.0,16846000.0,0.5083,0.3449,57,74,41.234156,addition,ENERGY,783
CHILTON INVESTMENT COMPANY INC.,Vivus Inc,VVUS,2007-09-30,SH,459802.2,22806000.0,448225.3,23442000.0,0.5051,0.4799,58,59,2.582831,addition,HEALTH CARE,7680
CHILTON INVESTMENT COMPANY INC.,Pan American Silver Corp,PAAS,2007-09-30,SH,776935.0,22453000.0,1012015.0,26646000.0,0.4973,0.5455,59,55,-23.228905,reduction,MATERIALS,181
CHILTON INVESTMENT COMPANY INC.,Canadian Natural Resources Ltd,CNQ,2007-09-30,SH,571737.54,21209000.0,616976.01,20047000.0,0.4697,0.4104,60,63,-7.33229,reduction,ENERGY,106
CHILTON INVESTMENT COMPANY INC.,Dine Brands Global Inc,DIN,2007-09-30,SH,300200.0,19012000.0,0.0,0.0,0.4211,,61,999999,,new,CONSUMER DISCRETIONARY,46044
CHILTON INVESTMENT COMPANY INC.,Ovintiv Inc. (Pan Canadian Energy - Encana Corp.),OVV,2007-09-30,SH,59213.2,18312000.0,63898.4,19633000.0,0.4056,0.4019,62,65,-7.332265,reduction,ENERGY,112
CHILTON INVESTMENT COMPANY INC.,FMC Gold Co.,MDG,2007-09-30,SH,541412.0,17921000.0,584250.0,16114000.0,0.3969,0.3299,63,79,-7.332135,reduction,MATERIALS,97193
CHILTON INVESTMENT COMPANY INC.,QLogic Corp.,QLGC,2007-09-30,SH,1282270.0,17247000.0,294015.0,4895000.0,0.382,0.1002,64,112,336.124007,addition,INFORMATION TECHNOLOGY,707
CHILTON INVESTMENT COMPANY INC.,Tesco Corp.,TESO,2007-09-30,SH,630595.0,17095000.0,372160.0,11742000.0,0.3786,0.2404,65,88,69.441907,addition,ENERGY,11556
CHILTON INVESTMENT COMPANY INC.,CNX Gas Corp.,CXG,2007-09-30,SH,591723.0,17024000.0,812710.0,24869000.0,0.377,0.5091,66,57,-27.191372,reduction,ENERGY,5258
CHILTON INVESTMENT COMPANY INC.,Northwest Airlines Corp.,NWACQ,2007-09-30,SH,905716.0,16122000.0,1672221.0,37123000.0,0.3571,0.76,67,47,-45.837542,reduction,TRANSPORTS,867
CHILTON INVESTMENT COMPANY INC.,Sears Holdings Corp,SHLDQ,2007-09-30,SH,123810.0,15749000.0,0.0,0.0,0.3488,,68,999999,,new,CONSUMER DISCRETIONARY,1061
CHILTON INVESTMENT COMPANY INC.,Robert Half International Inc.,RHI,2007-09-30,SH,513000.0,15318000.0,378912.0,13830000.0,0.3393,0.2831,69,82,35.387636,addition,INDUSTRIALS,815
CHILTON INVESTMENT COMPANY INC.,Freeport-McMoRan Copper & Gold Inc,FCX,2007-09-30,SH,283818.0,14885000.0,2566584.0,106282000.0,0.3297,2.1759,70,10,-88.9418,reduction,MATERIALS,652
CHILTON INVESTMENT COMPANY INC.,GOODRICH PETROLEUM CORP(NEW),GDPMQ,2007-09-30,SH,446727.0,14161000.0,482073.0,16694000.0,0.3136,0.3418,71,76,-7.332085,reduction,ENERGY,5534
CHILTON INVESTMENT COMPANY INC.,QUALCOMM Inc.,QCOM,2007-09-30,SH,311000.0,13143000.0,21308.0,925000.0,0.2911,0.0189,72,137,1359.545711,addition,INFORMATION TECHNOLOGY,273
CHILTON INVESTMENT COMPANY INC.,Morgan Stanley,MS,2007-09-30,SH,201861.0,12717000.0,330867.0,23038000.0,0.2817,0.4717,73,60,-38.990289,reduction,FINANCE,505
CHILTON INVESTMENT COMPANY INC.,Harley Davidson Inc,HOG,2007-09-30,SH,275000.0,12708000.0,0.0,0.0,0.2815,,74,999999,,new,CONSUMER DISCRETIONARY,557
CHILTON INVESTMENT COMPANY INC.,COLDWATER CREEK INC COM STK NEW,CWTRQ,2007-09-30,SH,291500.0,12663000.0,0.0,0.0,0.2805,,75,999999,,new,CONSUMER DISCRETIONARY,627
CHILTON INVESTMENT COMPANY INC.,Sociedad Quimica y Minera de Chile S.A. Class A ADR,SQM,2007-09-30,SH,732350.0,12661000.0,790300.0,13596000.0,0.2804,0.2783,76,84,-7.332658,reduction,MATERIALS,8243
CHILTON INVESTMENT COMPANY INC.,Lesaka Technologies Inc,LSAK,2007-09-30,SH,458766.0,12465000.0,454911.0,10986000.0,0.2761,0.2249,77,89,0.847419,addition,INFORMATION TECHNOLOGY,6029
CHILTON INVESTMENT COMPANY INC.,Northern Dynasty Minerals Ltd.,NAK,2007-09-30,SH,1084238.0,12101000.0,0.0,0.0,0.268,,78,999999,,new,MATERIALS,4094
CHILTON INVESTMENT COMPANY INC.,Mirant Corp. (New),MIRKQ,2007-09-30,SH,295460.0,12019000.0,617404.0,26332000.0,0.2662,0.5391,79,56,-52.144787,reduction,UTILITIES AND TELECOMMUNICATIONS,887
CHILTON INVESTMENT COMPANY INC.,Concho Resources Inc,CXO,2007-09-30,SH,807920.0,11965000.0,0.0,0.0,0.265,,80,999999,,new,ENERGY,6018
CHILTON INVESTMENT COMPANY INC.,Popeyes Louisiana Kitchen Inc.,PLKI,2007-09-30,SH,776133.0,11681000.0,3034514.0,52467000.0,0.2587,1.0741,81,33,-74.423153,reduction,CONSUMER DISCRETIONARY,6078
CHILTON INVESTMENT COMPANY INC.,RF MICRO DEVICES INC,RFMD,2007-09-30,SH,433269.25,11664000.0,0.0,0.0,0.2583,,82,999999,,new,INFORMATION TECHNOLOGY,1000
CHILTON INVESTMENT COMPANY INC.,Global X Interest Rate Hedge ETF-,RATE,2007-09-30,SH,248875.0,11478000.0,402693.0,19297000.0,0.2542,0.3951,83,66,-38.197336,reduction,CONSUMER DISCRETIONARY,612
CHILTON INVESTMENT COMPANY INC.,Symyx Technologies Inc.,SMMX,2007-09-30,SH,1230062.0,10689000.0,1199590.0,13807000.0,0.2367,0.2827,84,83,2.540201,addition,MATERIALS,828
CHILTON INVESTMENT COMPANY INC.,S&P Global Inc. (McGraw-Hill Inc.),SPGI,2007-09-30,SH,200000.0,10182000.0,0.0,0.0,0.2255,,85,999999,,new,COMMUNICATIONS,251
CHILTON INVESTMENT COMPANY INC.,Hecla Mining Co. (Par $0.25),HL,2007-09-30,SH,1126248.0,10080000.0,1953327.0,16681000.0,0.2232,0.3415,86,77,-42.342066,reduction,MATERIALS,787
CHILTON INVESTMENT COMPANY INC.,Yum! Brands Inc. (Tricon Global Restaurants),YUM,2007-09-30,SH,297145.0,10052000.0,0.0,0.0,0.2226,,87,999999,,new,CONSUMER DISCRETIONARY,479
CHILTON INVESTMENT COMPANY INC.,Vmware Inc,VMW,2007-09-30,SH,118023.0,10032000.0,0.0,0.0,0.2222,,88,999999,,new,INFORMATION TECHNOLOGY,11431
CHILTON INVESTMENT COMPANY INC.,BEA Systems Inc,BEAS,2007-09-30,SH,704392.0,9770000.0,1205368.0,16501000.0,0.2164,0.3378,89,78,-41.562079,reduction,INFORMATION TECHNOLOGY,481
CHILTON INVESTMENT COMPANY INC.,Andersons Inc. (The),ANDE,2007-09-30,SH,303027.0,9701000.0,327003.0,9882000.0,0.2149,0.2023,90,92,-7.332043,reduction,CONSUMER STAPLES,5242
CHILTON INVESTMENT COMPANY INC.,Marriott International Inc/MD,MAR,2007-09-30,SH,200000.0,8694000.0,0.0,0.0,0.1926,,91,999999,,new,CONSUMER DISCRETIONARY,2521
CHILTON INVESTMENT COMPANY INC.,Harman International Industries,HAR,2007-09-30,SH,100000.0,8652000.0,0.0,0.0,0.1916,,92,999999,,new,CONSUMER DISCRETIONARY,3613
CHILTON INVESTMENT COMPANY INC.,Cogent Communications Group Inc,CCOI,2007-09-30,SH,362476.0,8460000.0,239797.0,7163000.0,0.1874,0.1466,93,102,51.159522,addition,COMMUNICATIONS,6333
CHILTON INVESTMENT COMPANY INC.,Sealy Corp.,ZZ,2007-09-30,SH,593770.0,8337000.0,786471.0,12993000.0,0.1846,0.266,94,86,-24.501984,reduction,CONSUMER DISCRETIONARY,7556
CHILTON INVESTMENT COMPANY INC.,Heartland Express Inc.,HTLD,2007-09-30,SH,571258.0,8158000.0,556349.0,9068000.0,0.1807,0.1856,95,95,2.679793,addition,TRANSPORTS,6506
CHILTON INVESTMENT COMPANY INC.,Parallel Pete Corp. (DE),PLLL,2007-09-30,SH,455472.0,7738000.0,491510.0,10764000.0,0.1714,0.2204,96,90,-7.332099,reduction,ENERGY,3424
CHILTON INVESTMENT COMPANY INC.,Applied Micro Circuits Inc.,AMCC,2007-09-30,SH,611755.75,7733000.0,31250.0,313000.0,0.1713,0.0064,97,154,1857.6184,addition,INFORMATION TECHNOLOGY,5671
CHILTON INVESTMENT COMPANY INC.,MSC Industrial Direct Inc.,MSM,2007-09-30,SH,149834.0,7580000.0,343055.0,18868000.0,0.1679,0.3863,98,67,-56.323622,reduction,INDUSTRIALS,5127
CHILTON INVESTMENT COMPANY INC.,Childrens Place Inc,PLCE,2007-09-30,SH,310807.0,7546000.0,0.0,0.0,0.1671,,99,999999,,new,CONSUMER DISCRETIONARY,2414
CHILTON INVESTMENT COMPANY INC.,Compton Petroleum Corp.,CMZPF.PK1,2007-09-30,SH,726081.0,6790000.0,0.0,0.0,0.1504,,100,999999,,new,MATERIALS,4976
CHILTON INVESTMENT COMPANY INC.,Sify Technologies Ltd ADR,SIFY,2007-09-30,SH,793592.0,6746000.0,773513.0,6822000.0,0.1494,0.1397,101,103,2.595819,addition,COMMUNICATIONS,9955
CHILTON INVESTMENT COMPANY INC.,KB Home Inc.,KBH,2007-09-30,SH,268670.0,6733000.0,200298.0,7886000.0,0.1491,0.1614,102,99,34.135139,addition,CONSUMER DISCRETIONARY,3623
CHILTON INVESTMENT COMPANY INC.,NetLease Corporate Real Estate ETF-NETLease Corporate Real Estate ETF,NETL,2007-09-30,SH,368250.0,6649000.0,0.0,0.0,0.1473,,103,999999,,new,MUTUAL FUND,925
CHILTON INVESTMENT COMPANY INC.,Crystallex International Corp.,CRYFQ,2007-09-30,SH,2005780.0,6358000.0,2164483.0,8983000.0,0.1408,0.1839,104,96,-7.332144,reduction,MATERIALS,6828
CHILTON INVESTMENT COMPANY INC.,Target Corp.,TGT,2007-09-30,SH,100000.0,6357000.0,0.0,0.0,0.1408,,105,999999,,new,CONSUMER DISCRETIONARY,305
CHILTON INVESTMENT COMPANY INC.,PERICOM SEMICONDUCTOR CORP COM STK,PSEM,2007-09-30,SH,519293.0,6086000.0,260645.0,2909000.0,0.1348,0.0596,106,120,99.233824,addition,INFORMATION TECHNOLOGY,5768
CHILTON INVESTMENT COMPANY INC.,Warren Resources Inc,WRES,2007-09-30,SH,459225.0,5759000.0,495560.0,5788000.0,0.1275,0.1185,107,110,-7.332109,reduction,ENERGY,6051
CHILTON INVESTMENT COMPANY INC.,KKR Financial Holding Co.,KFN,2007-09-30,SH,320717.0,5404000.0,0.0,0.0,0.1197,,108,999999,,new,FINANCE,6855
CHILTON INVESTMENT COMPANY INC.,Gold Reserve Corp Foreign Ordinary,GDRZF,2007-09-30,SH,1201670.0,5263000.0,1296750.0,7223000.0,0.1166,0.1479,109,101,-7.332177,reduction,MATERIALS,6844
CHILTON INVESTMENT COMPANY INC.,Graco Inc.,GGG,2007-09-30,SH,402759.0,5251000.0,687744.0,9234000.0,0.1163,0.189,110,94,-41.437657,reduction,INDUSTRIALS,3719
CHILTON INVESTMENT COMPANY INC.,Quest Resource Corp.,QRCP,2007-09-30,SH,516001.0,4979000.0,556829.0,6504000.0,0.1103,0.1332,111,107,-7.332233,reduction,ENERGY,5316
CHILTON INVESTMENT COMPANY INC.,Biotechne Corp,TECH,2007-09-30,SH,304868.0,4808000.0,318268.0,4552000.0,0.1065,0.0932,112,115,-4.210288,reduction,HEALTH CARE,5172
CHILTON INVESTMENT COMPANY INC.,SouthWest Water Co,SWWC,2007-09-30,SH,354500.0,4477000.0,365500.0,4667000.0,0.0992,0.0955,113,114,-3.009576,reduction,UTILITIES AND TELECOMMUNICATIONS,7573
CHILTON INVESTMENT COMPANY INC.,First Solar Inc,FSLR,2007-09-30,SH,37252.0,4386000.0,99856.0,8916000.0,0.0971,0.1825,114,97,-62.69428,reduction,INDUSTRIALS,6021
CHILTON INVESTMENT COMPANY INC.,International Game Technology Inc.,IGT,2007-09-30,SH,98899.0,4263000.0,0.0,0.0,0.0944,,115,999999,,new,CONSUMER DISCRETIONARY,3619
CHILTON INVESTMENT COMPANY INC.,Lexmark International Inc. Class A,LXK,2007-09-30,SH,100000.0,4153000.0,0.0,0.0,0.092,,116,999999,,new,INFORMATION TECHNOLOGY,678
CHILTON INVESTMENT COMPANY INC.,Carlisle Companies Inc,CSL,2007-09-30,SH,79471.0,3862000.0,93009.0,4326000.0,0.0855,0.0886,117,116,-14.555581,reduction,INDUSTRIALS,4075
CHILTON INVESTMENT COMPANY INC.,TJX Companies Inc.,TJX,2007-09-30,SH,511132.0,3715000.0,0.0,0.0,0.0823,,118,999999,,new,CONSUMER DISCRETIONARY,185
CHILTON INVESTMENT COMPANY INC.,GeoMet Inc (DE),GMET,2007-09-30,SH,715100.0,3640000.0,771681.0,5911000.0,0.0806,0.121,119,109,-7.332175,reduction,ENERGY,7189
CHILTON INVESTMENT COMPANY INC.,P.F. Changs China Bistro,PFCB,2007-09-30,SH,115976.0,3433000.0,0.0,0.0,0.076,,120,999999,,new,CONSUMER DISCRETIONARY,3882
CHILTON INVESTMENT COMPANY INC.,Banro Corp.,BAA,2007-09-30,SH,268083.0,3369000.0,0.0,0.0,0.0746,,121,999999,,new,MATERIALS,5505
CHILTON INVESTMENT COMPANY INC.,WESCO International Inc,WCC,2007-09-30,SH,75626.0,3247000.0,0.0,0.0,0.0719,,122,999999,,new,INDUSTRIALS,2696
CHILTON INVESTMENT COMPANY INC.,Yingli Green Energy Holding Company Ltd ADR,YGEHY,2007-09-30,SH,12289.5,3204000.0,2955.9,429000.0,0.071,0.0088,123,151,315.761697,addition,INDUSTRIALS,4194
CHILTON INVESTMENT COMPANY INC.,Global X Emerging Markets Great Consumer ETF-,EMC,2007-09-30,SH,152020.0,3162000.0,1023278.0,18521000.0,0.07,0.3792,124,68,-85.143822,reduction,INFORMATION TECHNOLOGY,398
CHILTON INVESTMENT COMPANY INC.,Beacon Roofing Supply Inc,BECN,2007-09-30,SH,302383.0,3090000.0,248900.0,4229000.0,0.0684,0.0866,125,117,21.487746,addition,INDUSTRIALS,207
CHILTON INVESTMENT COMPANY INC.,LKQ Corp,LKQ,2007-09-30,SH,318320.0,2770000.0,387324.0,2388000.0,0.0613,0.0489,126,122,-17.815576,reduction,INDUSTRIALS,5610
CHILTON INVESTMENT COMPANY INC.,Snyders-Lance Inc.,LNCE,2007-09-30,SH,117867.0,2713000.0,207110.0,4880000.0,0.0601,0.0999,127,113,-43.089662,reduction,CONSUMER STAPLES,7316
CHILTON INVESTMENT COMPANY INC.,RENTECH INC COM NEW (CO),RTK,2007-09-30,SH,114026.1,2463000.0,251127.7,6504000.0,0.0545,0.1332,128,106,-54.594376,reduction,ENERGY,7521
CHILTON INVESTMENT COMPANY INC.,Cumulus Media Inc. Class A,CMLS,2007-09-30,SH,29660.5,2425000.0,262763.5,19655000.0,0.0537,0.4024,129,64,-88.712093,reduction,COMMUNICATIONS,5943
CHILTON INVESTMENT COMPANY INC.,Conversant Inc,CNVR,2007-09-30,SH,106415.0,2390000.0,0.0,0.0,0.0529,,130,999999,,new,INFORMATION TECHNOLOGY,2693
CHILTON INVESTMENT COMPANY INC.,PLX TECHNOLOGY INC,PLXT,2007-09-30,SH,193670.0,2092000.0,0.0,0.0,0.0463,,131,999999,,new,INFORMATION TECHNOLOGY,7451
CHILTON INVESTMENT COMPANY INC.,GraniteShares 1.25x Long TSLA Daily ETF-GraniteShares 1.25x Long TSLA Daily ETF,TSL,2007-09-30,SH,72762.0,2073000.0,72762.0,1872000.0,0.0459,0.0383,132,129,0.0,,INFORMATION TECHNOLOGY,4923
CHILTON INVESTMENT COMPANY INC.,McAfee Inc.,MFE,2007-09-30,SH,58011.0,2023000.0,58011.0,2042000.0,0.0448,0.0418,133,128,0.0,,INFORMATION TECHNOLOGY,923
CHILTON INVESTMENT COMPANY INC.,Time Warner Inc. (New),TWX,2007-09-30,SH,36701.0,2022000.0,35159.15,2219000.0,0.0448,0.0454,134,125,4.385345,addition,COMMUNICATIONS,284
CHILTON INVESTMENT COMPANY INC.,Barnes & Noble Inc,BKS,2007-09-30,SH,57296.0,2020000.0,0.0,0.0,0.0447,,135,999999,,new,CONSUMER DISCRETIONARY,2796
CHILTON INVESTMENT COMPANY INC.,Rogers Communications Inc. Class B (NYSE),RCI,2007-09-30,SH,44103.0,2008000.0,10550.0,448000.0,0.0445,0.0092,136,150,318.037915,addition,COMMUNICATIONS,5564
CHILTON INVESTMENT COMPANY INC.,Birch Mountains Resources Ltd.,BMD,2007-09-30,SH,1313118.0,1994000.0,0.0,0.0,0.0442,,137,999999,,new,MATERIALS,9521
CHILTON INVESTMENT COMPANY INC.,Knight Transportation Inc.,KNX,2007-09-30,SH,110000.0,1893000.0,0.0,0.0,0.0419,,138,999999,,new,TRANSPORTS,6510
CHILTON INVESTMENT COMPANY INC.,BPI Energy Holdings Inc.,BPIGF,2007-09-30,SH,3498385.0,1749000.0,3547032.0,2233000.0,0.0387,0.0457,139,124,-1.371485,reduction,ENERGY,7783
CHILTON INVESTMENT COMPANY INC.,Global X MSCI China Communication Services ETF-,CHIC,2007-09-30,SH,115000.0,1684000.0,0.0,0.0,0.0373,,140,999999,,new,MUTUAL FUND,764
CHILTON INVESTMENT COMPANY INC.,Costco Co.,COST,2007-09-30,SH,24762.0,1520000.0,0.0,0.0,0.0337,,141,999999,,new,CONSUMER STAPLES,393
CHILTON INVESTMENT COMPANY INC.,eBay Inc.,EBAY,2007-09-30,SH,36825.0,1437000.0,0.0,0.0,0.0318,,142,999999,,new,CONSUMER DISCRETIONARY,399
CHILTON INVESTMENT COMPANY INC.,Gen-Probe Inc.,GPRO,2007-09-30,SH,21353.0,1422000.0,21353.0,1290000.0,0.0315,0.0264,143,134,0.0,,Health Care,5091
CHILTON INVESTMENT COMPANY INC.,Microsoft Corp.,MSFT,2007-09-30,SH,44381.0,1307000.0,0.0,0.0,0.0289,,144,999999,,new,INFORMATION TECHNOLOGY,178
CHILTON INVESTMENT COMPANY INC.,Broadcom Corp,BRCM,2007-09-30,SH,34760.0,1267000.0,27951.0,818000.0,0.0281,0.0167,145,139,24.360488,addition,INFORMATION TECHNOLOGY,3832
CHILTON INVESTMENT COMPANY INC.,Kodiak Oil & Gas Corp.,KOG,2007-09-30,SH,378677.0,1250000.0,410000.0,2378000.0,0.0277,0.0487,146,123,-7.639756,reduction,ENERGY,120
CHILTON INVESTMENT COMPANY INC.,SANDISK CORP,SNDK,2007-09-30,SH,20696.0,1140000.0,19606.0,960000.0,0.0252,0.0197,147,136,5.559523,addition,INFORMATION TECHNOLOGY,943
CHILTON INVESTMENT COMPANY INC.,Owens Corning Inc,OC,2007-09-30,SH,45150.0,1131000.0,45150.0,1518000.0,0.025,0.0311,148,131,0.0,,INDUSTRIALS,890
CHILTON INVESTMENT COMPANY INC.,Western Digital Corp,WDC,2007-09-30,SH,43503.0,1101000.0,0.0,0.0,0.0244,,149,999999,,new,INFORMATION TECHNOLOGY,961
CHILTON INVESTMENT COMPANY INC.,NII HOLDINGS INC CL,NIHDQ,2007-09-30,SH,13272.0,1090000.0,10625.0,858000.0,0.0241,0.0176,150,138,24.912941,addition,COMMUNICATIONS,4822
CHILTON INVESTMENT COMPANY INC.,Green Brick Partners Inc,GRBK,2007-09-30,SH,9248.1,1071000.0,11868.35,2528000.0,0.0237,0.0518,151,121,-22.077627,reduction,MATERIALS,9612
CHILTON INVESTMENT COMPANY INC.,NetApp Inc.,NTAP,2007-09-30,SH,38525.0,1037000.0,0.0,0.0,0.023,,152,999999,,new,INFORMATION TECHNOLOGY,693
CHILTON INVESTMENT COMPANY INC.,Cisco Systems Inc.,CSCO,2007-09-30,SH,31148.0,1032000.0,0.0,0.0,0.0229,,153,999999,,new,INFORMATION TECHNOLOGY,215
CHILTON INVESTMENT COMPANY INC.,Microsemi Corp.,MSCC,2007-09-30,SH,36391.0,1015000.0,0.0,0.0,0.0225,,154,999999,,new,INFORMATION TECHNOLOGY,952
CHILTON INVESTMENT COMPANY INC.,Motorola Solutions Inc,MSI,2007-09-30,SH,7676.45,995000.0,333754.95,41340000.0,0.022,0.8463,155,41,-97.699974,reduction,INFORMATION TECHNOLOGY,433
CHILTON INVESTMENT COMPANY INC.,Monster Worldwide Inc.,MWW,2007-09-30,SH,28697.0,977000.0,0.0,0.0,0.0216,,156,999999,,new,INDUSTRIALS,69335
CHILTON INVESTMENT COMPANY INC.,Grace (W.R.) & Co. (DE),GRA,2007-09-30,SH,34900.0,937000.0,24800.0,607000.0,0.0208,0.0124,157,144,40.725806,addition,MATERIALS,881
CHILTON INVESTMENT COMPANY INC.,Exar Corp.,EXAR,2007-09-30,SH,66503.0,869000.0,0.0,0.0,0.0192,,158,999999,,new,INFORMATION TECHNOLOGY,5721
CHILTON INVESTMENT COMPANY INC.,Apple Inc,AAPL,2007-09-30,SH,150948.0,827000.0,0.0,0.0,0.0183,,159,999999,,new,INFORMATION TECHNOLOGY,195
CHILTON INVESTMENT COMPANY INC.,Hanwha Q CELLS Co. Ltd ADR,HQCL,2007-09-30,SH,5769.0,757000.0,5769.0,588000.0,0.0168,0.012,160,145,0.0,,INDUSTRIALS,7568
CHILTON INVESTMENT COMPANY INC.,MATTSON TECHNOLOGY INC,MTSN,2007-09-30,SH,81436.0,704000.0,0.0,0.0,0.0156,,161,999999,,new,INFORMATION TECHNOLOGY,970
CHILTON INVESTMENT COMPANY INC.,HOMEINNS HOTEL GROUP SPONSORED ADR,HMIN,2007-09-30,SH,20078.0,699000.0,6406.0,206000.0,0.0155,0.0042,162,159,213.424914,addition,CONSUMER DISCRETIONARY,6851
CHILTON INVESTMENT COMPANY INC.,Clear Channel Communications Inc.,CCU,2007-09-30,SH,17860.0,669000.0,0.0,0.0,0.0148,,163,999999,,new,CONSUMER DISCRETIONARY,878
CHILTON INVESTMENT COMPANY INC.,Nektar Therapeutics Inc.,NKTR,2007-09-30,SH,74674.0,659000.0,74674.0,709000.0,0.0146,0.0145,164,141,0.0,,HEALTH CARE,11455
CHILTON INVESTMENT COMPANY INC.,Canadian Solar Inc,CSIQ,2007-09-30,SH,65135.0,615000.0,65135.0,612000.0,0.0136,0.0125,165,143,0.0,,INFORMATION TECHNOLOGY,6325
CHILTON INVESTMENT COMPANY INC.,Vonage Holdings Corp,VG,2007-09-30,SH,396701.0,409000.0,0.0,0.0,0.0091,,166,999999,,new,UTILITIES AND TELECOMMUNICATIONS,7683
CHILTON INVESTMENT COMPANY INC.,China Sunrgy Adr ADR,CSUNY,2007-09-30,SH,32347.0,296000.0,41626.0,570000.0,0.0066,0.0117,167,146,-22.291356,reduction,INFORMATION TECHNOLOGY,8977
CHILTON INVESTMENT COMPANY INC.,Blackbaud Inc,BLKB,2007-09-30,SH,11252.0,284000.0,11252.0,248000.0,0.0063,0.0051,168,156,0.0,,INFORMATION TECHNOLOGY,6318
CHILTON INVESTMENT COMPANY INC.,C.H. Robinson Worldwide Inc,CHRW,2007-09-30,SH,5000.0,271000.0,0.0,0.0,0.006,,169,999999,,new,TRANSPORTS,3994
CHILTON INVESTMENT COMPANY INC.,HITTITE MICROWAVE CORP,HITT,2007-09-30,SH,6000.0,265000.0,5000.0,214000.0,0.0059,0.0044,170,158,20.0,addition,INFORMATION TECHNOLOGY,5605
CHILTON INVESTMENT COMPANY INC.,Sigma Designs Inc.,SIGM,2007-09-30,SH,5000.0,241000.0,0.0,0.0,0.0053,,171,999999,,new,INFORMATION TECHNOLOGY,5615
CHILTON INVESTMENT COMPANY INC.,MIPS Technologies Inc.,MIPS,2007-09-30,SH,25000.0,198000.0,0.0,0.0,0.0044,,172,999999,,new,INFORMATION TECHNOLOGY,1021
CHILTON INVESTMENT COMPANY INC.,Washington Mutual Inc - Dime Bancorp Inc. Litigation Tracking Warrant,DIMEQ,2007-09-30,SH,283600.0,71000.0,283600.0,74000.0,0.0016,0.0015,173,161,0.0,,FINANCE,7721
CHILTON INVESTMENT COMPANY INC.,Nov Inc,NOV,2007-09-30,SH,0.0,0.0,681958.0,35544000.0,,0.7277,999999,51,-100.0,soldall,ENERGY,17
CHILTON INVESTMENT COMPANY INC.,Clearwire Corp. Class A,CLWR,2007-09-30,SH,0.0,0.0,221736.0,5417000.0,,0.1109,999999,111,-100.0,soldall,COMMUNICATIONS,61
CHILTON INVESTMENT COMPANY INC.,Citigroup Inc.,C,2007-09-30,SH,0.0,0.0,121361.5,62246000.0,,1.2744,999999,26,-100.0,soldall,FINANCE,216
CHILTON INVESTMENT COMPANY INC.,CVS Health Corp. (Melville Shoe),CVS,2007-09-30,SH,0.0,0.0,1416217.0,51621000.0,,1.0568,999999,34,-100.0,soldall,CONSUMER STAPLES,221
CHILTON INVESTMENT COMPANY INC.,MGM Resorts International Inc.,MGM,2007-09-30,SH,0.0,0.0,446820.0,36854000.0,,0.7545,999999,49,-100.0,soldall,CONSUMER DISCRETIONARY,254
CHILTON INVESTMENT COMPANY INC.,Starbucks Corp.,SBUX,2007-09-30,SH,0.0,0.0,800000.0,10496000.0,,0.2149,999999,91,-100.0,soldall,CONSUMER DISCRETIONARY,360
CHILTON INVESTMENT COMPANY INC.,MetLife Inc.,MET,2007-09-30,SH,0.0,0.0,1132574.85,65088000.0,,1.3325,999999,20,-100.0,soldall,FINANCE,432
CHILTON INVESTMENT COMPANY INC.,Motorola Solutions Inc,MSI,2007-09-30,CALL,0.0,0.0,145972.35,18081000.0,,0.3702,999999,69,-100.0,soldall,INFORMATION TECHNOLOGY,433
CHILTON INVESTMENT COMPANY INC.,Valero Energy Corp.,VLO,2007-09-30,SH,0.0,0.0,1128807.0,83374000.0,,1.7069,999999,14,-100.0,soldall,ENERGY,514
CHILTON INVESTMENT COMPANY INC.,Enerpac Tool Group Corp,EPAC,2007-09-30,SH,0.0,0.0,271142.0,8549000.0,,0.175,999999,98,-100.0,soldall,INDUSTRIALS,597
CHILTON INVESTMENT COMPANY INC.,Aventine Renewable Energy Holdings Inc.,AVRNQ,2007-09-30,SH,0.0,0.0,1017575.0,17268000.0,,0.3535,999999,71,-100.0,soldall,ENERGY,753
CHILTON INVESTMENT COMPANY INC.,SRS Labs Inc.,SRSL,2007-09-30,SH,0.0,0.0,15000.0,146000.0,,0.003,999999,160,-100.0,soldall,INFORMATION TECHNOLOGY,1012
CHILTON INVESTMENT COMPANY INC.,Jones Soda Co,JSDA,2007-09-30,SH,0.0,0.0,115313.0,1617000.0,,0.0331,999999,130,-100.0,soldall,CONSUMER STAPLES,1020
CHILTON INVESTMENT COMPANY INC.,PANTRY INC (THE),PTRY,2007-09-30,PRN,0.0,0.0,299000.0,343000.0,,0.007,999999,153,-100.0,soldall,CONSUMER STAPLES,2418
CHILTON INVESTMENT COMPANY INC.,PANTRY INC (THE),PTRY,2007-09-30,SH,0.0,0.0,2464461.0,113612000.0,,2.326,999999,8,-100.0,soldall,CONSUMER STAPLES,2418
CHILTON INVESTMENT COMPANY INC.,Weatherford International plc,WFTIQ,2007-09-30,SH,0.0,0.0,4025502.0,111184000.0,,2.2762,999999,9,-100.0,soldall,ENERGY,2531
CHILTON INVESTMENT COMPANY INC.,St. Joe Corp,JOE,2007-09-30,SH,0.0,0.0,200144.0,9275000.0,,0.1899,999999,93,-100.0,soldall,REAL ESTATE,2602
CHILTON INVESTMENT COMPANY INC.,Prestige Consumer Healthcare Inc. (Prestige Brands Holdings),PBH,2007-09-30,SH,0.0,0.0,35354.0,459000.0,,0.0094,999999,149,-100.0,soldall,HEALTH CARE,2673
CHILTON INVESTMENT COMPANY INC.,Valaris Class A,VALPQ,2007-09-30,SH,0.0,0.0,61717.5,15062000.0,,0.3084,999999,81,-100.0,soldall,ENERGY,2736
CHILTON INVESTMENT COMPANY INC.,CoStar Group Inc,CSGP,2007-09-30,SH,0.0,0.0,397160.0,2100000.0,,0.043,999999,126,-100.0,soldall,INDUSTRIALS,3409
CHILTON INVESTMENT COMPANY INC.,SSgA SPDR Gold Shares,GLD,2007-09-30,SH,0.0,0.0,61452.0,3950000.0,,0.0809,999999,118,-100.0,soldall,MATERIALS,3418
CHILTON INVESTMENT COMPANY INC.,Noble Corp,NEBLQ,2007-09-30,SH,0.0,0.0,503936.0,24572000.0,,0.5031,999999,58,-100.0,soldall,ENERGY,3479
CHILTON INVESTMENT COMPANY INC.,Ryland Group Inc.,RYL,2007-09-30,SH,0.0,0.0,97243.0,3634000.0,,0.0744,999999,119,-100.0,soldall,CONSUMER DISCRETIONARY,3503
CHILTON INVESTMENT COMPANY INC.,Edgio Inc,EGIO,2007-09-30,SH,0.0,0.0,1875.0,1484000.0,,0.0304,999999,132,-100.0,soldall,COMMUNICATIONS,3625
CHILTON INVESTMENT COMPANY INC.,RIVERBED TECHNOLOGY INC COM,RVBD,2007-09-30,SH,0.0,0.0,12000.0,263000.0,,0.0054,999999,155,-100.0,soldall,INFORMATION TECHNOLOGY,3657
CHILTON INVESTMENT COMPANY INC.,Comcast Corp.  Class A,CMCSA,2007-09-30,SH,0.0,0.0,1219584.0,17147000.0,,0.351,999999,72,-100.0,soldall,COMMUNICATIONS,3995
CHILTON INVESTMENT COMPANY INC.,Marvell Technology Group Ltd,MRVL,2007-09-30,SH,0.0,0.0,63675.0,1160000.0,,0.0237,999999,135,-100.0,soldall,INFORMATION TECHNOLOGY,3999
CHILTON INVESTMENT COMPANY INC.,Transocean Ltd,RIG,2007-09-30,SH,0.0,0.0,361408.0,38302000.0,,0.7841,999999,45,-100.0,soldall,ENERGY,4160
CHILTON INVESTMENT COMPANY INC.,Amdocs Ltd,DOX,2007-09-30,SH,0.0,0.0,169785.0,6761000.0,,0.1384,999999,104,-100.0,soldall,INFORMATION TECHNOLOGY,4826
CHILTON INVESTMENT COMPANY INC.,ACI Worldwide Inc. (Transaction Systems Architects),ACIW,2007-09-30,SH,0.0,0.0,592437.0,6647000.0,,0.1361,999999,105,-100.0,soldall,INFORMATION TECHNOLOGY,5038
CHILTON INVESTMENT COMPANY INC.,Allegiant Travel Co,ALGT,2007-09-30,SH,0.0,0.0,23000.0,707000.0,,0.0145,999999,142,-100.0,soldall,TRANSPORTS,5044
CHILTON INVESTMENT COMPANY INC.,W&T Offshore Inc,WTI,2007-09-30,SH,0.0,0.0,214078.0,5992000.0,,0.1227,999999,108,-100.0,soldall,ENERGY,5621
CHILTON INVESTMENT COMPANY INC.,ASE Test Ltd,ASTSF,2007-09-30,SH,0.0,0.0,3059066.0,43041000.0,,0.8812,999999,38,-100.0,soldall,INFORMATION TECHNOLOGY,6474
CHILTON INVESTMENT COMPANY INC.,IPG Photonics Corp,IPGP,2007-09-30,SH,0.0,0.0,65434.0,1305000.0,,0.0267,999999,133,-100.0,soldall,INFORMATION TECHNOLOGY,6641
CHILTON INVESTMENT COMPANY INC.,Employers Holdings Inc,EIG,2007-09-30,SH,0.0,0.0,17315.0,368000.0,,0.0075,999999,152,-100.0,soldall,FINANCE,7135
CHILTON INVESTMENT COMPANY INC.,EZCHIP SEMICONDUCTOR LTD ORD SHS (IL),EZCH,2007-09-30,SH,0.0,0.0,36745.0,531000.0,,0.0109,999999,147,-100.0,soldall,INFORMATION TECHNOLOGY,7317
CHILTON INVESTMENT COMPANY INC.,PDF Solutions Inc,PDFS,2007-09-30,SH,0.0,0.0,20000.0,237000.0,,0.0049,999999,157,-100.0,soldall,INFORMATION TECHNOLOGY,7433
CHILTON INVESTMENT COMPANY INC.,United States Oil Fund,USO,2007-09-30,SH,0.0,0.0,124798.5,52915000.0,,1.0833,999999,32,-100.0,soldall,FINANCE,7651
CHILTON INVESTMENT COMPANY INC.,Sadia SA ADS,SDA,2007-09-30,SH,0.0,0.0,33199.67,465000.0,,0.0095,999999,148,-100.0,soldall,CONSUMER STAPLES,8233
CHILTON INVESTMENT COMPANY INC.,Ldk Solar Co Adr,LDKYQ,2007-09-30,SH,0.0,0.0,25000.0,783000.0,,0.016,999999,140,-100.0,soldall,MATERIALS,11527
CHILTON INVESTMENT COMPANY INC.,Morgan Stanley SPARQS 8.50% Whole Foods Market Inc. due 9/20/2007,MW,2007-09-30,SH,0.0,0.0,111199.0,7729000.0,,0.1582,999999,100,-100.0,soldall,CONSUMER STAPLES,12553
CHILTON INVESTMENT COMPANY INC.,GlobalSantaFe Corp.,GSF,2007-09-30,SH,0.0,0.0,214010.0,15462000.0,,0.3166,999999,80,-100.0,soldall,ENERGY,97269
CHILTON INVESTMENT COMPANY INC.,Hilton Hotels Corp.,HLT,2007-09-30,SH,0.0,0.0,2000000.0,66940000.0,,1.3705,999999,18,-100.0,soldall,CONSUMER DISCRETIONARY,97330
CHILTON INVESTMENT COMPANY INC.,Applebees International Inc.,APPB,2007-09-30,SH,0.0,0.0,1908246.0,45989000.0,,0.9415,999999,36,-100.0,soldall,CONSUMER DISCRETIONARY,97406
