Filer Name,Stock Name,Stock Ticker,Quarter Date,Type of Security,Current Shares Held,Current Market Value,Previous Shares Held,Previous Market Value,Current % of Portfolio,Previous % of Portfolio,Current Rank,Previous Rank,Change in Shares,Type of Change,Sector,stock_id
CHILTON INVESTMENT COMPANY INC.,Grace (W.R.) & Co. (DE),GRA,2014-06-30,SH,1754681.0,165870000.0,2345056.0,232559000.0,6.6884,7.2161,1,1,-25.175305,reduction,MATERIALS,881
CHILTON INVESTMENT COMPANY INC.,Sherwin-Williams Co.,SHW,2014-06-30,SH,1212690.0,83639000.0,1554450.0,102143000.0,3.3726,3.1694,2,4,-21.985911,reduction,MATERIALS,11358
CHILTON INVESTMENT COMPANY INC.,Union Pacific Corp.,UNP,2014-06-30,SH,711218.0,70944000.0,982832.0,92219000.0,2.8607,2.8615,3,5,-27.635852,reduction,TRANSPORTS,473
CHILTON INVESTMENT COMPANY INC.,Allison Transmission Holdings Inc,ALSN,2014-06-30,SH,2103812.0,65428000.0,54149.0,1621000.0,2.6383,0.0503,4,106,3785.227797,addition,CONSUMER DISCRETIONARY,120309
CHILTON INVESTMENT COMPANY INC.,Mastercard Inc,MA,2014-06-30,SH,869193.0,63859000.0,1150678.0,85955000.0,2.575,2.6671,5,8,-24.462534,reduction,FINANCE,4044
CHILTON INVESTMENT COMPANY INC.,Brown-Forman Corp. Class B,BF.B,2014-06-30,SH,1645682.5,61989000.0,3099407.5,111195000.0,2.4996,3.4503,6,2,-46.903319,reduction,CONSUMER STAPLES,5058
CHILTON INVESTMENT COMPANY INC.,Timken (Roller Bearing Axle) Co.,TKR,2014-06-30,SH,892911.0,60575000.0,1122202.0,65963000.0,2.4426,2.0468,7,15,-20.432239,reduction,INDUSTRIALS,11404
CHILTON INVESTMENT COMPANY INC.,Dominos Pizza Inc,DPZ,2014-06-30,SH,821959.0,60077000.0,719696.0,55395000.0,2.4225,1.7189,8,20,14.209194,addition,CONSUMER DISCRETIONARY,776
CHILTON INVESTMENT COMPANY INC.,FedEx Corporation,FDX,2014-06-30,SH,395341.0,59847000.0,504855.0,66923000.0,2.4132,2.0766,9,13,-21.692169,reduction,TRANSPORTS,485
CHILTON INVESTMENT COMPANY INC.,Wyndham Destinations Inc,TNL,2014-06-30,SH,789458.0,59778000.0,304202.0,22277000.0,2.4104,0.6912,10,49,159.517689,addition,CONSUMER DISCRETIONARY,1078
CHILTON INVESTMENT COMPANY INC.,Wells Fargo & Co.  (Northwest Bancorporation),WFC,2014-06-30,SH,1072079.0,56348000.0,1316746.0,65495000.0,2.2721,2.0323,11,16,-18.581184,reduction,FINANCE,309
CHILTON INVESTMENT COMPANY INC.,United Parcel Service Inc. Class B,UPS,2014-06-30,SH,548087.0,56267000.0,798776.0,77785000.0,2.2689,2.4136,12,10,-31.384143,reduction,TRANSPORTS,3795
CHILTON INVESTMENT COMPANY INC.,Costco Co.,COST,2014-06-30,SH,470093.0,54136000.0,919590.0,102700000.0,2.1829,3.1867,13,3,-48.880153,reduction,CONSUMER STAPLES,393
CHILTON INVESTMENT COMPANY INC.,Toro Co,TTC,2014-06-30,SH,1697280.0,53974000.0,1570220.0,49611000.0,2.1764,1.5394,14,21,8.09186,addition,INDUSTRIALS,5034
CHILTON INVESTMENT COMPANY INC.,Walt Disney Co. (The),DIS,2014-06-30,SH,627094.0,53767000.0,740247.0,59272000.0,2.1681,1.8392,15,18,-15.285844,reduction,COMMUNICATIONS,395
CHILTON INVESTMENT COMPANY INC.,Ecolab Inc.,ECL,2014-06-30,SH,463655.0,51623000.0,667228.0,72054000.0,2.0816,2.2358,16,12,-30.51026,reduction,MATERIALS,11345
CHILTON INVESTMENT COMPANY INC.,Dollar General Corp.,DG,2014-06-30,SH,899317.0,51585000.0,1613346.0,89508000.0,2.0801,2.7774,17,6,-44.257648,reduction,CONSUMER DISCRETIONARY,85548
CHILTON INVESTMENT COMPANY INC.,Paramount Global,PARA,2014-06-30,SH,823091.0,51147000.0,615241.0,38022000.0,2.0624,1.1798,18,28,33.783509,addition,COMMUNICATIONS,2509
CHILTON INVESTMENT COMPANY INC.,Moodys Corp,MCO,2014-06-30,SH,565267.0,49552000.0,706754.0,56060000.0,1.9981,1.7395,19,19,-20.019271,reduction,FINANCE,2707
CHILTON INVESTMENT COMPANY INC.,Tiffany & Co. (DE),TIF,2014-06-30,SH,465215.0,46637000.0,561628.0,48385000.0,1.8806,1.5014,20,22,-17.166701,reduction,CONSUMER DISCRETIONARY,3676
CHILTON INVESTMENT COMPANY INC.,Diageo Plc ADR,DEO,2014-06-30,SH,364635.0,46407000.0,696920.0,86829000.0,1.8713,2.6942,21,7,-47.679074,reduction,CONSUMER STAPLES,4107
CHILTON INVESTMENT COMPANY INC.,EOG Resources Inc,EOG,2014-06-30,SH,393002.0,45926000.0,422562.0,41447000.0,1.8519,1.2861,22,24,-6.995423,reduction,ENERGY,4870
CHILTON INVESTMENT COMPANY INC.,Signet Jewelers Ltd,SIG,2014-06-30,SH,400568.0,44299000.0,177633.0,18804000.0,1.7863,0.5835,23,56,125.503144,addition,CONSUMER DISCRETIONARY,8531
CHILTON INVESTMENT COMPANY INC.,Fortune Brands Innovations Inc,FBIN,2014-06-30,SH,1098546.0,43865000.0,0.0,0.0,1.7688,,24,999999,,new,CONSUMER DISCRETIONARY,114466
CHILTON INVESTMENT COMPANY INC.,Home Depot Inc. (The),HD,2014-06-30,SH,536405.0,43428000.0,824834.0,65269000.0,1.7512,2.0253,25,17,-34.968127,reduction,CONSUMER DISCRETIONARY,354
CHILTON INVESTMENT COMPANY INC.,Becton Dickinson and Co.,BDX,2014-06-30,SH,347477.05,40104000.0,251395.6,28715000.0,1.6171,0.891,26,41,38.219225,addition,HEALTH CARE,4305
CHILTON INVESTMENT COMPANY INC.,Nielsen N.V.,NLSN,2014-06-30,SH,801827.0,38817000.0,112210.0,5008000.0,1.5652,0.1554,27,89,614.577132,addition,COMMUNICATIONS,109936
CHILTON INVESTMENT COMPANY INC.,Pall Corp.,PLL,2014-06-30,SH,453737.0,38744000.0,2240.0,200000.0,1.5623,0.0062,28,163,20156.116071,addition,INDUSTRIALS,447
CHILTON INVESTMENT COMPANY INC.,Pioneer Natural Resources Co.,PXD,2014-06-30,SH,162853.0,37425000.0,175286.0,32803000.0,1.5091,1.0179,29,35,-7.092979,reduction,ENERGY,2612
CHILTON INVESTMENT COMPANY INC.,Anheuser-Busch Inbev SA ADR,BUD,2014-06-30,SH,314364.0,36133000.0,750808.0,79060000.0,1.457,2.4532,30,9,-58.129908,reduction,CONSUMER STAPLES,372
CHILTON INVESTMENT COMPANY INC.,Walmart Inc,WMT,2014-06-30,SH,1439478.0,36021000.0,2948718.0,75124000.0,1.4525,2.331,31,11,-51.182921,reduction,CONSUMER STAPLES,345
CHILTON INVESTMENT COMPANY INC.,Lazard Inc.,LAZ,2014-06-30,SH,658048.0,33929000.0,326410.0,15371000.0,1.3681,0.477,32,61,101.601667,addition,FINANCE,6025
CHILTON INVESTMENT COMPANY INC.,CST Brands Inc,CST,2014-06-30,SH,979109.0,33779000.0,1247996.0,38987000.0,1.3621,1.2097,33,26,-21.545502,reduction,CONSUMER DISCRETIONARY,140176
CHILTON INVESTMENT COMPANY INC.,Schlumberger Ltd.,SLB,2014-06-30,SH,284414.0,33547000.0,362272.0,35322000.0,1.3527,1.096,34,32,-21.491586,reduction,ENERGY,276
CHILTON INVESTMENT COMPANY INC.,Southwestern Energy Co.,SWN,2014-06-30,SH,706939.0,32159000.0,761237.0,35025000.0,1.2968,1.0868,35,33,-7.132864,reduction,ENERGY,3900
CHILTON INVESTMENT COMPANY INC.,Halliburton Co.,HAL,2014-06-30,SH,449072.0,31889000.0,489905.0,28851000.0,1.2859,0.8952,36,40,-8.334881,reduction,ENERGY,411
CHILTON INVESTMENT COMPANY INC.,Baker Hughes Company,BKR,2014-06-30,SH,427242.0,31808000.0,461849.0,30029000.0,1.2826,0.9318,37,38,-7.493142,reduction,ENERGY,2502
CHILTON INVESTMENT COMPANY INC.,Colgate-Palmolive Co.,CL,2014-06-30,SH,465246.0,31720000.0,650815.0,42218000.0,1.2791,1.31,38,23,-28.513326,reduction,CONSUMER STAPLES,217
CHILTON INVESTMENT COMPANY INC.,TransDigm Group Inc,TDG,2014-06-30,SH,165670.0,27710000.0,197754.0,36624000.0,1.1174,1.1364,39,30,-16.224198,reduction,INDUSTRIALS,2714
CHILTON INVESTMENT COMPANY INC.,Range Resources Corp.,RRC,2014-06-30,SH,305987.0,26606000.0,330610.0,27431000.0,1.0728,0.8512,40,43,-7.447748,reduction,ENERGY,3656
CHILTON INVESTMENT COMPANY INC.,Southern Copper Corp.,SCCO,2014-06-30,SH,847268.0,25732000.0,511921.0,14902000.0,1.0376,0.4624,41,62,65.507569,addition,MATERIALS,87972
CHILTON INVESTMENT COMPANY INC.,Freeport-McMoRan Copper & Gold Inc,FCX,2014-06-30,SH,656247.0,23953000.0,707424.0,23395000.0,0.9659,0.7259,42,47,-7.234275,reduction,MATERIALS,652
CHILTON INVESTMENT COMPANY INC.,Fluor Corp.,FLR,2014-06-30,SH,282711.0,21740000.0,304937.0,23703000.0,0.8766,0.7355,43,45,-7.288719,reduction,INDUSTRIALS,407
CHILTON INVESTMENT COMPANY INC.,Coterra Energy Inc,CTRA,2014-06-30,SH,632435.0,21591000.0,684070.0,23176000.0,0.8706,0.7191,44,48,-7.548204,reduction,ENERGY,2765
CHILTON INVESTMENT COMPANY INC.,Mosaic Company (The),MOS,2014-06-30,SH,366052.0,18101000.0,392907.0,19645000.0,0.7299,0.6096,45,54,-6.834951,reduction,MATERIALS,11443
CHILTON INVESTMENT COMPANY INC.,Helmerich & Payne Inc.,HP,2014-06-30,SH,153189.0,17787000.0,196432.0,21128000.0,0.7172,0.6556,46,53,-22.014234,reduction,ENERGY,5001
CHILTON INVESTMENT COMPANY INC.,Occidental Petroleum Corp.,OXY,2014-06-30,SH,161700.42,16567000.0,265085.88,25217000.0,0.668,0.7825,47,44,-39.000742,reduction,ENERGY,442
CHILTON INVESTMENT COMPANY INC.,BTC iShares Silver Trust,SLV,2014-06-30,SH,815148.0,16507000.0,864517.0,16460000.0,0.6656,0.5107,48,58,-5.710588,reduction,FINANCE,5927
CHILTON INVESTMENT COMPANY INC.,Gulfport Energy Corp,GPORQ,2014-06-30,SH,251502.0,15794000.0,230484.0,16406000.0,0.6369,0.5091,49,59,9.119071,addition,ENERGY,6156
CHILTON INVESTMENT COMPANY INC.,Hunt (J.B.) Transport Services Inc.,JBHT,2014-06-30,SH,210440.0,15526000.0,0.0,0.0,0.6261,,50,999999,,new,TRANSPORTS,5103
CHILTON INVESTMENT COMPANY INC.,Airgas Inc.,ARG,2014-06-30,SH,127011.0,13832000.0,625952.0,66670000.0,0.5578,2.0687,51,14,-79.709147,reduction,MATERIALS,5042
CHILTON INVESTMENT COMPANY INC.,MSC Industrial Direct Inc.,MSM,2014-06-30,SH,135169.0,12928000.0,475279.0,41121000.0,0.5213,1.276,52,25,-71.560073,reduction,INDUSTRIALS,5127
CHILTON INVESTMENT COMPANY INC.,Concho Resources Inc,CXO,2014-06-30,SH,87260.0,12609000.0,94148.0,11533000.0,0.5084,0.3579,53,65,-7.316141,reduction,ENERGY,6018
CHILTON INVESTMENT COMPANY INC.,Suncor Energy Inc.,SU,2014-06-30,SH,285050.0,12152000.0,308649.0,10790000.0,0.49,0.3348,54,68,-7.645902,reduction,ENERGY,127
CHILTON INVESTMENT COMPANY INC.,Dollar Tree Inc.,DLTR,2014-06-30,SH,220691.0,12019000.0,560542.0,29249000.0,0.4846,0.9076,55,39,-60.628998,reduction,CONSUMER DISCRETIONARY,2640
CHILTON INVESTMENT COMPANY INC.,Antero Resources Corp,AR,2014-06-30,SH,180181.0,11825000.0,103584.0,6484000.0,0.4768,0.2012,56,80,73.946749,addition,ENERGY,162818
CHILTON INVESTMENT COMPANY INC.,Athlon Energy Inc.,ATHL,2014-06-30,SH,246540.0,11760000.0,268907.0,9533000.0,0.4742,0.2958,57,71,-8.317746,reduction,ENERGY,161714
CHILTON INVESTMENT COMPANY INC.,Diamondback Energy Inc,FANG,2014-06-30,SH,130489.0,11587000.0,140284.0,9443000.0,0.4672,0.293,58,73,-6.982265,reduction,ENERGY,131984
CHILTON INVESTMENT COMPANY INC.,Nov Inc,NOV,2014-06-30,SH,135320.0,11144000.0,250799.0,19530000.0,0.4494,0.606,59,55,-46.044442,reduction,ENERGY,17
CHILTON INVESTMENT COMPANY INC.,EQT Corporation (Equitable Gas Co.),EQT,2014-06-30,SH,99644.0,10652000.0,105874.0,10267000.0,0.4295,0.3186,60,70,-5.884353,reduction,UTILITIES AND TELECOMMUNICATIONS,3739
CHILTON INVESTMENT COMPANY INC.,Monsanto Co. (New),MON,2014-06-30,SH,76521.0,9545000.0,83702.0,9523000.0,0.3849,0.2955,61,72,-8.579245,reduction,MATERIALS,16
CHILTON INVESTMENT COMPANY INC.,NOW Inc,DNOW,2014-06-30,SH,229033.0,8293000.0,0.0,0.0,0.3344,,62,999999,,new,ENERGY,168398
CHILTON INVESTMENT COMPANY INC.,FleetCor Technologies Inc,FLT,2014-06-30,SH,62130.0,8189000.0,299311.0,34451000.0,0.3302,1.069,63,34,-79.242327,reduction,INFORMATION TECHNOLOGY,106914
CHILTON INVESTMENT COMPANY INC.,Vital Energy Inc.,VTLE,2014-06-30,SH,13138.45,8141000.0,14138.55,7312000.0,0.3283,0.2269,64,76,-7.073568,reduction,ENERGY,116228
CHILTON INVESTMENT COMPANY INC.,Gartner Inc.,IT,2014-06-30,SH,113041.0,7972000.0,0.0,0.0,0.3215,,65,999999,,new,INFORMATION TECHNOLOGY,3868
CHILTON INVESTMENT COMPANY INC.,Dryships Inc,DRYS,2014-06-30,SH,1.32,7122000.0,1.42,7681000.0,0.2872,0.2383,66,75,-7.042254,reduction,TRANSPORTS,11439
CHILTON INVESTMENT COMPANY INC.,Nutrien Ltd,NTR,2014-06-30,SH,182919.0,6944000.0,196558.0,7119000.0,0.28,0.2209,67,77,-6.938919,reduction,MATERIALS,267
CHILTON INVESTMENT COMPANY INC.,Kansas City Southern Industries Inc.,KSU,2014-06-30,SH,61324.0,6593000.0,0.0,0.0,0.2659,,68,999999,,new,TRANSPORTS,4957
CHILTON INVESTMENT COMPANY INC.,Designer Brands Inc,DBI,2014-06-30,SH,232984.0,6510000.0,897564.0,32187000.0,0.2625,0.9987,69,36,-74.042631,reduction,CONSUMER DISCRETIONARY,641
CHILTON INVESTMENT COMPANY INC.,Keurig Dr Pepper Inc,KDP,2014-06-30,PUT,100000.0,5858000.0,0.0,0.0,0.2362,,70,999999,,new,CONSUMER STAPLES,45986
CHILTON INVESTMENT COMPANY INC.,Popeyes Louisiana Kitchen Inc.,PLKI,2014-06-30,SH,132351.0,5785000.0,445042.0,18087000.0,0.2333,0.5612,71,57,-70.261009,reduction,CONSUMER DISCRETIONARY,6078
CHILTON INVESTMENT COMPANY INC.,VanEck Gold Miners ETF-VanEck Gold Miners ETF,GDX,2014-06-30,SH,217066.0,5741000.0,234260.0,5529000.0,0.2315,0.1716,72,84,-7.339708,reduction,FINANCE,7342
CHILTON INVESTMENT COMPANY INC.,Coca Cola Co.,KO,2014-06-30,SH,131684.0,5578000.0,403740.0,15609000.0,0.2249,0.4843,73,60,-67.38396,reduction,CONSUMER STAPLES,386
CHILTON INVESTMENT COMPANY INC.,Steven Madden Ltd,SHOO,2014-06-30,SH,232945.5,5327000.0,370168.5,8879000.0,0.2148,0.2755,74,74,-37.070415,reduction,CONSUMER DISCRETIONARY,5790
CHILTON INVESTMENT COMPANY INC.,Verisk Analytics Inc,VRSK,2014-06-30,SH,88740.0,5326000.0,90972.0,5455000.0,0.2148,0.1693,75,85,-2.453502,reduction,INDUSTRIALS,83334
CHILTON INVESTMENT COMPANY INC.,Rice Energy,RICE,2014-06-30,SH,165345.0,5035000.0,173611.0,4582000.0,0.203,0.1422,76,92,-4.761219,reduction,ENERGY,165367
CHILTON INVESTMENT COMPANY INC.,Flowserve Corporation,FLS,2014-06-30,SH,58427.0,4344000.0,0.0,0.0,0.1752,,77,999999,,new,INDUSTRIALS,9
CHILTON INVESTMENT COMPANY INC.,Mountain Province Diamonds Inc,MPVDF,2014-06-30,SH,891707.0,4272000.0,965105.0,4578000.0,0.1723,0.1421,78,93,-7.605183,reduction,MATERIALS,434
CHILTON INVESTMENT COMPANY INC.,Teck Resources Ltd,TECK,2014-06-30,SH,157663.0,3599000.0,165475.0,3588000.0,0.1451,0.1113,79,95,-4.720955,reduction,MATERIALS,5572
CHILTON INVESTMENT COMPANY INC.,Oceaneering International Inc.,OII,2014-06-30,SH,41393.0,3234000.0,148475.0,10669000.0,0.1304,0.3311,80,69,-72.121233,reduction,ENERGY,5613
CHILTON INVESTMENT COMPANY INC.,Silver Spring Networks Inc.,SSNI,2014-06-30,SH,165938.0,2212000.0,356939.0,6204000.0,0.0892,0.1925,81,83,-53.510824,reduction,ENERGY,139639
CHILTON INVESTMENT COMPANY INC.,ExxonMobil Corp. (Standard Oil of New Jersey),XOM,2014-06-30,SH,20996.0,2114000.0,52171.0,5096000.0,0.0852,0.1581,82,88,-59.75542,reduction,ENERGY,228
CHILTON INVESTMENT COMPANY INC.,McDonalds Corp.,MCD,2014-06-30,SH,19687.0,1983000.0,133436.0,13081000.0,0.08,0.4059,83,63,-85.24611,reduction,CONSUMER DISCRETIONARY,250
CHILTON INVESTMENT COMPANY INC.,International Business Machines Corp.,IBM,2014-06-30,SH,8966.0,1625000.0,18023.0,3469000.0,0.0655,0.1076,84,96,-50.252455,reduction,INFORMATION TECHNOLOGY,237
CHILTON INVESTMENT COMPANY INC.,Walgreens Boots Alliance Inc.,WBA,2014-06-30,SH,20206.0,1498000.0,21240.0,1402000.0,0.0604,0.0435,85,110,-4.868173,reduction,CONSUMER STAPLES,308
CHILTON INVESTMENT COMPANY INC.,United Technologies Corp. 7.50% Corporate Units,UTX+A1,2014-06-30,SH,22900.0,1493000.0,30350.0,2020000.0,0.0602,0.0627,86,102,-24.546952,reduction,INDUSTRIALS,128147
CHILTON INVESTMENT COMPANY INC.,Bausch Health Companies,BHC,2014-06-30,SH,10745.0,1355000.0,24010.0,3165000.0,0.0546,0.0982,87,97,-55.247813,reduction,HEALTH CARE,5185
CHILTON INVESTMENT COMPANY INC.,Air Products & Chemicals Inc,APD,2014-06-30,SH,11226.19,1336000.0,12160.17,1339000.0,0.0539,0.0415,88,112,-7.680649,reduction,MATERIALS,363
CHILTON INVESTMENT COMPANY INC.,Gap (The),GPS,2014-06-30,SH,27228.0,1132000.0,0.0,0.0,0.0456,,89,999999,,new,CONSUMER DISCRETIONARY,981
CHILTON INVESTMENT COMPANY INC.,Wells Fargo & Co. 7.50% Non-Cumulative Perpetual Convertible Class A Preferred,WFCPRL,2014-06-30,SH,885.0,1074000.0,1428.0,1675000.0,0.0433,0.052,90,104,-38.02521,reduction,FINANCE,73782
CHILTON INVESTMENT COMPANY INC.,Procter & Gamble Co. (OH) (1905),PG,2014-06-30,SH,13343.0,1049000.0,14747.0,1189000.0,0.0423,0.0369,91,116,-9.52058,reduction,CONSUMER STAPLES,272
CHILTON INVESTMENT COMPANY INC.,Raytheon Technologies Corp. (United Technologies),RTX,2014-06-30,SH,14246.97,1035000.0,39044.91,2871000.0,0.0417,0.0891,92,99,-63.511326,reduction,INDUSTRIALS,285
CHILTON INVESTMENT COMPANY INC.,Abbott Laboratories,ABT,2014-06-30,SH,24911.0,1019000.0,35741.0,1376000.0,0.0411,0.0427,93,111,-30.301335,reduction,HEALTH CARE,189
CHILTON INVESTMENT COMPANY INC.,General Mills Co.,GIS,2014-06-30,SH,18896.0,993000.0,20864.0,1081000.0,0.04,0.0335,94,120,-9.432515,reduction,CONSUMER STAPLES,524
CHILTON INVESTMENT COMPANY INC.,Chevron Corp. (Standard Oil of California),CVX,2014-06-30,SH,7598.0,992000.0,10770.0,1281000.0,0.04,0.0397,95,115,-29.452182,reduction,ENERGY,214
CHILTON INVESTMENT COMPANY INC.,Automatic Data Processing Inc,ADP,2014-06-30,SH,12137.0,962000.0,13332.0,1030000.0,0.0388,0.032,96,122,-8.963396,reduction,INFORMATION TECHNOLOGY,201
CHILTON INVESTMENT COMPANY INC.,Linde Plc.,LIN,2014-06-30,SH,7236.0,961000.0,19835.0,2598000.0,0.0388,0.0806,97,100,-63.519032,reduction,MATERIALS,269
CHILTON INVESTMENT COMPANY INC.,Sonoco Products Co.,SON,2014-06-30,SH,21190.0,931000.0,26040.0,1068000.0,0.0375,0.0331,98,121,-18.625192,reduction,MATERIALS,457
CHILTON INVESTMENT COMPANY INC.,Johnson & Johnson Co.,JNJ,2014-06-30,SH,8746.0,915000.0,16885.0,1659000.0,0.0369,0.0515,99,105,-48.202547,reduction,HEALTH CARE,239
CHILTON INVESTMENT COMPANY INC.,Mead Johnson Nutrition Co.,MJN,2014-06-30,SH,7474.0,696000.0,7067.0,588000.0,0.0281,0.0182,100,131,5.759162,addition,CONSUMER STAPLES,73084
CHILTON INVESTMENT COMPANY INC.,Target Corp.,TGT,2014-06-30,SH,10910.0,632000.0,13255.0,802000.0,0.0255,0.0249,101,125,-17.691437,reduction,CONSUMER DISCRETIONARY,305
CHILTON INVESTMENT COMPANY INC.,TJX Companies Inc.,TJX,2014-06-30,SH,20606.0,548000.0,43386.0,1316000.0,0.0221,0.0408,102,113,-52.505416,reduction,CONSUMER DISCRETIONARY,185
CHILTON INVESTMENT COMPANY INC.,Franklin Resources Inc,BEN,2014-06-30,SH,8510.0,492000.0,15510.0,840000.0,0.0198,0.0261,103,123,-45.132173,reduction,FINANCE,2808
CHILTON INVESTMENT COMPANY INC.,Yum! Brands Inc. (Tricon Global Restaurants),YUM,2014-06-30,SH,5048.0,410000.0,14353.0,1082000.0,0.0165,0.0336,104,119,-64.829652,reduction,CONSUMER DISCRETIONARY,479
CHILTON INVESTMENT COMPANY INC.,Berkshire Hathaway Inc Class B,BRK.B,2014-06-30,SH,3175.0,402000.0,11391.0,1424000.0,0.0162,0.0442,105,109,-72.127118,reduction,FINANCE,2827
CHILTON INVESTMENT COMPANY INC.,Fastenal Co.,FAST,2014-06-30,SH,13576.0,336000.0,27040.0,667000.0,0.0135,0.0207,106,129,-49.792899,reduction,INDUSTRIALS,3446
CHILTON INVESTMENT COMPANY INC.,Precision Castparts Corp.,PCP,2014-06-30,SH,1280.0,323000.0,2568.0,649000.0,0.013,0.0201,107,130,-50.155763,reduction,INDUSTRIALS,270
CHILTON INVESTMENT COMPANY INC.,Clearly Canadian Beverage (USA),CCBEF,2014-06-30,SH,1844.0,312000.0,0.0,0.0,0.0126,,108,999999,,new,CONSUMER STAPLES,66967
CHILTON INVESTMENT COMPANY INC.,Philip Morris International Inc,PM,2014-06-30,SH,3280.0,277000.0,8220.0,673000.0,0.0112,0.0209,109,127,-60.097324,reduction,CONSUMER STAPLES,45788
CHILTON INVESTMENT COMPANY INC.,Oracle Corp,ORCL,2014-06-30,SH,6431.0,261000.0,6431.0,263000.0,0.0105,0.0082,110,152,0.0,,INFORMATION TECHNOLOGY,20
CHILTON INVESTMENT COMPANY INC.,Bristol-Myers Squibb Co,BMY,2014-06-30,SH,5329.0,259000.0,5829.0,303000.0,0.0104,0.0094,111,147,-8.577801,reduction,HEALTH CARE,380
CHILTON INVESTMENT COMPANY INC.,IDEXX Laboratories Inc.,IDXX,2014-06-30,SH,3822.0,255000.0,7698.0,467000.0,0.0103,0.0145,112,133,-50.35074,reduction,HEALTH CARE,4037
CHILTON INVESTMENT COMPANY INC.,Apache Corp,APA,2014-06-30,SH,2490.0,251000.0,2490.0,207000.0,0.0101,0.0064,113,161,0.0,,ENERGY,373
CHILTON INVESTMENT COMPANY INC.,American International Group Inc.,AIG,2014-06-30,SH,4374.0,239000.0,4374.0,219000.0,0.0096,0.0068,114,159,0.0,,FINANCE,193
CHILTON INVESTMENT COMPANY INC.,China Mobile Ltd. ADR,CHL,2014-06-30,SH,9708.0,236000.0,9708.0,221000.0,0.0095,0.0069,115,158,0.0,,UTILITIES AND TELECOMMUNICATIONS,5638
CHILTON INVESTMENT COMPANY INC.,NCR Voyix Corp,VYX,2014-06-30,SH,10847.65,234000.0,10847.65,243000.0,0.0094,0.0075,116,156,0.0,,INFORMATION TECHNOLOGY,3634
CHILTON INVESTMENT COMPANY INC.,AFLAC Inc.,AFL,2014-06-30,SH,6838.0,213000.0,6838.0,216000.0,0.0086,0.0067,117,160,0.0,,FINANCE,190
CHILTON INVESTMENT COMPANY INC.,Novartis AG ADS,NVS,2014-06-30,SH,2516.58,204000.0,5742.94,438000.0,0.0082,0.0136,118,135,-56.179587,reduction,HEALTH CARE,4136
CHILTON INVESTMENT COMPANY INC.,Avalon Advanced Materials Inc,AVLNF,2014-06-30,SH,290538.0,131000.0,313787.0,202000.0,0.0053,0.0063,119,162,-7.409166,reduction,MATERIALS,84355
CHILTON INVESTMENT COMPANY INC.,Diana Shipping Inc,DSX,2014-06-30,SH,0.0,0.0,260103.0,3119000.0,,0.0968,999999,98,-100.0,soldall,TRANSPORTS,62
CHILTON INVESTMENT COMPANY INC.,Microsoft Corp.,MSFT,2014-06-30,SH,0.0,0.0,6424.0,263000.0,,0.0082,999999,153,-100.0,soldall,INFORMATION TECHNOLOGY,178
CHILTON INVESTMENT COMPANY INC.,Apple Inc,AAPL,2014-06-30,SH,0.0,0.0,15736.0,302000.0,,0.0094,999999,148,-100.0,soldall,INFORMATION TECHNOLOGY,195
CHILTON INVESTMENT COMPANY INC.,Baxter International Inc.,BAX,2014-06-30,SH,0.0,0.0,3238.0,238000.0,,0.0074,999999,157,-100.0,soldall,HEALTH CARE,206
CHILTON INVESTMENT COMPANY INC.,Cisco Systems Inc.,CSCO,2014-06-30,CALL,0.0,0.0,500000.0,11205000.0,,0.3477,999999,67,-100.0,soldall,INFORMATION TECHNOLOGY,215
CHILTON INVESTMENT COMPANY INC.,CVS Health Corp. (Melville Shoe),CVS,2014-06-30,SH,0.0,0.0,3340.0,250000.0,,0.0078,999999,154,-100.0,soldall,CONSUMER STAPLES,221
CHILTON INVESTMENT COMPANY INC.,Nordstrom Inc.,JWN,2014-06-30,SH,0.0,0.0,85892.0,5364000.0,,0.1664,999999,86,-100.0,soldall,CONSUMER DISCRETIONARY,258
CHILTON INVESTMENT COMPANY INC.,Pepsico Inc. (Loft Inc.),PEP,2014-06-30,SH,0.0,0.0,15485.0,1293000.0,,0.0401,999999,114,-100.0,soldall,CONSUMER STAPLES,264
CHILTON INVESTMENT COMPANY INC.,Verizon Communications (Bell Atlantic Corp.),VZ,2014-06-30,SH,0.0,0.0,8110.0,386000.0,,0.012,999999,140,-100.0,soldall,UTILITIES AND TELECOMMUNICATIONS,286
CHILTON INVESTMENT COMPANY INC.,Macys Inc,M,2014-06-30,SH,0.0,0.0,191769.0,11370000.0,,0.3528,999999,66,-100.0,soldall,CONSUMER DISCRETIONARY,427
CHILTON INVESTMENT COMPANY INC.,Merck & Co,MRK,2014-06-30,SH,0.0,0.0,9211.92,499000.0,,0.0155,999999,132,-100.0,soldall,HEALTH CARE,431
CHILTON INVESTMENT COMPANY INC.,U.S. Bancorp (First National Bank of Cincinnati),USB,2014-06-30,SH,0.0,0.0,506095.0,21691000.0,,0.6731,999999,52,-100.0,soldall,FINANCE,471
CHILTON INVESTMENT COMPANY INC.,Ameriprise Financial Inc.,AMP,2014-06-30,SH,0.0,0.0,3648.0,402000.0,,0.0125,999999,138,-100.0,soldall,FINANCE,536
CHILTON INVESTMENT COMPANY INC.,Robert Half International Inc.,RHI,2014-06-30,SH,0.0,0.0,560814.0,23526000.0,,0.73,999999,46,-100.0,soldall,INDUSTRIALS,815
CHILTON INVESTMENT COMPANY INC.,Wynn Resorts Ltd,WYNN,2014-06-30,SH,0.0,0.0,10143.0,2253000.0,,0.0699,999999,101,-100.0,soldall,CONSUMER DISCRETIONARY,839
CHILTON INVESTMENT COMPANY INC.,Cadence Design Systems Inc.,CDNS,2014-06-30,SH,0.0,0.0,27386.0,426000.0,,0.0132,999999,136,-100.0,soldall,INFORMATION TECHNOLOGY,947
CHILTON INVESTMENT COMPANY INC.,Blount International Inc. Class A,BLT,2014-06-30,SH,0.0,0.0,546486.0,6503000.0,,0.2018,999999,79,-100.0,soldall,INDUSTRIALS,2504
CHILTON INVESTMENT COMPANY INC.,Canadian Pacific Railway Ltd. (2001),CP,2014-06-30,SH,0.0,0.0,1269335.0,38189000.0,,1.185,999999,27,-100.0,soldall,TRANSPORTS,2507
CHILTON INVESTMENT COMPANY INC.,Markel Corp. (Holding Co.),MKL,2014-06-30,SH,0.0,0.0,510.0,304000.0,,0.0094,999999,146,-100.0,soldall,FINANCE,3461
CHILTON INVESTMENT COMPANY INC.,Allergan Inc.,AGN,2014-06-30,SH,0.0,0.0,11558.0,1434000.0,,0.0445,999999,108,-100.0,soldall,HEALTH CARE,3531
CHILTON INVESTMENT COMPANY INC.,Advance Auto Parts Inc.,AAP,2014-06-30,SH,0.0,0.0,3136.0,397000.0,,0.0123,999999,139,-100.0,soldall,CONSUMER DISCRETIONARY,3562
CHILTON INVESTMENT COMPANY INC.,First Horizon,FHN,2014-06-30,SH,0.0,0.0,1050878.0,12968000.0,,0.4024,999999,64,-100.0,soldall,FINANCE,3603
CHILTON INVESTMENT COMPANY INC.,Alphabet Inc. Class A,GOOGL,2014-06-30,SH,0.0,0.0,12020.0,670000.0,,0.0208,999999,128,-100.0,soldall,COMMUNICATIONS,4112
CHILTON INVESTMENT COMPANY INC.,Berkshire Hathaway Inc Class A,BRK.A,2014-06-30,SH,0.0,0.0,8.0,1499000.0,,0.0465,999999,107,-100.0,soldall,FINANCE,4161
CHILTON INVESTMENT COMPANY INC.,Marsh & McLennan Companies Inc.,MMC,2014-06-30,SH,0.0,0.0,9401.0,463000.0,,0.0144,999999,134,-100.0,soldall,FINANCE,4352
CHILTON INVESTMENT COMPANY INC.,Sanofi SA,SNY,2014-06-30,SH,0.0,0.0,7388.0,386000.0,,0.012,999999,141,-100.0,soldall,HEALTH CARE,4377
CHILTON INVESTMENT COMPANY INC.,TotalEnergies SE,TTE,2014-06-30,SH,0.0,0.0,4858.0,319000.0,,0.0099,999999,145,-100.0,soldall,ENERGY,4389
CHILTON INVESTMENT COMPANY INC.,BlackRock Inc. Class A,BLK,2014-06-30,SH,0.0,0.0,1067.0,336000.0,,0.0104,999999,144,-100.0,soldall,FINANCE,5029
CHILTON INVESTMENT COMPANY INC.,ATMEL CORP;COM USD0.001,ATML,2014-06-30,SH,0.0,0.0,2654149.0,22189000.0,,0.6885,999999,50,-100.0,soldall,INFORMATION TECHNOLOGY,5051
CHILTON INVESTMENT COMPANY INC.,Cabelas Inc. Class A,CAB,2014-06-30,SH,0.0,0.0,80891.0,5299000.0,,0.1644,999999,87,-100.0,soldall,CONSUMER DISCRETIONARY,5060
CHILTON INVESTMENT COMPANY INC.,Mohawk Industries Inc.,MHK,2014-06-30,SH,0.0,0.0,1804.0,245000.0,,0.0076,999999,155,-100.0,soldall,CONSUMER DISCRETIONARY,5137
CHILTON INVESTMENT COMPANY INC.,OReilly Automotive Inc.,ORLY,2014-06-30,SH,0.0,0.0,2000.0,297000.0,,0.0092,999999,150,-100.0,soldall,CONSUMER DISCRETIONARY,5148
CHILTON INVESTMENT COMPANY INC.,LKQ Corp,LKQ,2014-06-30,SH,0.0,0.0,1347391.0,35504000.0,,1.1017,999999,31,-100.0,soldall,INDUSTRIALS,5610
CHILTON INVESTMENT COMPANY INC.,PERICOM SEMICONDUCTOR CORP COM STK,PSEM,2014-06-30,SH,0.0,0.0,148811.0,1165000.0,,0.0361,999999,117,-100.0,soldall,INFORMATION TECHNOLOGY,5768
CHILTON INVESTMENT COMPANY INC.,NetEase Inc ADR,NTES,2014-06-30,SH,0.0,0.0,82665.0,1113000.0,,0.0345,999999,118,-100.0,soldall,COMMUNICATIONS,6030
CHILTON INVESTMENT COMPANY INC.,Unilever N.V. ADR,UN,2014-06-30,SH,0.0,0.0,8535.0,351000.0,,0.0109,999999,143,-100.0,soldall,CONSUMER STAPLES,6451
CHILTON INVESTMENT COMPANY INC.,WPP plc ADS ADR,WPP,2014-06-30,SH,0.0,0.0,46396.0,4783000.0,,0.1484,999999,91,-100.0,soldall,COMMUNICATIONS,6461
CHILTON INVESTMENT COMPANY INC.,The Consumer Staples Select Sector SPDR Fund-,XLP,2014-06-30,SH,0.0,0.0,6919.0,298000.0,,0.0092,999999,149,-100.0,soldall,CONSUMER STAPLES,6764
CHILTON INVESTMENT COMPANY INC.,IMAX Corp,IMAX,2014-06-30,SH,0.0,0.0,243998.0,6668000.0,,0.2069,999999,78,-100.0,soldall,COMMUNICATIONS,6853
CHILTON INVESTMENT COMPANY INC.,Tapestry Inc,TPR,2014-06-30,SH,0.0,0.0,437036.0,21704000.0,,0.6735,999999,51,-100.0,soldall,CONSUMER DISCRETIONARY,11325
CHILTON INVESTMENT COMPANY INC.,GLOBE SPECIALTY METALS INC COM STK,11G.OLD:FWB2,2014-06-30,SH,0.0,0.0,304856.0,6347000.0,,0.1969,999999,81,-100.0,soldall,MATERIALS,79437
CHILTON INVESTMENT COMPANY INC.,Broadcom Ltd. (Avago Technologies),AVGO,2014-06-30,SH,0.0,0.0,479926.0,30912000.0,,0.9592,999999,37,-100.0,soldall,INFORMATION TECHNOLOGY,81122
CHILTON INVESTMENT COMPANY INC.,Huazhu Grp Ltd ADS ADR,HTHT,2014-06-30,SH,0.0,0.0,58300.0,358000.0,,0.0111,999999,142,-100.0,soldall,CONSUMER DISCRETIONARY,89141
CHILTON INVESTMENT COMPANY INC.,Spansion Inc,CODE,2014-06-30,SH,0.0,0.0,2135183.0,37195000.0,,1.1541,999999,29,-100.0,soldall,INFORMATION TECHNOLOGY,89278
CHILTON INVESTMENT COMPANY INC.,KKR & Co. Inc,KKR,2014-06-30,SH,0.0,0.0,1244432.0,28423000.0,,0.8819,999999,42,-100.0,soldall,FINANCE,92493
CHILTON INVESTMENT COMPANY INC.,TAL Education Group American Depositary ADR,TAL,2014-06-30,SH,0.0,0.0,182442.0,685000.0,,0.0213,999999,126,-100.0,soldall,CONSUMER DISCRETIONARY,96103
CHILTON INVESTMENT COMPANY INC.,Noah Holdings Ltd ADR,NOAH,2014-06-30,SH,0.0,0.0,123711.0,1784000.0,,0.0554,999999,103,-100.0,soldall,FINANCE,108034
CHILTON INVESTMENT COMPANY INC.,Qihoo 360 Technology Co. Ltd,QIHU,2014-06-30,SH,0.0,0.0,4106.0,409000.0,,0.0127,999999,137,-100.0,soldall,INFORMATION TECHNOLOGY,111476
CHILTON INVESTMENT COMPANY INC.,Infoblox Inc,BLOX,2014-06-30,SH,0.0,0.0,241621.0,4847000.0,,0.1504,999999,90,-100.0,soldall,INFORMATION TECHNOLOGY,122608
CHILTON INVESTMENT COMPANY INC.,JOYY Inc,YY,2014-06-30,SH,0.0,0.0,10948.0,836000.0,,0.0259,999999,124,-100.0,soldall,INFORMATION TECHNOLOGY,133672
CHILTON INVESTMENT COMPANY INC.,AbbVie Inc,ABBV,2014-06-30,SH,0.0,0.0,5700.0,293000.0,,0.0091,999999,151,-100.0,soldall,HEALTH CARE,133912
CHILTON INVESTMENT COMPANY INC.,Burlington Stores Inc,BURL,2014-06-30,SH,0.0,0.0,140681.0,4153000.0,,0.1289,999999,94,-100.0,soldall,CONSUMER DISCRETIONARY,162667
CHILTON INVESTMENT COMPANY INC.,SFX ENTERTAINMENT INC COM,SFXEQ,2014-06-30,SH,0.0,0.0,888683.0,6265000.0,,0.1944,999999,82,-100.0,soldall,CONSUMER DISCRETIONARY,163445
