Filer Name,Stock Name,Stock Ticker,Quarter Date,Type of Security,Current Shares Held,Current Market Value,Previous Shares Held,Previous Market Value,Current % of Portfolio,Previous % of Portfolio,Current Rank,Previous Rank,Change in Shares,Type of Change,Sector,stock_id
CHILTON INVESTMENT COMPANY INC.,PANTRY INC (THE),PTRY,2006-12-31,SH,4152253.0,194492000.0,4266951.0,240528000.0,5.3734,6.4286,1,1,-2.688055,reduction,CONSUMER STAPLES,2418
CHILTON INVESTMENT COMPANY INC.,Southwestern Energy Co.,SWN,2006-12-31,SH,8871532.0,155474000.0,9132318.0,136391000.0,4.2955,3.6454,2,5,-2.855639,reduction,ENERGY,3900
CHILTON INVESTMENT COMPANY INC.,MGM Resorts International Inc.,MGM,2006-12-31,SH,2203993.0,126399000.0,2109361.0,83299000.0,3.4922,2.2264,3,13,4.486288,addition,CONSUMER DISCRETIONARY,254
CHILTON INVESTMENT COMPANY INC.,KB Home Inc.,KBH,2006-12-31,SH,2362313.0,121139000.0,3384720.0,148251000.0,3.3468,3.9623,4,3,-30.206546,reduction,CONSUMER DISCRETIONARY,3623
CHILTON INVESTMENT COMPANY INC.,Suncor Energy Inc.,SU,2006-12-31,SH,2607912.0,102895000.0,2825408.0,101785000.0,2.8428,2.7204,5,9,-7.697862,reduction,ENERGY,127
CHILTON INVESTMENT COMPANY INC.,Fidelity National Information Services Inc,FIS,2006-12-31,SH,2500675.0,100252000.0,44184.0,1635000.0,2.7698,0.0437,6,136,5559.684501,addition,FINANCE,2403
CHILTON INVESTMENT COMPANY INC.,Destination XL Group Inc.,DXLG,2006-12-31,SH,7597875.0,99152000.0,7580998.0,104087000.0,2.7394,2.782,7,8,0.222622,addition,CONSUMER DISCRETIONARY,988
CHILTON INVESTMENT COMPANY INC.,Mastercard Inc,MA,2006-12-31,SH,9469380.0,93264000.0,6698840.0,47126000.0,2.5767,1.2595,8,23,41.358504,addition,FINANCE,4044
CHILTON INVESTMENT COMPANY INC.,Weatherford International plc,WFTIQ,2006-12-31,SH,3819364.0,79806000.0,1030190.0,21490000.0,2.2049,0.5744,9,52,270.743649,addition,ENERGY,2531
CHILTON INVESTMENT COMPANY INC.,SLM Corp,SLM,2006-12-31,SH,1577681.0,76944000.0,0.0,0.0,2.1258,,10,999999,,new,FINANCE,892
CHILTON INVESTMENT COMPANY INC.,QUICKSILVER RESOURCES INC,KWKAQ,2006-12-31,SH,4164448.0,76189000.0,3616758.0,57687000.0,2.105,1.5418,11,17,15.14312,addition,ENERGY,5156
CHILTON INVESTMENT COMPANY INC.,Chesapeake Energy Corp,CHKAQ,2006-12-31,SH,12793.33,74329000.0,7510.8,43533000.0,2.0536,1.1635,12,25,70.332455,addition,ENERGY,3533
CHILTON INVESTMENT COMPANY INC.,Berkeley (W.R.) Corp.,WRB,2006-12-31,SH,4842087.75,74267000.0,7049094.75,110874000.0,2.0519,2.9634,13,6,-31.309084,reduction,FINANCE,543
CHILTON INVESTMENT COMPANY INC.,Popeyes Louisiana Kitchen Inc.,PLKI,2006-12-31,SH,3977286.0,70279000.0,4259078.0,61501000.0,1.9417,1.6438,14,14,-6.616268,reduction,CONSUMER DISCRETIONARY,6078
CHILTON INVESTMENT COMPANY INC.,Onebeacon Insurance Group Ltd,OB,2006-12-31,SH,2420739.0,67781000.0,0.0,0.0,1.8727,,15,999999,,new,FINANCE,5304
CHILTON INVESTMENT COMPANY INC.,Dade Behring Holdings Inc,DADE,2006-12-31,SH,1702069.0,67759000.0,1423550.0,57170000.0,1.8721,1.528,16,18,19.565101,addition,HEALTH CARE,97363
CHILTON INVESTMENT COMPANY INC.,Cypress Semiconductor Corp,CY,2006-12-31,SH,18564405.52,67678000.0,7304791.03,28051000.0,1.8698,0.7497,17,36,154.140131,addition,INFORMATION TECHNOLOGY,3714
CHILTON INVESTMENT COMPANY INC.,Cracker Barrel Old Country Store Inc.,CBRL,2006-12-31,SH,1412088.0,63205000.0,0.0,0.0,1.7462,,18,999999,,new,CONSUMER DISCRETIONARY,2631
CHILTON INVESTMENT COMPANY INC.,Fidelity National Financial Inc,FNF,2006-12-31,SH,3750087.16,62172000.0,7163436.18,104239000.0,1.7177,2.786,19,7,-47.649605,reduction,FINANCE,4333
CHILTON INVESTMENT COMPANY INC.,GoldCorp Inc.,GG,2006-12-31,SH,1973609.0,56129000.0,648667.0,15309000.0,1.5507,0.4092,20,65,204.256113,addition,MATERIALS,116
CHILTON INVESTMENT COMPANY INC.,American International Group Inc.,AIG,2006-12-31,SH,36893.4,52876000.0,39758.1,52687000.0,1.4609,1.4082,21,20,-7.205324,reduction,FINANCE,193
CHILTON INVESTMENT COMPANY INC.,America Movil S.A.B.DE C.V.,AMX,2006-12-31,SH,2103674.0,47564000.0,2315616.0,45583000.0,1.3141,1.2183,22,24,-9.152727,reduction,UTILITIES AND TELECOMMUNICATIONS,3509
CHILTON INVESTMENT COMPANY INC.,Dish Network Corp Class A,DISH,2006-12-31,SH,1245243.0,47357000.0,94548.0,3096000.0,1.3084,0.0827,23,121,1217.048483,addition,COMMUNICATIONS,8397
CHILTON INVESTMENT COMPANY INC.,Federated Department Stores Inc,fds,2006-12-31,SH,1188419.0,45314000.0,2204373.0,95251000.0,1.2519,2.5458,24,11,-46.088117,reduction, ,107150
CHILTON INVESTMENT COMPANY INC.,Cameco Corp.,CCJ,2006-12-31,SH,1046612.0,42335000.0,662487.0,24227000.0,1.1696,0.6475,25,44,57.98227,addition,ENERGY,156
CHILTON INVESTMENT COMPANY INC.,Whirlpool Corp. (DE),WHR,2006-12-31,SH,497388.0,41293000.0,280640.0,23605000.0,1.1408,0.6309,26,45,77.233466,addition,CONSUMER DISCRETIONARY,476
CHILTON INVESTMENT COMPANY INC.,Nov Inc,NOV,2006-12-31,SH,1274904.0,38999000.0,741114.0,21696000.0,1.0775,0.5799,27,50,72.025356,addition,ENERGY,17
CHILTON INVESTMENT COMPANY INC.,ANADIGICS INC,ANAD,2006-12-31,SH,4191853.0,37140000.0,5054500.0,36190000.0,1.0261,0.9673,28,29,-17.066911,reduction,INFORMATION TECHNOLOGY,984
CHILTON INVESTMENT COMPANY INC.,Motorola Solutions Inc,MSI,2006-12-31,SH,250223.33,36001000.0,0.0,0.0,0.9946,,29,999999,,new,INFORMATION TECHNOLOGY,433
CHILTON INVESTMENT COMPANY INC.,Toyota Motors Corp. ADR,TM,2006-12-31,SH,258377.0,34703000.0,0.0,0.0,0.9588,,30,999999,,new,CONSUMER DISCRETIONARY,5799
CHILTON INVESTMENT COMPANY INC.,Nexen Inc,NXY,2006-12-31,SH,1240418.0,34111000.0,2253082.0,60225000.0,0.9424,1.6096,31,15,-44.945723,reduction,ENERGY,5553
CHILTON INVESTMENT COMPANY INC.,Baker Hughes Company,BKR,2006-12-31,SH,446549.0,33339000.0,0.0,0.0,0.9211,,32,999999,,new,ENERGY,2502
CHILTON INVESTMENT COMPANY INC.,Gold Fields Ltd ADR,GFI,2006-12-31,SH,1727278.0,32611000.0,1012595.0,18065000.0,0.901,0.4828,33,55,70.579353,addition,MATERIALS,5532
CHILTON INVESTMENT COMPANY INC.,Agrium Inc. - Merged with Potash,AGU,2006-12-31,SH,1026451.0,32323000.0,0.0,0.0,0.893,,34,999999,,new,MATERIALS,11418
CHILTON INVESTMENT COMPANY INC.,ASE Test Ltd,ASTSF,2006-12-31,SH,3203488.0,32323000.0,3137389.0,26793000.0,0.893,0.7161,35,39,2.106816,addition,INFORMATION TECHNOLOGY,6474
CHILTON INVESTMENT COMPANY INC.,Lesaka Technologies Inc,LSAK,2006-12-31,SH,1083515.0,32029000.0,438092.0,10015000.0,0.8849,0.2677,36,82,147.325904,addition,INFORMATION TECHNOLOGY,6029
CHILTON INVESTMENT COMPANY INC.,JPMorgan Chase & Co. (Chemical Bank),JPM,2006-12-31,SH,659832.0,31870000.0,0.0,0.0,0.8805,,37,999999,,new,FINANCE,240
CHILTON INVESTMENT COMPANY INC.,Toll Brothers Inc.,TOL,2006-12-31,SH,947007.0,30522000.0,3511472.0,98602000.0,0.8433,2.6354,38,10,-73.031054,reduction,CONSUMER DISCRETIONARY,2528
CHILTON INVESTMENT COMPANY INC.,Life Technologies Corp.,LIFE,2006-12-31,SH,1075716.0,30437000.0,684088.0,21689000.0,0.8409,0.5797,39,51,57.24819,addition,HEALTH CARE,72076
CHILTON INVESTMENT COMPANY INC.,Keryx Biopharmaceuticals Inc,KERX,2006-12-31,SH,2266248.0,30141000.0,2276955.0,26936000.0,0.8327,0.7199,40,38,-0.470233,reduction,HEALTH CARE,3624
CHILTON INVESTMENT COMPANY INC.,Nutrien Ltd,NTR,2006-12-31,SH,195734.0,28084000.0,394452.0,41098000.0,0.7759,1.0984,41,27,-50.378246,reduction,MATERIALS,267
CHILTON INVESTMENT COMPANY INC.,NVR Inc,NVR,2006-12-31,SH,42761.0,27581000.0,42398.0,22683000.0,0.762,0.6063,42,47,0.856172,addition,CONSUMER DISCRETIONARY,2611
CHILTON INVESTMENT COMPANY INC.,PANTRY INC (THE),PTRY,2006-12-31,PRN,21787000.0,25992000.0,11181000.0,15068000.0,0.7181,0.4027,43,68,94.857347,addition,CONSUMER STAPLES,2418
CHILTON INVESTMENT COMPANY INC.,Agnico-Eagle Mines Ltd,AEM,2006-12-31,SH,621254.0,25621000.0,0.0,0.0,0.7079,,44,999999,,new,MATERIALS,5500
CHILTON INVESTMENT COMPANY INC.,First Republic Bank (San Francisco CA) (Old),FRC,2006-12-31,SH,609025.0,23801000.0,0.0,0.0,0.6576,,45,999999,,new,FINANCE,56418
CHILTON INVESTMENT COMPANY INC.,Bunge Ltd. ADR,BG,2006-12-31,SH,323750.0,23475000.0,440832.0,25546000.0,0.6486,0.6828,46,41,-26.559324,reduction,CONSUMER STAPLES,1062
CHILTON INVESTMENT COMPANY INC.,Cumulus Media Inc. Class A,CMLS,2006-12-31,SH,282047.13,23444000.0,286928.75,21944000.0,0.6477,0.5865,47,49,-1.701335,reduction,COMMUNICATIONS,5943
CHILTON INVESTMENT COMPANY INC.,First Solar Inc,FSLR,2006-12-31,SH,785190.0,23430000.0,0.0,0.0,0.6473,,48,999999,,new,INDUSTRIALS,6021
CHILTON INVESTMENT COMPANY INC.,Interline Brands Inc,IBI,2006-12-31,SH,991352.0,22276000.0,1141703.0,28177000.0,0.6154,0.7531,49,35,-13.169012,reduction,INDUSTRIALS,6168
CHILTON INVESTMENT COMPANY INC.,Mirant Corp. (New),MIRKQ,2006-12-31,SH,700358.0,22110000.0,649787.0,17746000.0,0.6109,0.4743,50,57,7.782704,addition,UTILITIES AND TELECOMMUNICATIONS,887
CHILTON INVESTMENT COMPANY INC.,WEX Inc.,WEX,2006-12-31,SH,694938.0,21661000.0,661905.0,15925000.0,0.5985,0.4256,51,63,4.990595,addition,FINANCE,4072
CHILTON INVESTMENT COMPANY INC.,Ford Motor Co.,F,2006-12-31,PRN,20000000.0,21384000.0,0.0,0.0,0.5908,,52,999999,,new,CONSUMER DISCRETIONARY,4032
CHILTON INVESTMENT COMPANY INC.,Mosaic Company (The),MOS,2006-12-31,SH,970864.0,20738000.0,1584916.0,26785000.0,0.573,0.7159,53,40,-38.743504,reduction,MATERIALS,11443
CHILTON INVESTMENT COMPANY INC.,Entegris Inc.,ENTG,2006-12-31,SH,1903971.0,20601000.0,3120369.0,34043000.0,0.5692,0.9099,54,30,-38.982505,reduction,INFORMATION TECHNOLOGY,3717
CHILTON INVESTMENT COMPANY INC.,Kansas City Southern Industries Inc.,KSU,2006-12-31,SH,699614.0,20275000.0,730638.0,19954000.0,0.5602,0.5333,55,54,-4.246152,reduction,TRANSPORTS,4957
CHILTON INVESTMENT COMPANY INC.,Newmont Mining Corp. (Holding Co.),NEM,2006-12-31,SH,447879.0,20222000.0,379504.0,16224000.0,0.5587,0.4336,56,61,18.016938,addition,MATERIALS,438
CHILTON INVESTMENT COMPANY INC.,PNC Financial Services Group Inc. (The) (Provident National Trust Co.),PNC,2006-12-31,SH,268174.0,19856000.0,0.0,0.0,0.5486,,57,999999,,new,FINANCE,3649
CHILTON INVESTMENT COMPANY INC.,American Century Focused Dynamic Growth ETF-,FDG,2006-12-31,SH,919126.0,19072000.0,0.0,0.0,0.5269,,58,999999,,new,MATERIALS,3800
CHILTON INVESTMENT COMPANY INC.,Compass Diversified Holdings,CODI,2006-12-31,SH,1105045.0,18952000.0,1024634.0,15677000.0,0.5236,0.419,59,64,7.847778,addition,FINANCE,7079
CHILTON INVESTMENT COMPANY INC.,DoubleLine Income Solutions Fund,DSL,2006-12-31,SH,257815.0,18712000.0,0.0,0.0,0.517,,60,999999,,new,MUTUAL FUND,11438
CHILTON INVESTMENT COMPANY INC.,Johnson & Johnson Co.,JNJ,2006-12-31,SH,279034.0,18422000.0,0.0,0.0,0.509,,61,999999,,new,HEALTH CARE,239
CHILTON INVESTMENT COMPANY INC.,Deltic Timber Corp.,DEL,2006-12-31,SH,325295.0,18145000.0,1001951.0,47753000.0,0.5013,1.2763,62,21,-67.533841,reduction,MATERIALS,5265
CHILTON INVESTMENT COMPANY INC.,AngloGold Ashanti Plc.,AU,2006-12-31,SH,365842.0,17227000.0,357455.0,13490000.0,0.4759,0.3606,63,76,2.346309,addition,MATERIALS,6810
CHILTON INVESTMENT COMPANY INC.,FMC Gold Co.,MDG,2006-12-31,SH,606921.0,16866000.0,593000.0,14742000.0,0.466,0.394,64,70,2.347555,addition,MATERIALS,97193
CHILTON INVESTMENT COMPANY INC.,Canadian Natural Resources Ltd,CNQ,2006-12-31,SH,640928.67,16707000.0,626222.18,13978000.0,0.4616,0.3736,65,73,2.348446,addition,ENERGY,106
CHILTON INVESTMENT COMPANY INC.,National Instruments Corp,NATI,2006-12-31,SH,911620.5,16555000.0,764083.5,13927000.0,0.4574,0.3722,66,74,19.309015,addition,INFORMATION TECHNOLOGY,5139
CHILTON INVESTMENT COMPANY INC.,Vivus Inc,VVUS,2006-12-31,SH,451310.4,16337000.0,637248.0,23578000.0,0.4514,0.6302,67,46,-29.178216,reduction,HEALTH CARE,7680
CHILTON INVESTMENT COMPANY INC.,EOG Resources Inc,EOG,2006-12-31,SH,496838.0,15514000.0,685304.0,22290000.0,0.4286,0.5957,68,48,-27.50108,reduction,ENERGY,4870
CHILTON INVESTMENT COMPANY INC.,Berry Petroleum Class A (delisted 2013),BRY,2006-12-31,SH,494910.0,15347000.0,483561.0,13617000.0,0.424,0.3639,69,75,2.346963,addition,ENERGY,6317
CHILTON INVESTMENT COMPANY INC.,Ovintiv Inc. (Pan Canadian Energy - Encana Corp.),OVV,2006-12-31,SH,66377.6,15250000.0,64854.2,15140000.0,0.4213,0.4047,70,67,2.348961,addition,ENERGY,112
CHILTON INVESTMENT COMPANY INC.,GOODRICH PETROLEUM CORP(NEW),GDPMQ,2006-12-31,SH,414150.0,14984000.0,0.0,0.0,0.414,,71,999999,,new,ENERGY,5534
CHILTON INVESTMENT COMPANY INC.,Range Resources Corp.,RRC,2006-12-31,SH,525865.0,14440000.0,638600.0,16118000.0,0.399,0.4308,72,62,-17.653461,reduction,ENERGY,3656
CHILTON INVESTMENT COMPANY INC.,MEMC Electronic Materials Inc.,WFR,2006-12-31,SH,341308.0,13359000.0,480864.0,17614000.0,0.3691,0.4708,73,58,-29.021927,reduction,INFORMATION TECHNOLOGY,969
CHILTON INVESTMENT COMPANY INC.,Xerox Corp. (Haloid Co.),XRX,2006-12-31,SH,195658.75,13266000.0,231266.0,14394000.0,0.3665,0.3847,74,72,-15.396664,reduction,INFORMATION TECHNOLOGY,3685
CHILTON INVESTMENT COMPANY INC.,CNX Resources Corporation,CNX,2006-12-31,SH,407969.0,13108000.0,0.0,0.0,0.3621,,75,999999,,new,ENERGY,1030
CHILTON INVESTMENT COMPANY INC.,Halliburton Co.,HAL,2006-12-31,SH,412635.0,12812000.0,403171.0,11470000.0,0.354,0.3066,76,79,2.347391,addition,ENERGY,411
CHILTON INVESTMENT COMPANY INC.,Republic Services Inc.,RSG,2006-12-31,SH,454920.0,12334000.0,487500.0,13068000.0,0.3408,0.3493,77,77,-6.683077,reduction,INDUSTRIALS,5160
CHILTON INVESTMENT COMPANY INC.,Hospira Inc.,HSP,2006-12-31,SH,349591.0,11739000.0,1515706.0,58006000.0,0.3243,1.5503,78,16,-76.935435,reduction,HEALTH CARE,1056
CHILTON INVESTMENT COMPANY INC.,Zumiez Inc,ZUMZ,2006-12-31,SH,388819.0,11486000.0,0.0,0.0,0.3173,,79,999999,,new,CONSUMER DISCRETIONARY,5194
CHILTON INVESTMENT COMPANY INC.,Sociedad Quimica y Minera de Chile S.A. Class A ADR,SQM,2006-12-31,SH,821010.0,11130000.0,802230.0,9234000.0,0.3075,0.2468,80,87,2.340975,addition,MATERIALS,8243
CHILTON INVESTMENT COMPANY INC.,Advance Auto Parts Inc.,AAP,2006-12-31,SH,299784.0,10660000.0,4665920.0,153695000.0,0.2945,4.1078,81,2,-93.575029,reduction,CONSUMER DISCRETIONARY,3562
CHILTON INVESTMENT COMPANY INC.,RENTECH INC COM NEW (CO),RTK,2006-12-31,SH,271943.2,10252000.0,223293.1,10338000.0,0.2832,0.2763,82,81,21.787552,addition,ENERGY,7521
CHILTON INVESTMENT COMPANY INC.,NewStar Financial Inc,NEWS,2006-12-31,SH,551055.0,10167000.0,0.0,0.0,0.2809,,83,999999,,new,FINANCE,3906
CHILTON INVESTMENT COMPANY INC.,Global X Interest Rate Hedge ETF-,RATE,2006-12-31,SH,265350.0,10070000.0,0.0,0.0,0.2782,,84,999999,,new,CONSUMER DISCRETIONARY,612
CHILTON INVESTMENT COMPANY INC.,TIBCO Software Inc.,TIBX,2006-12-31,SH,1046555.0,9879000.0,1091792.0,9804000.0,0.2729,0.262,85,84,-4.143372,reduction,INFORMATION TECHNOLOGY,974
CHILTON INVESTMENT COMPANY INC.,Andersons Inc. (The),ANDE,2006-12-31,SH,343381.5,9704000.0,344871.0,7852000.0,0.2681,0.2099,86,92,-0.431901,reduction,CONSUMER STAPLES,5242
CHILTON INVESTMENT COMPANY INC.,Destination XL Group Inc.,DXLG,2006-12-31,PRN,7350000.0,9094000.0,7350000.0,9682000.0,0.2513,0.2588,87,85,0.0,,CONSUMER DISCRETIONARY,988
CHILTON INVESTMENT COMPANY INC.,Parallel Pete Corp. (DE),PLLL,2006-12-31,SH,510587.0,8971000.0,343229.0,6885000.0,0.2479,0.184,88,97,48.759866,addition,ENERGY,3424
CHILTON INVESTMENT COMPANY INC.,STEC Inc,STEC,2006-12-31,SH,693052.0,8788000.0,1623728.0,14792000.0,0.2428,0.3953,89,69,-57.317235,reduction,INFORMATION TECHNOLOGY,6239
CHILTON INVESTMENT COMPANY INC.,MSC Industrial Direct Inc.,MSM,2006-12-31,SH,220497.0,8632000.0,0.0,0.0,0.2385,,90,999999,,new,INDUSTRIALS,5127
CHILTON INVESTMENT COMPANY INC.,Alphabet Inc. Class A,GOOGL,2006-12-31,SH,358460.0,8253000.0,74620.0,1499000.0,0.228,0.0401,91,137,380.380595,addition,COMMUNICATIONS,4112
CHILTON INVESTMENT COMPANY INC.,Crystallex International Corp.,CRYFQ,2006-12-31,SH,2272923.0,8228000.0,0.0,0.0,0.2273,,92,999999,,new,MATERIALS,6828
CHILTON INVESTMENT COMPANY INC.,Owens Corning Inc,OC,2006-12-31,SH,273374.0,8174000.0,0.0,0.0,0.2258,,93,999999,,new,INDUSTRIALS,890
CHILTON INVESTMENT COMPANY INC.,dELiA*s Inc,DLIA,2006-12-31,SH,761295.0,7986000.0,0.0,0.0,0.2206,,94,999999,,new,CONSUMER DISCRETIONARY,774
CHILTON INVESTMENT COMPANY INC.,Inseego Corp,INSG,2006-12-31,SH,80831.5,7816000.0,93818.4,9035000.0,0.2159,0.2415,95,88,-13.842594,reduction,INFORMATION TECHNOLOGY,11428
CHILTON INVESTMENT COMPANY INC.,CAL DIVE INTERNATIONAL INC COM,CDVIQ,2006-12-31,SH,600000.0,7530000.0,0.0,0.0,0.208,,96,999999,,new,ENERGY,3586
CHILTON INVESTMENT COMPANY INC.,Pan American Silver Corp,PAAS,2006-12-31,SH,288600.0,7264000.0,289852.0,5664000.0,0.2007,0.1514,97,102,-0.431945,reduction,MATERIALS,181
CHILTON INVESTMENT COMPANY INC.,IPG Photonics Corp,IPGP,2006-12-31,SH,299324.0,7184000.0,0.0,0.0,0.1985,,98,999999,,new,INFORMATION TECHNOLOGY,6641
CHILTON INVESTMENT COMPANY INC.,W&T Offshore Inc,WTI,2006-12-31,SH,224807.0,6906000.0,225782.0,6595000.0,0.1908,0.1763,99,98,-0.431832,reduction,ENERGY,5621
CHILTON INVESTMENT COMPANY INC.,Tesco Corp.,TESO,2006-12-31,SH,390800.0,6905000.0,392495.0,6088000.0,0.1908,0.1627,100,100,-0.431853,reduction,ENERGY,11556
CHILTON INVESTMENT COMPANY INC.,eCollege.com Inc,ECLG,2006-12-31,SH,433880.0,6790000.0,0.0,0.0,0.1876,,101,999999,,new,INFORMATION TECHNOLOGY,100095
CHILTON INVESTMENT COMPANY INC.,Quest Resource Corp.,QRCP,2006-12-31,SH,584725.0,5906000.0,587244.0,5215000.0,0.1632,0.1394,102,108,-0.428953,reduction,ENERGY,5316
CHILTON INVESTMENT COMPANY INC.,DexCom Inc,DXCM,2006-12-31,SH,2363944.0,5827000.0,0.0,0.0,0.161,,103,999999,,new,HEALTH CARE,5074
CHILTON INVESTMENT COMPANY INC.,SSgA SPDR Gold Shares,GLD,2006-12-31,SH,90982.0,5751000.0,78342.0,4659000.0,0.1589,0.1245,104,113,16.134385,addition,MATERIALS,3418
CHILTON INVESTMENT COMPANY INC.,American Italian Pasta Co,AIPC,2006-12-31,SH,617527.0,5496000.0,670977.0,5220000.0,0.1518,0.1395,105,107,-7.965996,reduction,CONSUMER STAPLES,72751
CHILTON INVESTMENT COMPANY INC.,Hutchison Telecommunications Hong Kong Holdings Limited ADS,HTX,2006-12-31,SH,139741.0,5355000.0,185355.0,4860000.0,0.1479,0.1299,106,111,-24.608994,reduction,COMMUNICATIONS,7227
CHILTON INVESTMENT COMPANY INC.,Regal Entertainment Group Class A,RGC,2006-12-31,SH,245040.0,5224000.0,0.0,0.0,0.1443,,107,999999,,new,COMMUNICATIONS,709
CHILTON INVESTMENT COMPANY INC.,Microchip Technology Inc,MCHP,2006-12-31,SH,300338.0,4911000.0,0.0,0.0,0.1357,,108,999999,,new,INFORMATION TECHNOLOGY,255
CHILTON INVESTMENT COMPANY INC.,Witness Systems Inc,WITS,2006-12-31,SH,279506.0,4900000.0,543815.0,9533000.0,0.1354,0.2548,109,86,-48.602742,reduction,INFORMATION TECHNOLOGY,106585
CHILTON INVESTMENT COMPANY INC.,Cogent Communications Group Inc,CCOI,2006-12-31,SH,299250.0,4854000.0,0.0,0.0,0.1341,,110,999999,,new,COMMUNICATIONS,6333
CHILTON INVESTMENT COMPANY INC.,Warren Resources Inc,WRES,2006-12-31,SH,412534.0,4835000.0,413221.0,5033000.0,0.1336,0.1345,111,109,-0.166255,reduction,ENERGY,6051
CHILTON INVESTMENT COMPANY INC.,Jamba Inc,JMBA,2006-12-31,SH,91373.8,4601000.0,156143.8,6948000.0,0.1271,0.1857,112,96,-41.480994,reduction,CONSUMER DISCRETIONARY,48
CHILTON INVESTMENT COMPANY INC.,Biotechne Corp,TECH,2006-12-31,SH,320460.0,4442000.0,0.0,0.0,0.1227,,113,999999,,new,HEALTH CARE,5172
CHILTON INVESTMENT COMPANY INC.,LivePerson Inc.,LPSN,2006-12-31,SH,831515.0,4349000.0,821862.0,4413000.0,0.1202,0.1179,114,114,1.174528,addition,COMMUNICATIONS,3528
CHILTON INVESTMENT COMPANY INC.,Snyders-Lance Inc.,LNCE,2006-12-31,SH,208623.0,4189000.0,1456977.0,32083000.0,0.1157,0.8575,115,32,-85.681105,reduction,CONSUMER STAPLES,7316
CHILTON INVESTMENT COMPANY INC.,ENDEAVOUR INTERNATIONAL CORP NEW,ENDRQ,2006-12-31,SH,257220.0,4122000.0,0.0,0.0,0.1139,,116,999999,,new,ENERGY,6141
CHILTON INVESTMENT COMPANY INC.,QLogic Corp.,QLGC,2006-12-31,SH,179269.0,3930000.0,276561.0,5227000.0,0.1086,0.1397,117,106,-35.179219,reduction,INFORMATION TECHNOLOGY,707
CHILTON INVESTMENT COMPANY INC.,McAfee Inc.,MFE,2006-12-31,SH,133584.0,3791000.0,736974.0,18026000.0,0.1047,0.4818,118,56,-81.873987,reduction,INFORMATION TECHNOLOGY,923
CHILTON INVESTMENT COMPANY INC.,Sify Technologies Ltd ADR,SIFY,2006-12-31,SH,349713.0,3333000.0,410243.0,3762000.0,0.0921,0.1005,119,118,-14.75467,reduction,COMMUNICATIONS,9955
CHILTON INVESTMENT COMPANY INC.,GeoMet Inc (DE),GMET,2006-12-31,SH,299137.0,3111000.0,316005.0,2970000.0,0.086,0.0794,120,123,-5.33789,reduction,ENERGY,7189
CHILTON INVESTMENT COMPANY INC.,Laureate Education Inc.,LAUR,2006-12-31,SH,51321.0,2496000.0,51407.0,2460000.0,0.069,0.0657,121,128,-0.167292,reduction,CONSUMER DISCRETIONARY,102360
CHILTON INVESTMENT COMPANY INC.,Simpson Manufacturing Co. Inc.,SSD,2006-12-31,SH,75133.0,2378000.0,0.0,0.0,0.0657,,122,999999,,new,INDUSTRIALS,6430
CHILTON INVESTMENT COMPANY INC.,Midas Inc.,MDS,2006-12-31,SH,100000.0,2300000.0,1231581.0,25469000.0,0.0635,0.6807,123,42,-91.880355,reduction,CONSUMER DISCRETIONARY,7355
CHILTON INVESTMENT COMPANY INC.,Sealy Corp.,ZZ,2006-12-31,SH,150388.0,2218000.0,0.0,0.0,0.0613,,124,999999,,new,CONSUMER DISCRETIONARY,7556
CHILTON INVESTMENT COMPANY INC.,CoStar Group Inc,CSGP,2006-12-31,SH,400000.0,2142000.0,400000.0,1653000.0,0.0592,0.0442,125,135,0.0,,INDUSTRIALS,3409
CHILTON INVESTMENT COMPANY INC.,Global X Emerging Markets Great Consumer ETF-,EMC,2006-12-31,SH,158513.0,2092000.0,158513.0,1899000.0,0.0578,0.0508,126,133,0.0,,INFORMATION TECHNOLOGY,398
CHILTON INVESTMENT COMPANY INC.,Blackberry Ltd,BB,2006-12-31,SH,46428.0,1978000.0,68214.0,2334000.0,0.0546,0.0624,127,129,-31.937725,reduction,INFORMATION TECHNOLOGY,21
CHILTON INVESTMENT COMPANY INC.,Graco Inc.,GGG,2006-12-31,SH,148947.0,1967000.0,149484.0,1946000.0,0.0543,0.052,128,132,-0.359236,reduction,INDUSTRIALS,3719
CHILTON INVESTMENT COMPANY INC.,Eldorado Gold Corp,EGO,2006-12-31,SH,64601.6,1744000.0,64601.6,1405000.0,0.0482,0.0376,129,139,0.0,,MATERIALS,5522
CHILTON INVESTMENT COMPANY INC.,Microsoft Corp.,MSFT,2006-12-31,SH,53981.0,1612000.0,53981.0,1476000.0,0.0445,0.0394,130,138,0.0,,INFORMATION TECHNOLOGY,178
CHILTON INVESTMENT COMPANY INC.,Kodiak Oil & Gas Corp.,KOG,2006-12-31,SH,410000.0,1608000.0,0.0,0.0,0.0444,,131,999999,,new,ENERGY,120
CHILTON INVESTMENT COMPANY INC.,Shutterfly Inc,SFLY,2006-12-31,SH,95420.0,1374000.0,0.0,0.0,0.038,,132,999999,,new,CONSUMER DISCRETIONARY,5169
CHILTON INVESTMENT COMPANY INC.,Marvell Technology Group Ltd,MRVL,2006-12-31,SH,56152.0,1078000.0,0.0,0.0,0.0298,,133,999999,,new,INFORMATION TECHNOLOGY,3999
CHILTON INVESTMENT COMPANY INC.,Hansen Medical Inc,HNSN,2006-12-31,SH,9068.1,1046000.0,0.0,0.0,0.0289,,134,999999,,new,HEALTH CARE,3356
CHILTON INVESTMENT COMPANY INC.,NORTEL NETWORKS CRP(HLDG CO) NEW,NRTLQ,2006-12-31,SH,38770.0,1036000.0,0.0,0.0,0.0286,,135,999999,,new,INFORMATION TECHNOLOGY,6555
CHILTON INVESTMENT COMPANY INC.,BPI Energy Holdings Inc.,BPIGF,2006-12-31,SH,1595671.0,830000.0,1595671.0,1181000.0,0.0229,0.0316,136,141,0.0,,ENERGY,7783
CHILTON INVESTMENT COMPANY INC.,Isilon Systems Inc,ISLN,2006-12-31,SH,30000.0,821000.0,0.0,0.0,0.0227,,137,999999,,new,INFORMATION TECHNOLOGY,967
CHILTON INVESTMENT COMPANY INC.,Heelys Inc,HLYS,2006-12-31,SH,25000.0,803000.0,0.0,0.0,0.0222,,138,999999,,new,CONSUMER DISCRETIONARY,659
CHILTON INVESTMENT COMPANY INC.,Comverse Technology Inc.,CMVT,2006-12-31,SH,37540.0,792000.0,59757.0,1281000.0,0.0219,0.0342,139,140,-37.178908,reduction,INFORMATION TECHNOLOGY,5699
CHILTON INVESTMENT COMPANY INC.,Red Hat Inc,RHT,2006-12-31,SH,31785.0,731000.0,0.0,0.0,0.0202,,140,999999,,new,INFORMATION TECHNOLOGY,6916
CHILTON INVESTMENT COMPANY INC.,NetRatings Inc.,NTRT,2006-12-31,SH,37774.0,661000.0,37774.0,538000.0,0.0183,0.0144,141,146,0.0,,INFORMATION TECHNOLOGY,103489
CHILTON INVESTMENT COMPANY INC.,CNET Networks Inc,CNET,2006-12-31,SH,72039.0,655000.0,72039.0,689000.0,0.0181,0.0184,142,144,0.0,,INFORMATION TECHNOLOGY,42
CHILTON INVESTMENT COMPANY INC.,Bottomline Technologies Inc,EPAY,2006-12-31,SH,56758.0,650000.0,36758.0,359000.0,0.018,0.0096,143,150,54.409924,addition,INFORMATION TECHNOLOGY,3988
CHILTON INVESTMENT COMPANY INC.,NII HOLDINGS INC CL,NIHDQ,2006-12-31,SH,9356.0,603000.0,16033.0,997000.0,0.0167,0.0266,144,142,-41.645356,reduction,COMMUNICATIONS,4822
CHILTON INVESTMENT COMPANY INC.,Allegiant Travel Co,ALGT,2006-12-31,SH,21131.0,593000.0,0.0,0.0,0.0164,,145,999999,,new,TRANSPORTS,5044
CHILTON INVESTMENT COMPANY INC.,Maxim Integrated Products Inc,MXIM,2006-12-31,SH,16234.0,497000.0,16234.0,456000.0,0.0137,0.0122,146,148,0.0,,INFORMATION TECHNOLOGY,429
CHILTON INVESTMENT COMPANY INC.,Sadia SA ADS,SDA,2006-12-31,SH,38119.62,390000.0,39802.94,330000.0,0.0108,0.0088,147,152,-4.229135,reduction,CONSUMER STAPLES,8233
CHILTON INVESTMENT COMPANY INC.,Citrix Systems Inc.,CTXS,2006-12-31,SH,14370.12,310000.0,0.0,0.0,0.0086,,148,999999,,new,INFORMATION TECHNOLOGY,3588
CHILTON INVESTMENT COMPANY INC.,Blackbaud Inc,BLKB,2006-12-31,SH,11438.0,297000.0,11438.0,252000.0,0.0082,0.0067,149,155,0.0,,INFORMATION TECHNOLOGY,6318
CHILTON INVESTMENT COMPANY INC.,HOMEINNS HOTEL GROUP SPONSORED ADR,HMIN,2006-12-31,SH,5666.0,213000.0,0.0,0.0,0.0059,,150,999999,,new,CONSUMER DISCRETIONARY,6851
CHILTON INVESTMENT COMPANY INC.,Guidance Software Inc,GUID,2006-12-31,SH,10000.0,156000.0,0.0,0.0,0.0043,,151,999999,,new,INFORMATION TECHNOLOGY,7206
CHILTON INVESTMENT COMPANY INC.,Washington Mutual Inc - Dime Bancorp Inc. Litigation Tracking Warrant,DIMEQ,2006-12-31,SH,283600.0,41000.0,283600.0,32000.0,0.0011,0.0009,152,157,0.0,,FINANCE,7721
CHILTON INVESTMENT COMPANY INC.,ConocoPhillips (Phillips Petroleum),COP,2006-12-31,SH,0.0,0.0,649479.0,38663000.0,,1.0334,999999,28,-100.0,soldall,ENERGY,218
CHILTON INVESTMENT COMPANY INC.,Cardinal Health Inc.,CAH,2006-12-31,SH,0.0,0.0,10092.0,663000.0,,0.0177,999999,145,-100.0,soldall,HEALTH CARE,292
CHILTON INVESTMENT COMPANY INC.,Home Depot Inc. (The),HD,2006-12-31,SH,0.0,0.0,2412723.0,87509000.0,,2.3389,999999,12,-100.0,soldall,CONSUMER DISCRETIONARY,354
CHILTON INVESTMENT COMPANY INC.,American Express Co,AXP,2006-12-31,SH,0.0,0.0,299870.0,16817000.0,,0.4495,999999,60,-100.0,soldall,FINANCE,368
CHILTON INVESTMENT COMPANY INC.,XTO Energy Inc.,XTO,2006-12-31,SH,0.0,0.0,160813.75,5420000.0,,0.1449,999999,103,-100.0,soldall,ENERGY,478
CHILTON INVESTMENT COMPANY INC.,Valero Energy Corp.,VLO,2006-12-31,SH,0.0,0.0,50000.0,2573000.0,,0.0688,999999,126,-100.0,soldall,ENERGY,514
CHILTON INVESTMENT COMPANY INC.,Ameriprise Financial Inc.,AMP,2006-12-31,SH,0.0,0.0,135527.0,6356000.0,,0.1699,999999,99,-100.0,soldall,FINANCE,536
CHILTON INVESTMENT COMPANY INC.,Corus Bankshares,CORSQ,2006-12-31,SH,0.0,0.0,100000.0,2236000.0,,0.0598,999999,130,-100.0,soldall,FINANCE,634
CHILTON INVESTMENT COMPANY INC.,Freeport-McMoRan Copper & Gold Inc,FCX,2006-12-31,SH,0.0,0.0,1626102.0,43303000.0,,1.1574,999999,26,-100.0,soldall,MATERIALS,652
CHILTON INVESTMENT COMPANY INC.,SRS Labs Inc.,SRSL,2006-12-31,SH,0.0,0.0,666220.0,4131000.0,,0.1104,999999,117,-100.0,soldall,INFORMATION TECHNOLOGY,1012
CHILTON INVESTMENT COMPANY INC.,Altaba Inc. (Yahoo),AABA,2006-12-31,SH,0.0,0.0,100000.0,2528000.0,,0.0676,999999,127,-100.0,soldall,FINANCE,2412
CHILTON INVESTMENT COMPANY INC.,Omnicare Inc.,OCR,2006-12-31,SH,0.0,0.0,574286.0,24746000.0,,0.6614,999999,43,-100.0,soldall,HEALTH CARE,2424
CHILTON INVESTMENT COMPANY INC.,St. Joe Corp,JOE,2006-12-31,SH,0.0,0.0,90294.0,4954000.0,,0.1324,999999,110,-100.0,soldall,REAL ESTATE,2602
CHILTON INVESTMENT COMPANY INC.,TD Ameritrade Holding Corp Class A,AMTD,2006-12-31,SH,0.0,0.0,1505043.0,28370000.0,,0.7583,999999,34,-100.0,soldall,FINANCE,2821
CHILTON INVESTMENT COMPANY INC.,Capital One Financial Corp,COF,2006-12-31,SH,0.0,0.0,256321.0,20162000.0,,0.5389,999999,53,-100.0,soldall,FINANCE,3587
CHILTON INVESTMENT COMPANY INC.,Cognex Corp,CGNX,2006-12-31,SH,0.0,0.0,1228832.0,7760000.0,,0.2074,999999,93,-100.0,soldall,INFORMATION TECHNOLOGY,3690
CHILTON INVESTMENT COMPANY INC.,Martin Marietta Materials Inc.,MLM,2006-12-31,SH,0.0,0.0,83479.0,7064000.0,,0.1888,999999,95,-100.0,soldall,MATERIALS,3842
CHILTON INVESTMENT COMPANY INC.,Technip S.A. ADR,TKPPY,2006-12-31,SH,0.0,0.0,369084.0,5257000.0,,0.1405,999999,105,-100.0,soldall,ENERGY,3963
CHILTON INVESTMENT COMPANY INC.,BJ Services Co.,BJS,2006-12-31,SH,0.0,0.0,239990.0,7231000.0,,0.1933,999999,94,-100.0,soldall,ENERGY,4301
CHILTON INVESTMENT COMPANY INC.,Endurance Specialty Holdings Ltd,ENH,2006-12-31,SH,0.0,0.0,241356.0,8510000.0,,0.2274,999999,90,-100.0,soldall,FINANCE,4410
CHILTON INVESTMENT COMPANY INC.,Elan Corp Plc,ELN,2006-12-31,SH,0.0,0.0,200000.0,3120000.0,,0.0834,999999,120,-100.0,soldall,HEALTH CARE,4867
CHILTON INVESTMENT COMPANY INC.,Fibertower Corp,FTWRQ,2006-12-31,SH,0.0,0.0,27833.0,263000.0,,0.007,999999,154,-100.0,soldall,COMMUNICATIONS,4936
CHILTON INVESTMENT COMPANY INC.,WNS (Holdings) Ltd ADR,WNS,2006-12-31,SH,0.0,0.0,167940.0,4795000.0,,0.1282,999999,112,-100.0,soldall,INFORMATION TECHNOLOGY,4975
CHILTON INVESTMENT COMPANY INC.,Sasol Ltd. ADR,SSL,2006-12-31,SH,0.0,0.0,314629.0,10348000.0,,0.2766,999999,80,-100.0,soldall,ENERGY,5166
CHILTON INVESTMENT COMPANY INC.,INDUS Realty Trust Inc.,INDT,2006-12-31,SH,0.0,0.0,56299.0,1727000.0,,0.0462,999999,134,-100.0,soldall,CONSUMER STAPLES,5278
CHILTON INVESTMENT COMPANY INC.,TIM S.A.,TIMB,2006-12-31,SH,0.0,0.0,17957.0,500000.0,,0.0134,999999,147,-100.0,soldall,UTILITIES AND TELECOMMUNICATIONS,5952
CHILTON INVESTMENT COMPANY INC.,Darwin Professional Underwriters Inc,DR,2006-12-31,SH,0.0,0.0,2225.0,988000.0,,0.0264,999999,143,-100.0,soldall,FINANCE,6278
CHILTON INVESTMENT COMPANY INC.,Bluefly Inc,BFLY,2006-12-31,SH,0.0,0.0,224995.0,223000.0,,0.006,999999,156,-100.0,soldall,CONSUMER DISCRETIONARY,6294
CHILTON INVESTMENT COMPANY INC.,XO Group Inc.,XOXO,2006-12-31,SH,0.0,0.0,136704.0,3025000.0,,0.0808,999999,122,-100.0,soldall,COMMUNICATIONS,6296
CHILTON INVESTMENT COMPANY INC.,Red Robin Gourmet Burgers Inc,RRGB,2006-12-31,SH,0.0,0.0,76071.0,3508000.0,,0.0938,999999,119,-100.0,soldall,CONSUMER DISCRETIONARY,6423
CHILTON INVESTMENT COMPANY INC.,Gmarket ADS,EBGMY,2006-12-31,SH,0.0,0.0,27055.0,403000.0,,0.0108,999999,149,-100.0,soldall,CONSUMER DISCRETIONARY,7196
CHILTON INVESTMENT COMPANY INC.,MSC Software Corp,MSCS,2006-12-31,SH,0.0,0.0,581832.0,8960000.0,,0.2395,999999,89,-100.0,soldall,INFORMATION TECHNOLOGY,7366
CHILTON INVESTMENT COMPANY INC.,Omega Navigation Enterprises Inc,ONAVQ,2006-12-31,SH,0.0,0.0,272395.0,4187000.0,,0.1119,999999,116,-100.0,soldall,TRANSPORTS,7422
CHILTON INVESTMENT COMPANY INC.,Washington Trust Bancorp Inc.,WASH,2006-12-31,SH,0.0,0.0,100000.0,2651000.0,,0.0709,999999,125,-100.0,soldall,FINANCE,7686
CHILTON INVESTMENT COMPANY INC.,Syntroleum Corp.,SYNM,2006-12-31,SH,0.0,0.0,43818.6,2099000.0,,0.0561,999999,131,-100.0,soldall,ENERGY,8260
CHILTON INVESTMENT COMPANY INC.,Check Point Software Technologies Ltd,CHKP,2006-12-31,SH,0.0,0.0,17752.0,339000.0,,0.0091,999999,151,-100.0,soldall,INFORMATION TECHNOLOGY,11405
CHILTON INVESTMENT COMPANY INC.,CUBIST PHARMACEUTICALS INC 01/22/2015Non-Confidential,CBST,2006-12-31,SH,0.0,0.0,124935.0,2716000.0,,0.0726,999999,124,-100.0,soldall,HEALTH CARE,11454
CHILTON INVESTMENT COMPANY INC.,Dine Brands Global Inc,DIN,2006-12-31,SH,0.0,0.0,179700.0,8329000.0,,0.2226,999999,91,-100.0,soldall,CONSUMER DISCRETIONARY,46044
CHILTON INVESTMENT COMPANY INC.,SunPower Corp,SPWR,2006-12-31,SH,0.0,0.0,295926.49,5376000.0,,0.1437,999999,104,-100.0,soldall,INFORMATION TECHNOLOGY,68512
CHILTON INVESTMENT COMPANY INC.,Companhia Vale de Rio Doce S.A. ADR,VALE,2006-12-31,SH,0.0,0.0,1418810.0,15295000.0,,0.4088,999999,66,-100.0,soldall,MATERIALS,78024
CHILTON INVESTMENT COMPANY INC.,Southern Copper Corp.,SCCO,2006-12-31,SH,0.0,0.0,282888.0,4361000.0,,0.1166,999999,115,-100.0,soldall,MATERIALS,87972
CHILTON INVESTMENT COMPANY INC.,DATA STORAGE CONSULTING SERV INC,DTAS,2006-12-31,SH,0.0,0.0,4956299.0,47680000.0,,1.2744,999999,22,-100.0,soldall,INFORMATION TECHNOLOGY,88603
CHILTON INVESTMENT COMPANY INC.,Station Casinos Inc.,STN,2006-12-31,SH,0.0,0.0,251419.0,14540000.0,,0.3886,999999,71,-100.0,soldall,CONSUMER DISCRETIONARY,97260
CHILTON INVESTMENT COMPANY INC.,Florida Rock Industries,FRK,2006-12-31,SH,0.0,0.0,701325.0,27148000.0,,0.7256,999999,37,-100.0,soldall,MATERIALS,97349
CHILTON INVESTMENT COMPANY INC.,Alcan Inc,AL,2006-12-31,SH,0.0,0.0,317037.0,12640000.0,,0.3378,999999,78,-100.0,soldall,MATERIALS,97416
CHILTON INVESTMENT COMPANY INC.,OSI Restaurant Partners Inc.,OSI,2006-12-31,SH,0.0,0.0,546290.0,17323000.0,,0.463,999999,59,-100.0,soldall,CONSUMER DISCRETIONARY,103748
CHILTON INVESTMENT COMPANY INC.,Phelps Dodge Corp.,PD,2006-12-31,SH,0.0,0.0,380880.0,32261000.0,,0.8622,999999,31,-100.0,soldall,MATERIALS,103873
CHILTON INVESTMENT COMPANY INC.,Redback Networks Inc.,RBAK,2006-12-31,SH,0.0,0.0,22812.0,317000.0,,0.0085,999999,153,-100.0,soldall,INFORMATION TECHNOLOGY,104430
CHILTON INVESTMENT COMPANY INC.,Fidelity National Financial Inc.,FNF-DEL1,2006-12-31,SH,0.0,0.0,3342234.0,139204000.0,,3.7205,999999,4,-100.0,soldall, ,107142
CHILTON INVESTMENT COMPANY INC.,Glamis Gold Ltd,GLG,2006-12-31,SH,0.0,0.0,757203.0,29857000.0,,0.798,999999,33,-100.0,soldall,MATERIALS,107175
CHILTON INVESTMENT COMPANY INC.,Per-Se Technologies Inc.,PSTI,2006-12-31,SH,0.0,0.0,262345.0,5984000.0,,0.1599,999999,101,-100.0,soldall,HEALTH CARE,107440
CHILTON INVESTMENT COMPANY INC.,Wendys International Inc.,WEN,2006-12-31,SH,0.0,0.0,1198708.0,55638000.0,,1.487,999999,19,-100.0,soldall,CONSUMER DISCRETIONARY,170136
