Filer Name,Stock Name,Stock Ticker,Quarter Date,Type of Security,Current Shares Held,Current Market Value,Previous Shares Held,Previous Market Value,Current % of Portfolio,Previous % of Portfolio,Current Rank,Previous Rank,Change in Shares,Type of Change,Sector,stock_id
CHILTON INVESTMENT COMPANY INC.,Southwestern Energy Co.,SWN,2007-12-31,SH,9048560.0,252093000.0,11210148.0,234572000.0,4.4802,5.1952,1,1,-19.282422,reduction,ENERGY,3900
CHILTON INVESTMENT COMPANY INC.,MeadWestvaco Corporation,MWV,2007-12-31,SH,5896648.0,184565000.0,0.0,0.0,3.2801,,2,999999,,new,MATERIALS,3629
CHILTON INVESTMENT COMPANY INC.,American Century Focused Dynamic Growth ETF-,FDG,2007-12-31,SH,4622839.0,178442000.0,4590514.0,178020000.0,3.1713,3.9427,3,2,0.70417,addition,MATERIALS,3800
CHILTON INVESTMENT COMPANY INC.,Patriot Coal Corp,PCXCQ,2007-12-31,SH,7932064.0,165542000.0,0.0,0.0,2.942,,4,999999,,new,ENERGY,3452
CHILTON INVESTMENT COMPANY INC.,SunTrust Banks Inc.,STI,2007-12-31,SH,2450000.0,153101000.0,435000.0,32916000.0,2.7209,0.729,5,43,463.218391,addition,FINANCE,11359
CHILTON INVESTMENT COMPANY INC.,GoldCorp Inc.,GG,2007-12-31,SH,4222633.0,143274000.0,5582633.0,170605000.0,2.5463,3.7785,6,3,-24.361265,reduction,MATERIALS,116
CHILTON INVESTMENT COMPANY INC.,Weatherford International plc,WFTIQ,2007-12-31,SH,4148380.0,131735000.0,0.0,0.0,2.3412,,7,999999,,new,ENERGY,2531
CHILTON INVESTMENT COMPANY INC.,CNX Resources Corporation,CNX,2007-12-31,SH,1814161.0,129749000.0,1393330.0,64929000.0,2.3059,1.438,8,23,30.203254,addition,ENERGY,1030
CHILTON INVESTMENT COMPANY INC.,Range Resources Corp.,RRC,2007-12-31,SH,2473645.0,127046000.0,1478686.0,60123000.0,2.2579,1.3316,9,25,67.286699,addition,ENERGY,3656
CHILTON INVESTMENT COMPANY INC.,Peoples United Financial Inc.,PBCT,2007-12-31,SH,6634098.0,118087000.0,6846640.0,118310000.0,2.0986,2.6203,10,8,-3.104326,reduction,FINANCE,3700
CHILTON INVESTMENT COMPANY INC.,ALPHA NATURAL RESOURCES INC.,ANRZQ,2007-12-31,SH,3514856.0,114163000.0,2506338.0,58222000.0,2.0289,1.2895,11,27,40.238707,addition,ENERGY,2763
CHILTON INVESTMENT COMPANY INC.,Safeway Inc.,SWY,2007-12-31,SH,3270100.0,111870000.0,2234184.0,73974000.0,1.9881,1.6384,12,17,46.366638,addition,CONSUMER STAPLES,11356
CHILTON INVESTMENT COMPANY INC.,Dine Brands Global Inc,DIN,2007-12-31,SH,2974029.0,108790000.0,300200.0,19012000.0,1.9334,0.4211,13,61,890.682545,addition,CONSUMER DISCRETIONARY,46044
CHILTON INVESTMENT COMPANY INC.,Mastercard Inc,MA,2007-12-31,SH,5012640.0,107872000.0,9486090.0,140366000.0,1.9171,3.1088,14,6,-47.157997,reduction,FINANCE,4044
CHILTON INVESTMENT COMPANY INC.,MEMC Electronic Materials Inc.,WFR,2007-12-31,SH,1108133.0,98059000.0,1475423.0,86843000.0,1.7427,1.9234,15,11,-24.893878,reduction,INFORMATION TECHNOLOGY,969
CHILTON INVESTMENT COMPANY INC.,Fidelity National Information Services Inc,FIS,2007-12-31,SH,2211859.0,91991000.0,3255419.0,144443000.0,1.6349,3.1991,16,5,-32.056089,reduction,FINANCE,2403
CHILTON INVESTMENT COMPANY INC.,Burlington Northern Santa Fe Corp.,BNI,2007-12-31,SH,1094100.0,91062000.0,855000.0,69400000.0,1.6183,1.537,17,20,27.964912,addition,TRANSPORTS,1052
CHILTON INVESTMENT COMPANY INC.,KBR Inc,KBR,2007-12-31,SH,2218462.0,86076000.0,2191286.0,84956000.0,1.5297,1.8816,18,13,1.240185,addition,INDUSTRIALS,3898
CHILTON INVESTMENT COMPANY INC.,Foundation Coal Holdings Inc,FCL,2007-12-31,SH,1622215.0,85166000.0,585441.0,22949000.0,1.5136,0.5083,19,57,177.092824,addition,ENERGY,783
CHILTON INVESTMENT COMPANY INC.,Agnico-Eagle Mines Ltd,AEM,2007-12-31,SH,1544174.0,84358000.0,1544652.0,76924000.0,1.4992,1.7037,20,14,-0.030945,reduction,MATERIALS,5500
CHILTON INVESTMENT COMPANY INC.,REX BKCM ETF-REX BKCM ETF,BKC,2007-12-31,SH,2857345.0,81463000.0,2764146.0,70458000.0,1.4478,1.5605,21,19,3.37171,addition,MUTUAL FUND,3584
CHILTON INVESTMENT COMPANY INC.,Cameco Corp.,CCJ,2007-12-31,SH,1931547.0,76895000.0,1850151.0,85551000.0,1.3666,1.8948,22,12,4.399425,addition,ENERGY,156
CHILTON INVESTMENT COMPANY INC.,ANADIGICS INC,ANAD,2007-12-31,SH,6611775.0,76498000.0,3759993.0,67981000.0,1.3595,1.5056,23,22,75.845407,addition,INFORMATION TECHNOLOGY,984
CHILTON INVESTMENT COMPANY INC.,Blackberry Ltd,BB,2007-12-31,SH,650601.0,73778000.0,469662.0,46285000.0,1.3112,1.0251,24,36,38.525365,addition,INFORMATION TECHNOLOGY,21
CHILTON INVESTMENT COMPANY INC.,America Movil S.A.B.DE C.V.,AMX,2007-12-31,SH,2348800.0,72096000.0,2858328.0,91466000.0,1.2813,2.0258,25,10,-17.826086,reduction,UTILITIES AND TELECOMMUNICATIONS,3509
CHILTON INVESTMENT COMPANY INC.,SunPower Corp,SPWR,2007-12-31,SH,805829.97,68810000.0,0.0,0.0,1.2229,,26,999999,,new,INFORMATION TECHNOLOGY,68512
CHILTON INVESTMENT COMPANY INC.,Baker Hughes Company,BKR,2007-12-31,SH,831756.0,67455000.0,828706.0,74890000.0,1.1988,1.6586,27,16,0.368044,addition,ENERGY,2502
CHILTON INVESTMENT COMPANY INC.,QUALCOMM Inc.,QCOM,2007-12-31,SH,1683243.0,66236000.0,311000.0,13143000.0,1.1771,0.2911,28,72,441.235691,addition,INFORMATION TECHNOLOGY,273
CHILTON INVESTMENT COMPANY INC.,QUICKSILVER RESOURCES INC,KWKAQ,2007-12-31,SH,2163378.0,64458000.0,2427224.0,57100000.0,1.1455,1.2646,29,28,-10.870278,reduction,ENERGY,5156
CHILTON INVESTMENT COMPANY INC.,Tapestry Inc,TPR,2007-12-31,SH,2073800.0,63417000.0,0.0,0.0,1.127,,30,999999,,new,CONSUMER DISCRETIONARY,11325
CHILTON INVESTMENT COMPANY INC.,PEABODY ENERGY CORP COM STK NEW,BTUUQ,2007-12-31,SH,68222.56,63047000.0,68222.56,48963000.0,1.1205,1.0844,31,34,0.0,,ENERGY,1025
CHILTON INVESTMENT COMPANY INC.,Kinross Gold Corp. ADR,KGC,2007-12-31,SH,3383282.0,62252000.0,3352962.0,50227000.0,1.1063,1.1124,32,32,0.904275,addition,MATERIALS,674
CHILTON INVESTMENT COMPANY INC.,Alphabet Inc. Class A,GOOGL,2007-12-31,SH,1780160.0,61547000.0,1717800.0,48723000.0,1.0938,1.0791,33,35,3.630225,addition,COMMUNICATIONS,4112
CHILTON INVESTMENT COMPANY INC.,Berkeley (W.R.) Corp.,WRB,2007-12-31,SH,4527675.0,59987000.0,7581721.5,99843000.0,1.0661,2.2113,34,9,-40.281703,reduction,FINANCE,543
CHILTON INVESTMENT COMPANY INC.,ASE Test Ltd,ASTSF,2007-12-31,SH,4146269.0,58836000.0,0.0,0.0,1.0456,,35,999999,,new,INFORMATION TECHNOLOGY,6474
CHILTON INVESTMENT COMPANY INC.,Suncor Energy Inc.,SU,2007-12-31,SH,1081370.0,58789000.0,1351370.0,64062000.0,1.0448,1.4188,36,24,-19.979724,reduction,ENERGY,127
CHILTON INVESTMENT COMPANY INC.,Interline Brands Inc,IBI,2007-12-31,SH,2629674.0,57616000.0,2560543.0,58867000.0,1.0239,1.3038,37,26,2.699857,addition,INDUSTRIALS,6168
CHILTON INVESTMENT COMPANY INC.,Southern Copper Corp.,SCCO,2007-12-31,SH,1603191.0,56181000.0,0.0,0.0,0.9984,,38,999999,,new,MATERIALS,87972
CHILTON INVESTMENT COMPANY INC.,CNX Gas Corp.,CXG,2007-12-31,SH,1642523.0,52479000.0,591723.0,17024000.0,0.9327,0.377,39,66,177.583092,addition,ENERGY,5258
CHILTON INVESTMENT COMPANY INC.,Republic Services Inc.,RSG,2007-12-31,SH,1629000.0,51069000.0,1575567.0,51537000.0,0.9076,1.1414,40,29,3.391351,addition,INDUSTRIALS,5160
CHILTON INVESTMENT COMPANY INC.,Union Pacific Corp.,UNP,2007-12-31,SH,1564800.0,49143000.0,0.0,0.0,0.8734,,41,999999,,new,TRANSPORTS,473
CHILTON INVESTMENT COMPANY INC.,Destination XL Group Inc.,DXLG,2007-12-31,SH,9216691.0,47742000.0,7728438.0,69247000.0,0.8485,1.5337,42,21,19.256841,addition,CONSUMER DISCRETIONARY,988
CHILTON INVESTMENT COMPANY INC.,Coterra Energy Inc,CTRA,2007-12-31,SH,4662436.0,47056000.0,0.0,0.0,0.8363,,43,999999,,new,ENERGY,2765
CHILTON INVESTMENT COMPANY INC.,Transocean Ltd,RIG,2007-12-31,SH,328641.0,47045000.0,0.0,0.0,0.8361,,44,999999,,new,ENERGY,4160
CHILTON INVESTMENT COMPANY INC.,Tiffany & Co. (DE),TIF,2007-12-31,SH,1004800.0,46251000.0,0.0,0.0,0.822,,45,999999,,new,CONSUMER DISCRETIONARY,3676
CHILTON INVESTMENT COMPANY INC.,XTO Energy Inc.,XTO,2007-12-31,SH,894095.0,45921000.0,1017905.0,50358000.0,0.8161,1.1153,46,31,-12.163218,reduction,ENERGY,478
CHILTON INVESTMENT COMPANY INC.,CSX Corp,CSX,2007-12-31,SH,9099900.0,44468000.0,0.0,0.0,0.7903,,47,999999,,new,TRANSPORTS,220
CHILTON INVESTMENT COMPANY INC.,American Express Co,AXP,2007-12-31,SH,850000.0,44217000.0,1269188.0,75352000.0,0.7858,1.6689,48,15,-33.028046,reduction,FINANCE,368
CHILTON INVESTMENT COMPANY INC.,BTC iShares Silver Trust,SLV,2007-12-31,SH,296115.0,43520000.0,0.0,0.0,0.7734,,49,999999,,new,FINANCE,5927
CHILTON INVESTMENT COMPANY INC.,SSR Mining,SSRM,2007-12-31,SH,1156582.0,42250000.0,807254.0,30103000.0,0.7509,0.6667,50,50,43.273616,addition,MATERIALS,5569
CHILTON INVESTMENT COMPANY INC.,Brinker International Inc.,EAT,2007-12-31,SH,2142670.0,41911000.0,1136400.0,31183000.0,0.7448,0.6906,51,47,88.548926,addition,CONSUMER DISCRETIONARY,617
CHILTON INVESTMENT COMPANY INC.,Dryships Inc,DRYS,2007-12-31,SH,0.31,39852000.0,0.0,0.0,0.7082,,52,999999,,new,TRANSPORTS,11439
CHILTON INVESTMENT COMPANY INC.,Ultrapetrol (Bahamas) Limited,ULTRF,2007-12-31,SH,2249979.0,38272000.0,0.0,0.0,0.6802,,53,999999,,new,TRANSPORTS,11561
CHILTON INVESTMENT COMPANY INC.,Nexen Inc,NXY,2007-12-31,SH,1106522.0,35707000.0,1106522.0,33793000.0,0.6346,0.7484,54,42,0.0,,ENERGY,5553
CHILTON INVESTMENT COMPANY INC.,EOG Resources Inc,EOG,2007-12-31,SH,793416.0,35406000.0,793416.0,28694000.0,0.6292,0.6355,55,52,0.0,,ENERGY,4870
CHILTON INVESTMENT COMPANY INC.,Mattel Inc.,MAT,2007-12-31,SH,1843000.0,35091000.0,1500000.0,35190000.0,0.6236,0.7794,56,40,22.866667,addition,CONSUMER DISCRETIONARY,4892
CHILTON INVESTMENT COMPANY INC.,Newmont Mining Corp. (Holding Co.),NEM,2007-12-31,SH,703307.0,34342000.0,703307.0,31459000.0,0.6103,0.6967,57,46,0.0,,MATERIALS,438
CHILTON INVESTMENT COMPANY INC.,Gold Fields Ltd ADR,GFI,2007-12-31,SH,2397392.0,34043000.0,2397392.0,43369000.0,0.605,0.9605,58,37,0.0,,MATERIALS,5532
CHILTON INVESTMENT COMPANY INC.,NII HOLDINGS INC CL,NIHDQ,2007-12-31,SH,668954.0,32324000.0,13272.0,1090000.0,0.5745,0.0241,59,150,4940.340567,addition,COMMUNICATIONS,4822
CHILTON INVESTMENT COMPANY INC.,Lundin Mining Corp. Ordinary Share,LUNMF,2007-12-31,SH,3320619.0,31883000.0,2519121.0,32193000.0,0.5666,0.713,60,44,31.816574,addition,MATERIALS,5547
CHILTON INVESTMENT COMPANY INC.,Ambac Financial Group Inc,ABKFQ,2007-12-31,SH,1236660.0,31869000.0,0.0,0.0,0.5664,,61,999999,,new,FINANCE,289
CHILTON INVESTMENT COMPANY INC.,Invesco Ltd. ADR,IVZ,2007-12-31,SH,1009161.0,31667000.0,0.0,0.0,0.5628,,62,999999,,new,FINANCE,4886
CHILTON INVESTMENT COMPANY INC.,Lexmark International Inc. Class A,LXK,2007-12-31,SH,877831.0,30601000.0,100000.0,4153000.0,0.5438,0.092,63,116,777.831,addition,INFORMATION TECHNOLOGY,678
CHILTON INVESTMENT COMPANY INC.,PENN VIRGINIA CORP,PVAH,2007-12-31,SH,694073.0,30282000.0,0.0,0.0,0.5382,,64,999999,,new,ENERGY,6415
CHILTON INVESTMENT COMPANY INC.,Ralph Lauren Corp. Class A,RL,2007-12-31,SH,478900.0,29591000.0,469000.0,36465000.0,0.5259,0.8076,65,39,2.110874,addition,CONSUMER DISCRETIONARY,5153
CHILTON INVESTMENT COMPANY INC.,Pan American Silver Corp,PAAS,2007-12-31,SH,776935.0,27138000.0,776935.0,22453000.0,0.4823,0.4973,66,59,0.0,,MATERIALS,181
CHILTON INVESTMENT COMPANY INC.,Noble Corp,NEBLQ,2007-12-31,SH,466986.0,26389000.0,0.0,0.0,0.469,,67,999999,,new,ENERGY,3479
CHILTON INVESTMENT COMPANY INC.,Sociedad Quimica y Minera de Chile S.A. Class A ADR,SQM,2007-12-31,SH,1464700.0,25888000.0,732350.0,12661000.0,0.4601,0.2804,68,76,100.0,addition,MATERIALS,8243
CHILTON INVESTMENT COMPANY INC.,Compass Diversified Holdings,CODI,2007-12-31,SH,1727077.0,25733000.0,2187252.0,35127000.0,0.4573,0.778,69,41,-21.038957,reduction,FINANCE,7079
CHILTON INVESTMENT COMPANY INC.,Cisco Systems Inc.,CSCO,2007-12-31,SH,911408.0,24672000.0,31148.0,1032000.0,0.4385,0.0229,70,153,2826.056248,addition,INFORMATION TECHNOLOGY,215
CHILTON INVESTMENT COMPANY INC.,Vivus Inc,VVUS,2007-12-31,SH,463600.7,24015000.0,459802.2,22806000.0,0.4268,0.5051,71,58,0.826116,addition,HEALTH CARE,7680
CHILTON INVESTMENT COMPANY INC.,Northern Dynasty Minerals Ltd.,NAK,2007-12-31,SH,1814127.0,23845000.0,1084238.0,12101000.0,0.4238,0.268,72,78,67.318153,addition,MATERIALS,4094
CHILTON INVESTMENT COMPANY INC.,Warren Resources Inc,WRES,2007-12-31,SH,1667002.0,23555000.0,459225.0,5759000.0,0.4186,0.1275,73,107,263.003321,addition,ENERGY,6051
CHILTON INVESTMENT COMPANY INC.,Robert Half International Inc.,RHI,2007-12-31,SH,835675.0,22597000.0,513000.0,15318000.0,0.4016,0.3393,74,69,62.89961,addition,INDUSTRIALS,815
CHILTON INVESTMENT COMPANY INC.,Pultegroup Inc,PHM,2007-12-31,SH,2000000.0,21080000.0,0.0,0.0,0.3746,,75,999999,,new,CONSUMER DISCRETIONARY,3654
CHILTON INVESTMENT COMPANY INC.,Canadian Natural Resources Ltd,CNQ,2007-12-31,SH,571737.54,20478000.0,571737.54,21209000.0,0.3639,0.4697,76,60,0.0,,ENERGY,106
CHILTON INVESTMENT COMPANY INC.,Ovintiv Inc. (Pan Canadian Energy - Encana Corp.),OVV,2007-12-31,SH,59213.2,20121000.0,59213.2,18312000.0,0.3576,0.4056,77,62,0.0,,ENERGY,112
CHILTON INVESTMENT COMPANY INC.,Keryx Biopharmaceuticals Inc,KERX,2007-12-31,SH,2378489.0,19979000.0,2346464.0,23324000.0,0.3551,0.5166,78,56,1.36482,addition,HEALTH CARE,3624
CHILTON INVESTMENT COMPANY INC.,Excel Maritime,EXMCQ,2007-12-31,SH,483986.0,19451000.0,0.0,0.0,0.3457,,79,999999,,new,TRANSPORTS,332
CHILTON INVESTMENT COMPANY INC.,QLogic Corp.,QLGC,2007-12-31,SH,1306476.0,18552000.0,1282270.0,17247000.0,0.3297,0.382,80,64,1.887746,addition,INFORMATION TECHNOLOGY,707
CHILTON INVESTMENT COMPANY INC.,Tesco Corp.,TESO,2007-12-31,SH,640207.0,18367000.0,630595.0,17095000.0,0.3264,0.3786,81,65,1.524275,addition,ENERGY,11556
CHILTON INVESTMENT COMPANY INC.,Starwood Hotels & Resorts Worldwide Inc,HOT,2007-12-31,SH,400453.0,17632000.0,0.0,0.0,0.3134,,82,999999,,new,REAL ESTATE,4272
CHILTON INVESTMENT COMPANY INC.,Concho Resources Inc,CXO,2007-12-31,SH,807920.0,16651000.0,807920.0,11965000.0,0.2959,0.265,83,80,0.0,,ENERGY,6018
CHILTON INVESTMENT COMPANY INC.,RF MICRO DEVICES INC,RFMD,2007-12-31,SH,711682.75,16255000.0,433269.25,11664000.0,0.2889,0.2583,84,82,64.258772,addition,INFORMATION TECHNOLOGY,1000
CHILTON INVESTMENT COMPANY INC.,Merrill Lynch & Co. Inc.,MER,2007-12-31,SH,300000.0,16104000.0,0.0,0.0,0.2862,,85,999999,,new,FINANCE,2522
CHILTON INVESTMENT COMPANY INC.,National Instruments Corp,NATI,2007-12-31,SH,683292.0,15183000.0,1361119.5,31151000.0,0.2698,0.6899,86,48,-49.799265,reduction,INFORMATION TECHNOLOGY,5139
CHILTON INVESTMENT COMPANY INC.,Lesaka Technologies Inc,LSAK,2007-12-31,SH,470105.0,13802000.0,458766.0,12465000.0,0.2453,0.2761,87,77,2.47163,addition,INFORMATION TECHNOLOGY,6029
CHILTON INVESTMENT COMPANY INC.,Target Corp.,TGT,2007-12-31,SH,255000.0,12750000.0,100000.0,6357000.0,0.2266,0.1408,88,105,155.0,addition,CONSUMER DISCRETIONARY,305
CHILTON INVESTMENT COMPANY INC.,Toyota Motors Corp. ADR,TM,2007-12-31,SH,108268.0,11495000.0,0.0,0.0,0.2043,,89,999999,,new,CONSUMER DISCRETIONARY,5799
CHILTON INVESTMENT COMPANY INC.,Wynn Resorts Ltd,WYNN,2007-12-31,SH,100000.0,11213000.0,0.0,0.0,0.1993,,90,999999,,new,CONSUMER DISCRETIONARY,839
CHILTON INVESTMENT COMPANY INC.,Hecla Mining Co. (Par $0.25),HL,2007-12-31,SH,1126248.0,10530000.0,1126248.0,10080000.0,0.1871,0.2232,91,86,0.0,,MATERIALS,787
CHILTON INVESTMENT COMPANY INC.,Symyx Technologies Inc.,SMMX,2007-12-31,SH,1240739.0,9529000.0,1230062.0,10689000.0,0.1693,0.2367,92,84,0.868005,addition,MATERIALS,828
CHILTON INVESTMENT COMPANY INC.,Cogent Communications Group Inc,CCOI,2007-12-31,SH,391231.0,9276000.0,362476.0,8460000.0,0.1649,0.1874,93,93,7.932939,addition,COMMUNICATIONS,6333
CHILTON INVESTMENT COMPANY INC.,Zumiez Inc,ZUMZ,2007-12-31,SH,357186.0,8701000.0,0.0,0.0,0.1546,,94,999999,,new,CONSUMER DISCRETIONARY,5194
CHILTON INVESTMENT COMPANY INC.,Heartland Express Inc.,HTLD,2007-12-31,SH,581190.0,8241000.0,571258.0,8158000.0,0.1465,0.1807,95,95,1.738619,addition,TRANSPORTS,6506
CHILTON INVESTMENT COMPANY INC.,Popeyes Louisiana Kitchen Inc.,PLKI,2007-12-31,SH,717614.0,8123000.0,776133.0,11681000.0,0.1444,0.2587,96,81,-7.539816,reduction,CONSUMER DISCRETIONARY,6078
CHILTON INVESTMENT COMPANY INC.,Parallel Pete Corp. (DE),PLLL,2007-12-31,SH,455472.0,8030000.0,455472.0,7738000.0,0.1427,0.1714,97,96,0.0,,ENERGY,3424
CHILTON INVESTMENT COMPANY INC.,Under Armour Inc,UAA,2007-12-31,SH,1384456.0,7557000.0,0.0,0.0,0.1343,,98,999999,,new,CONSUMER DISCRETIONARY,6450
CHILTON INVESTMENT COMPANY INC.,Brown-Forman Corp. Class B,BF.B,2007-12-31,SH,475696.88,7521000.0,0.0,0.0,0.1337,,99,999999,,new,CONSUMER STAPLES,5058
CHILTON INVESTMENT COMPANY INC.,Global X Interest Rate Hedge ETF-,RATE,2007-12-31,SH,156042.0,7504000.0,248875.0,11478000.0,0.1334,0.2542,100,83,-37.301055,reduction,CONSUMER DISCRETIONARY,612
CHILTON INVESTMENT COMPANY INC.,EZCHIP SEMICONDUCTOR LTD ORD SHS (IL),EZCH,2007-12-31,SH,121136.0,7384000.0,0.0,0.0,0.1312,,101,999999,,new,INFORMATION TECHNOLOGY,7317
CHILTON INVESTMENT COMPANY INC.,Clear Channel Communications Inc.,CCU,2007-12-31,SH,209469.0,7231000.0,17860.0,669000.0,0.1285,0.0148,102,163,1072.838746,addition,CONSUMER DISCRETIONARY,878
CHILTON INVESTMENT COMPANY INC.,Urban Outfitters Inc.,URBN,2007-12-31,SH,255316.0,6960000.0,2279641.0,49696000.0,0.1237,1.1007,103,33,-88.800166,reduction,CONSUMER DISCRETIONARY,3708
CHILTON INVESTMENT COMPANY INC.,McAfee Inc.,MFE,2007-12-31,SH,183133.0,6867000.0,58011.0,2023000.0,0.122,0.0448,104,133,215.68668,addition,INFORMATION TECHNOLOGY,923
CHILTON INVESTMENT COMPANY INC.,Compton Petroleum Corp.,CMZPF.PK1,2007-12-31,SH,726081.0,6679000.0,726081.0,6790000.0,0.1187,0.1504,105,100,0.0,,MATERIALS,4976
CHILTON INVESTMENT COMPANY INC.,Platinum Group Metals Ltd,PLG,2007-12-31,SH,16500.0,6576000.0,0.0,0.0,0.1169,,106,999999,,new,MATERIALS,11994
CHILTON INVESTMENT COMPANY INC.,PLX TECHNOLOGY INC,PLXT,2007-12-31,SH,706262.0,6568000.0,193670.0,2092000.0,0.1167,0.0463,107,131,264.672897,addition,INFORMATION TECHNOLOGY,7451
CHILTON INVESTMENT COMPANY INC.,Hartford Financial Services Group,HIG,2007-12-31,SH,75000.0,6539000.0,0.0,0.0,0.1162,,108,999999,,new,FINANCE,233
CHILTON INVESTMENT COMPANY INC.,Gold Reserve Corp Foreign Ordinary,GDRZF,2007-12-31,SH,1201670.0,6249000.0,1201670.0,5263000.0,0.1111,0.1166,109,109,0.0,,MATERIALS,6844
CHILTON INVESTMENT COMPANY INC.,Global X MSCI China Communication Services ETF-,CHIC,2007-12-31,SH,385982.0,6234000.0,115000.0,1684000.0,0.1108,0.0373,110,140,235.636522,addition,MUTUAL FUND,764
CHILTON INVESTMENT COMPANY INC.,Applied Micro Circuits Inc.,AMCC,2007-12-31,SH,680267.0,5946000.0,611755.75,7733000.0,0.1057,0.1713,111,97,11.199118,addition,INFORMATION TECHNOLOGY,5671
CHILTON INVESTMENT COMPANY INC.,GeoMet Inc (DE),GMET,2007-12-31,SH,1065100.0,5539000.0,715100.0,3640000.0,0.0984,0.0806,112,119,48.944204,addition,ENERGY,7189
CHILTON INVESTMENT COMPANY INC.,Millicom International Cellular S.A. Registered Shares,MIICF,2007-12-31,SH,2971896.0,5497000.0,0.0,0.0,0.0977,,113,999999,,new,UTILITIES AND TELECOMMUNICATIONS,5948
CHILTON INVESTMENT COMPANY INC.,Super Micro Computer Inc,SMCI,2007-12-31,SH,708121.0,5431000.0,0.0,0.0,0.0965,,114,999999,,new,INFORMATION TECHNOLOGY,7611
CHILTON INVESTMENT COMPANY INC.,MBIA Inc.,MBI,2007-12-31,SH,283308.0,5278000.0,0.0,0.0,0.0938,,115,999999,,new,FINANCE,2840
CHILTON INVESTMENT COMPANY INC.,Graco Inc.,GGG,2007-12-31,SH,395424.0,4911000.0,402759.0,5251000.0,0.0873,0.1163,116,110,-1.821188,reduction,INDUSTRIALS,3719
CHILTON INVESTMENT COMPANY INC.,Yingli Green Energy Holding Company Ltd ADR,YGEHY,2007-12-31,SH,12655.9,4898000.0,12289.5,3204000.0,0.087,0.071,117,123,2.981407,addition,INDUSTRIALS,4194
CHILTON INVESTMENT COMPANY INC.,Remark Holdings Inc,MARK,2007-12-31,SH,76103.2,4741000.0,0.0,0.0,0.0843,,118,999999,,new,INFORMATION TECHNOLOGY,7225
CHILTON INVESTMENT COMPANY INC.,Dish Network Corp Class A,DISH,2007-12-31,SH,123389.0,4654000.0,1098592.0,51425000.0,0.0827,1.1389,119,30,-88.768442,reduction,COMMUNICATIONS,8397
CHILTON INVESTMENT COMPANY INC.,Crystallex International Corp.,CRYFQ,2007-12-31,SH,2005780.0,4573000.0,2005780.0,6358000.0,0.0813,0.1408,120,104,0.0,,MATERIALS,6828
CHILTON INVESTMENT COMPANY INC.,LCA-Vision Inc.,LCAV,2007-12-31,SH,206153.0,4117000.0,0.0,0.0,0.0732,,121,999999,,new,HEALTH CARE,5747
CHILTON INVESTMENT COMPANY INC.,MSC Industrial Direct Inc.,MSM,2007-12-31,SH,97574.0,3949000.0,149834.0,7580000.0,0.0702,0.1679,122,98,-34.878599,reduction,INDUSTRIALS,5127
CHILTON INVESTMENT COMPANY INC.,Pacer Salt High truBeta US Market ETF-Pacer Salt High truBeta US Market ETF,SLT,2007-12-31,SH,149361.0,3894000.0,0.0,0.0,0.0692,,123,999999,,new,FINANCE,11536
CHILTON INVESTMENT COMPANY INC.,Charming Shoppes Inc.,CHRS,2007-12-31,SH,715000.0,3868000.0,0.0,0.0,0.0687,,124,999999,,new,CONSUMER DISCRETIONARY,2731
CHILTON INVESTMENT COMPANY INC.,Amdocs Ltd,DOX,2007-12-31,SH,109986.0,3791000.0,0.0,0.0,0.0674,,125,999999,,new,INFORMATION TECHNOLOGY,4826
CHILTON INVESTMENT COMPANY INC.,Quest Resource Corp.,QRCP,2007-12-31,SH,516001.0,3700000.0,516001.0,4979000.0,0.0658,0.1103,126,111,0.0,,ENERGY,5316
CHILTON INVESTMENT COMPANY INC.,Global X Emerging Markets Great Consumer ETF-,EMC,2007-12-31,SH,191403.0,3547000.0,152020.0,3162000.0,0.063,0.07,127,124,25.90646,addition,INFORMATION TECHNOLOGY,398
CHILTON INVESTMENT COMPANY INC.,Sify Technologies Ltd ADR,SIFY,2007-12-31,SH,669063.0,3533000.0,793592.0,6746000.0,0.0628,0.1494,128,101,-15.691816,reduction,COMMUNICATIONS,9955
CHILTON INVESTMENT COMPANY INC.,Wendys Co. (The),WEN,2007-12-31,SH,387972.0,3397000.0,0.0,0.0,0.0604,,129,999999,,new,CONSUMER DISCRETIONARY,11361
CHILTON INVESTMENT COMPANY INC.,Kodiak Oil & Gas Corp.,KOG,2007-12-31,SH,1403588.0,3082000.0,378677.0,1250000.0,0.0548,0.0277,130,146,270.65573,addition,ENERGY,120
CHILTON INVESTMENT COMPANY INC.,Banro Corp.,BAA,2007-12-31,SH,268083.0,3076000.0,268083.0,3369000.0,0.0547,0.0746,131,121,0.0,,MATERIALS,5505
CHILTON INVESTMENT COMPANY INC.,WESCO International Inc,WCC,2007-12-31,SH,76281.0,3024000.0,75626.0,3247000.0,0.0537,0.0719,132,122,0.866104,addition,INDUSTRIALS,2696
CHILTON INVESTMENT COMPANY INC.,Altaba Inc. (Yahoo),AABA,2007-12-31,SH,128556.0,2990000.0,2686594.0,72115000.0,0.0531,1.5972,133,18,-95.214908,reduction,FINANCE,2412
CHILTON INVESTMENT COMPANY INC.,Corning Inc.,GLW,2007-12-31,SH,123938.0,2973000.0,1087493.0,26807000.0,0.0528,0.5937,134,53,-88.603329,reduction,MATERIALS,146
CHILTON INVESTMENT COMPANY INC.,Carlisle Companies Inc,CSL,2007-12-31,SH,80128.0,2967000.0,79471.0,3862000.0,0.0527,0.0855,135,117,0.826717,addition,INDUSTRIALS,4075
CHILTON INVESTMENT COMPANY INC.,P.F. Changs China Bistro,PFCB,2007-12-31,SH,116906.0,2670000.0,115976.0,3433000.0,0.0475,0.076,136,120,0.80189,addition,CONSUMER DISCRETIONARY,3882
CHILTON INVESTMENT COMPANY INC.,Snyders-Lance Inc.,LNCE,2007-12-31,SH,118840.0,2427000.0,117867.0,2713000.0,0.0431,0.0601,137,127,0.825507,addition,CONSUMER STAPLES,7316
CHILTON INVESTMENT COMPANY INC.,PERICOM SEMICONDUCTOR CORP COM STK,PSEM,2007-12-31,SH,125590.0,2349000.0,519293.0,6086000.0,0.0417,0.1348,138,106,-75.815195,reduction,INFORMATION TECHNOLOGY,5768
CHILTON INVESTMENT COMPANY INC.,Northwest Airlines Corp.,NWACQ,2007-12-31,SH,157357.0,2283000.0,905716.0,16122000.0,0.0406,0.3571,139,67,-82.626232,reduction,TRANSPORTS,867
CHILTON INVESTMENT COMPANY INC.,RENTECH INC COM NEW (CO),RTK,2007-12-31,SH,114026.1,2064000.0,114026.1,2463000.0,0.0367,0.0545,140,128,0.0,,ENERGY,7521
CHILTON INVESTMENT COMPANY INC.,MIPS Technologies Inc.,MIPS,2007-12-31,SH,411764.0,2042000.0,25000.0,198000.0,0.0363,0.0044,141,172,1547.056,addition,INFORMATION TECHNOLOGY,1021
CHILTON INVESTMENT COMPANY INC.,GraniteShares 1.25x Long TSLA Daily ETF-GraniteShares 1.25x Long TSLA Daily ETF,TSL,2007-12-31,SH,72762.0,1957000.0,72762.0,2073000.0,0.0348,0.0459,142,132,0.0,,INFORMATION TECHNOLOGY,4923
CHILTON INVESTMENT COMPANY INC.,NetLease Corporate Real Estate ETF-NETLease Corporate Real Estate ETF,NETL,2007-12-31,SH,119622.0,1926000.0,368250.0,6649000.0,0.0342,0.1473,143,103,-67.51609,reduction,MUTUAL FUND,925
CHILTON INVESTMENT COMPANY INC.,Kenneth Cole Productions Inc. Class A,KCP,2007-12-31,SH,105950.0,1853000.0,0.0,0.0,0.0329,,144,999999,,new,CONSUMER DISCRETIONARY,6115
CHILTON INVESTMENT COMPANY INC.,Canadian Solar Inc,CSIQ,2007-12-31,SH,65135.0,1834000.0,65135.0,615000.0,0.0326,0.0136,145,165,0.0,,INFORMATION TECHNOLOGY,6325
CHILTON INVESTMENT COMPANY INC.,E*Trade Financial Corp.,ETFC,2007-12-31,SH,500000.0,1775000.0,0.0,0.0,0.0315,,146,999999,,new,FINANCE,3598
CHILTON INVESTMENT COMPANY INC.,Gen-Probe Inc.,GPRO,2007-12-31,SH,26811.0,1687000.0,21353.0,1422000.0,0.03,0.0315,147,143,25.560811,addition,Health Care,5091
CHILTON INVESTMENT COMPANY INC.,Amtech Systems Inc.,ASYS,2007-12-31,SH,123680.0,1607000.0,0.0,0.0,0.0286,,148,999999,,new,INFORMATION TECHNOLOGY,6309
CHILTON INVESTMENT COMPANY INC.,eBay Inc.,EBAY,2007-12-31,SH,46387.0,1540000.0,36825.0,1437000.0,0.0274,0.0318,149,142,25.966056,addition,CONSUMER DISCRETIONARY,399
CHILTON INVESTMENT COMPANY INC.,Hanwha Q CELLS Co. Ltd ADR,HQCL,2007-12-31,SH,4363.0,1425000.0,5769.0,757000.0,0.0253,0.0168,150,160,-24.371642,reduction,INDUSTRIALS,7568
CHILTON INVESTMENT COMPANY INC.,Apple Inc,AAPL,2007-12-31,SH,190148.0,1345000.0,150948.0,827000.0,0.0239,0.0183,151,159,25.969208,addition,INFORMATION TECHNOLOGY,195
CHILTON INVESTMENT COMPANY INC.,Owens Corning Inc,OC,2007-12-31,SH,62150.0,1257000.0,45150.0,1131000.0,0.0223,0.025,152,148,37.65227,addition,INDUSTRIALS,890
CHILTON INVESTMENT COMPANY INC.,Grace (W.R.) & Co. (DE),GRA,2007-12-31,SH,47900.0,1254000.0,34900.0,937000.0,0.0223,0.0208,153,157,37.249284,addition,MATERIALS,881
CHILTON INVESTMENT COMPANY INC.,Focus Media Holdings Inc,FMCN,2007-12-31,SH,21902.0,1244000.0,0.0,0.0,0.0221,,154,999999,,new,CONSUMER DISCRETIONARY,4819
CHILTON INVESTMENT COMPANY INC.,Monster Worldwide Inc.,MWW,2007-12-31,SH,36149.0,1171000.0,28697.0,977000.0,0.0208,0.0216,155,156,25.967871,addition,INDUSTRIALS,69335
CHILTON INVESTMENT COMPANY INC.,ULURU Inc,ULUR,2007-12-31,SH,286810.0,1165000.0,0.0,0.0,0.0207,,156,999999,,new,HEALTH CARE,10444
CHILTON INVESTMENT COMPANY INC.,Conversant Inc,CNVR,2007-12-31,SH,47694.0,1044000.0,106415.0,2390000.0,0.0186,0.0529,157,130,-55.18113,reduction,INFORMATION TECHNOLOGY,2693
CHILTON INVESTMENT COMPANY INC.,Broadcom Corp,BRCM,2007-12-31,SH,38660.0,1011000.0,34760.0,1267000.0,0.018,0.0281,158,145,11.219793,addition,INFORMATION TECHNOLOGY,3832
CHILTON INVESTMENT COMPANY INC.,BPI Energy Holdings Inc.,BPIGF,2007-12-31,SH,3498385.0,980000.0,3498385.0,1749000.0,0.0174,0.0387,159,139,0.0,,ENERGY,7783
CHILTON INVESTMENT COMPANY INC.,Brocade Communications Systems Inc,BRCD,2007-12-31,SH,125980.0,925000.0,0.0,0.0,0.0164,,160,999999,,new,INFORMATION TECHNOLOGY,4196
CHILTON INVESTMENT COMPANY INC.,WSP Holdings Ltd,WSHLY,2007-12-31,SH,20000.0,910000.0,0.0,0.0,0.0162,,161,999999,,new,ENERGY,9957
CHILTON INVESTMENT COMPANY INC.,Mellanox Technologies Ltd,MLNX,2007-12-31,SH,49393.0,900000.0,0.0,0.0,0.016,,162,999999,,new,INFORMATION TECHNOLOGY,4191
CHILTON INVESTMENT COMPANY INC.,BigBand Networks Inc,BBND,2007-12-31,SH,162791.0,837000.0,0.0,0.0,0.0149,,163,999999,,new,INFORMATION TECHNOLOGY,5486
CHILTON INVESTMENT COMPANY INC.,Infinera Corp,INFN,2007-12-31,SH,51825.0,769000.0,0.0,0.0,0.0137,,164,999999,,new,INFORMATION TECHNOLOGY,4937
CHILTON INVESTMENT COMPANY INC.,HOMEINNS HOTEL GROUP SPONSORED ADR,HMIN,2007-12-31,SH,20078.0,715000.0,20078.0,699000.0,0.0127,0.0155,165,162,0.0,,CONSUMER DISCRETIONARY,6851
CHILTON INVESTMENT COMPANY INC.,Gravity Co. Ltd ADR,GRVY,2007-12-31,SH,56266.0,698000.0,0.0,0.0,0.0124,,166,999999,,new,INFORMATION TECHNOLOGY,10180
CHILTON INVESTMENT COMPANY INC.,Nomura Holdings Inc. ADS ADR,NMR,2007-12-31,SH,40287.0,675000.0,0.0,0.0,0.012,,167,999999,,new,FINANCE,4135
CHILTON INVESTMENT COMPANY INC.,Internet Initiative Japan Inc,IIJIY,2007-12-31,SH,67417.0,673000.0,0.0,0.0,0.012,,168,999999,,new,INFORMATION TECHNOLOGY,8473
CHILTON INVESTMENT COMPANY INC.,Honda Motor Co Ltd. ADR (Honda Giken Kogyo Kabushiki Kaisha) ADR,HMC,2007-12-31,SH,20205.0,670000.0,0.0,0.0,0.0119,,169,999999,,new,CONSUMER DISCRETIONARY,4882
CHILTON INVESTMENT COMPANY INC.,Wolfspeed Inc (Cree Inc),WOLF,2007-12-31,SH,21104.0,580000.0,0.0,0.0,0.0103,,170,999999,,new,INFORMATION TECHNOLOGY,3841
CHILTON INVESTMENT COMPANY INC.,China Sunrgy Adr ADR,CSUNY,2007-12-31,SH,32347.0,534000.0,32347.0,296000.0,0.0095,0.0066,171,167,0.0,,INFORMATION TECHNOLOGY,8977
CHILTON INVESTMENT COMPANY INC.,Ldk Solar Co Adr,LDKYQ,2007-12-31,SH,10985.0,516000.0,0.0,0.0,0.0092,,172,999999,,new,MATERIALS,11527
CHILTON INVESTMENT COMPANY INC.,Cavium Inc,CAVM,2007-12-31,SH,22000.0,506000.0,0.0,0.0,0.009,,173,999999,,new,INFORMATION TECHNOLOGY,920
CHILTON INVESTMENT COMPANY INC.,China Mobile Ltd. ADR,CHL,2007-12-31,SH,17952.0,390000.0,0.0,0.0,0.0069,,174,999999,,new,UTILITIES AND TELECOMMUNICATIONS,5638
CHILTON INVESTMENT COMPANY INC.,Globalstar Inc,GSAT,2007-12-31,SH,47800.0,382000.0,0.0,0.0,0.0068,,175,999999,,new,UTILITIES AND TELECOMMUNICATIONS,7195
CHILTON INVESTMENT COMPANY INC.,WuXi PharmaTech (Cayman) Inc.,WX,2007-12-31,SH,12008.0,351000.0,0.0,0.0,0.0062,,176,999999,,new,HEALTH CARE,7712
CHILTON INVESTMENT COMPANY INC.,Blackbaud Inc,BLKB,2007-12-31,SH,11403.0,320000.0,11252.0,284000.0,0.0057,0.0063,177,168,1.341984,addition,INFORMATION TECHNOLOGY,6318
CHILTON INVESTMENT COMPANY INC.,C.H. Robinson Worldwide Inc,CHRW,2007-12-31,SH,5000.0,271000.0,5000.0,271000.0,0.0048,0.006,178,169,0.0,,TRANSPORTS,3994
CHILTON INVESTMENT COMPANY INC.,Taiwan Semiconductor Manufacturing Co Ltd ADR,TSM,2007-12-31,SH,25000.0,249000.0,0.0,0.0,0.0044,,179,999999,,new,INFORMATION TECHNOLOGY,5232
CHILTON INVESTMENT COMPANY INC.,Washington Mutual Inc - Dime Bancorp Inc. Litigation Tracking Warrant,DIMEQ,2007-12-31,SH,283600.0,46000.0,283600.0,71000.0,0.0008,0.0016,180,173,0.0,,FINANCE,7721
CHILTON INVESTMENT COMPANY INC.,Microsoft Corp.,MSFT,2007-12-31,SH,0.0,0.0,44381.0,1307000.0,,0.0289,999999,144,-100.0,soldall,INFORMATION TECHNOLOGY,178
CHILTON INVESTMENT COMPANY INC.,TJX Companies Inc.,TJX,2007-12-31,SH,0.0,0.0,511132.0,3715000.0,,0.0823,999999,118,-100.0,soldall,CONSUMER DISCRETIONARY,185
CHILTON INVESTMENT COMPANY INC.,Beacon Roofing Supply Inc,BECN,2007-12-31,SH,0.0,0.0,302383.0,3090000.0,,0.0684,999999,125,-100.0,soldall,INDUSTRIALS,207
CHILTON INVESTMENT COMPANY INC.,S&P Global Inc. (McGraw-Hill Inc.),SPGI,2007-12-31,SH,0.0,0.0,200000.0,10182000.0,,0.2255,999999,85,-100.0,soldall,COMMUNICATIONS,251
CHILTON INVESTMENT COMPANY INC.,Time Warner Inc. (New),TWX,2007-12-31,SH,0.0,0.0,36701.0,2022000.0,,0.0448,999999,134,-100.0,soldall,COMMUNICATIONS,284
CHILTON INVESTMENT COMPANY INC.,Costco Co.,COST,2007-12-31,SH,0.0,0.0,24762.0,1520000.0,,0.0337,999999,141,-100.0,soldall,CONSUMER STAPLES,393
CHILTON INVESTMENT COMPANY INC.,Motorola Solutions Inc,MSI,2007-12-31,SH,0.0,0.0,7676.45,995000.0,,0.022,999999,155,-100.0,soldall,INFORMATION TECHNOLOGY,433
CHILTON INVESTMENT COMPANY INC.,Yum! Brands Inc. (Tricon Global Restaurants),YUM,2007-12-31,SH,0.0,0.0,297145.0,10052000.0,,0.2226,999999,87,-100.0,soldall,CONSUMER DISCRETIONARY,479
CHILTON INVESTMENT COMPANY INC.,BEA Systems Inc,BEAS,2007-12-31,SH,0.0,0.0,704392.0,9770000.0,,0.2164,999999,89,-100.0,soldall,INFORMATION TECHNOLOGY,481
CHILTON INVESTMENT COMPANY INC.,Morgan Stanley,MS,2007-12-31,SH,0.0,0.0,201861.0,12717000.0,,0.2817,999999,73,-100.0,soldall,FINANCE,505
CHILTON INVESTMENT COMPANY INC.,Harley Davidson Inc,HOG,2007-12-31,SH,0.0,0.0,275000.0,12708000.0,,0.2815,999999,74,-100.0,soldall,CONSUMER DISCRETIONARY,557
CHILTON INVESTMENT COMPANY INC.,COLDWATER CREEK INC COM STK NEW,CWTRQ,2007-12-31,SH,0.0,0.0,291500.0,12663000.0,,0.2805,999999,75,-100.0,soldall,CONSUMER DISCRETIONARY,627
CHILTON INVESTMENT COMPANY INC.,Freeport-McMoRan Copper & Gold Inc,FCX,2007-12-31,SH,0.0,0.0,283818.0,14885000.0,,0.3297,999999,70,-100.0,soldall,MATERIALS,652
CHILTON INVESTMENT COMPANY INC.,NetApp Inc.,NTAP,2007-12-31,SH,0.0,0.0,38525.0,1037000.0,,0.023,999999,152,-100.0,soldall,INFORMATION TECHNOLOGY,693
CHILTON INVESTMENT COMPANY INC.,Mirant Corp. (New),MIRKQ,2007-12-31,SH,0.0,0.0,295460.0,12019000.0,,0.2662,999999,79,-100.0,soldall,UTILITIES AND TELECOMMUNICATIONS,887
CHILTON INVESTMENT COMPANY INC.,SANDISK CORP,SNDK,2007-12-31,SH,0.0,0.0,20696.0,1140000.0,,0.0252,999999,147,-100.0,soldall,INFORMATION TECHNOLOGY,943
CHILTON INVESTMENT COMPANY INC.,Microsemi Corp.,MSCC,2007-12-31,SH,0.0,0.0,36391.0,1015000.0,,0.0225,999999,154,-100.0,soldall,INFORMATION TECHNOLOGY,952
CHILTON INVESTMENT COMPANY INC.,Western Digital Corp,WDC,2007-12-31,SH,0.0,0.0,43503.0,1101000.0,,0.0244,999999,149,-100.0,soldall,INFORMATION TECHNOLOGY,961
CHILTON INVESTMENT COMPANY INC.,MATTSON TECHNOLOGY INC,MTSN,2007-12-31,SH,0.0,0.0,81436.0,704000.0,,0.0156,999999,161,-100.0,soldall,INFORMATION TECHNOLOGY,970
CHILTON INVESTMENT COMPANY INC.,Sears Holdings Corp,SHLDQ,2007-12-31,SH,0.0,0.0,123810.0,15749000.0,,0.3488,999999,68,-100.0,soldall,CONSUMER DISCRETIONARY,1061
CHILTON INVESTMENT COMPANY INC.,Childrens Place Inc,PLCE,2007-12-31,SH,0.0,0.0,310807.0,7546000.0,,0.1671,999999,99,-100.0,soldall,CONSUMER DISCRETIONARY,2414
CHILTON INVESTMENT COMPANY INC.,Marriott International Inc/MD,MAR,2007-12-31,SH,0.0,0.0,200000.0,8694000.0,,0.1926,999999,91,-100.0,soldall,CONSUMER DISCRETIONARY,2521
CHILTON INVESTMENT COMPANY INC.,NVR Inc,NVR,2007-12-31,SH,0.0,0.0,55000.0,25864000.0,,0.5728,999999,55,-100.0,soldall,CONSUMER DISCRETIONARY,2611
CHILTON INVESTMENT COMPANY INC.,Barnes & Noble Inc,BKS,2007-12-31,SH,0.0,0.0,57296.0,2020000.0,,0.0447,999999,135,-100.0,soldall,CONSUMER DISCRETIONARY,2796
CHILTON INVESTMENT COMPANY INC.,Medivation Inc.,MDVN,2007-12-31,SH,0.0,0.0,6047936.0,30315000.0,,0.6714,999999,49,-100.0,soldall,HEALTH CARE,3405
CHILTON INVESTMENT COMPANY INC.,Harman International Industries,HAR,2007-12-31,SH,0.0,0.0,100000.0,8652000.0,,0.1916,999999,92,-100.0,soldall,CONSUMER DISCRETIONARY,3613
CHILTON INVESTMENT COMPANY INC.,International Game Technology Inc.,IGT,2007-12-31,SH,0.0,0.0,98899.0,4263000.0,,0.0944,999999,115,-100.0,soldall,CONSUMER DISCRETIONARY,3619
CHILTON INVESTMENT COMPANY INC.,KB Home Inc.,KBH,2007-12-31,SH,0.0,0.0,268670.0,6733000.0,,0.1491,999999,102,-100.0,soldall,CONSUMER DISCRETIONARY,3623
CHILTON INVESTMENT COMPANY INC.,Cypress Semiconductor Corp,CY,2007-12-31,SH,0.0,0.0,21500855.06,135719000.0,,3.0059,999999,7,-100.0,soldall,INFORMATION TECHNOLOGY,3714
CHILTON INVESTMENT COMPANY INC.,Mondelez International Inc. (Kraft Foods),MDLZ,2007-12-31,SH,0.0,0.0,1210000.0,41757000.0,,0.9248,999999,38,-100.0,soldall,CONSUMER STAPLES,3785
CHILTON INVESTMENT COMPANY INC.,BJ Services Co.,BJS,2007-12-31,SH,0.0,0.0,1113310.0,29558000.0,,0.6546,999999,51,-100.0,soldall,ENERGY,4301
CHILTON INVESTMENT COMPANY INC.,Biotechne Corp,TECH,2007-12-31,SH,0.0,0.0,304868.0,4808000.0,,0.1065,999999,112,-100.0,soldall,HEALTH CARE,5172
CHILTON INVESTMENT COMPANY INC.,Andersons Inc. (The),ANDE,2007-12-31,SH,0.0,0.0,303027.0,9701000.0,,0.2149,999999,90,-100.0,soldall,CONSUMER STAPLES,5242
CHILTON INVESTMENT COMPANY INC.,GOODRICH PETROLEUM CORP(NEW),GDPMQ,2007-12-31,SH,0.0,0.0,446727.0,14161000.0,,0.3136,999999,71,-100.0,soldall,ENERGY,5534
CHILTON INVESTMENT COMPANY INC.,Rogers Communications Inc. Class B (NYSE),RCI,2007-12-31,SH,0.0,0.0,44103.0,2008000.0,,0.0445,999999,136,-100.0,soldall,COMMUNICATIONS,5564
CHILTON INVESTMENT COMPANY INC.,HITTITE MICROWAVE CORP,HITT,2007-12-31,SH,0.0,0.0,6000.0,265000.0,,0.0059,999999,170,-100.0,soldall,INFORMATION TECHNOLOGY,5605
CHILTON INVESTMENT COMPANY INC.,LKQ Corp,LKQ,2007-12-31,SH,0.0,0.0,318320.0,2770000.0,,0.0613,999999,126,-100.0,soldall,INDUSTRIALS,5610
CHILTON INVESTMENT COMPANY INC.,Sigma Designs Inc.,SIGM,2007-12-31,SH,0.0,0.0,5000.0,241000.0,,0.0053,999999,171,-100.0,soldall,INFORMATION TECHNOLOGY,5615
CHILTON INVESTMENT COMPANY INC.,Exar Corp.,EXAR,2007-12-31,SH,0.0,0.0,66503.0,869000.0,,0.0192,999999,158,-100.0,soldall,INFORMATION TECHNOLOGY,5721
CHILTON INVESTMENT COMPANY INC.,Cumulus Media Inc. Class A,CMLS,2007-12-31,SH,0.0,0.0,29660.5,2425000.0,,0.0537,999999,129,-100.0,soldall,COMMUNICATIONS,5943
CHILTON INVESTMENT COMPANY INC.,First Solar Inc,FSLR,2007-12-31,SH,0.0,0.0,37252.0,4386000.0,,0.0971,999999,114,-100.0,soldall,INDUSTRIALS,6021
CHILTON INVESTMENT COMPANY INC.,Knight Transportation Inc.,KNX,2007-12-31,SH,0.0,0.0,110000.0,1893000.0,,0.0419,999999,138,-100.0,soldall,TRANSPORTS,6510
CHILTON INVESTMENT COMPANY INC.,Merrill Lynch & Co. Inc. Regional Bank HOLDRs Trust ETF,RKHYL,2007-12-31,SH,0.0,0.0,180000.0,26721000.0,,0.5918,999999,54,-100.0,soldall,FINANCE,6658
CHILTON INVESTMENT COMPANY INC.,AngloGold Ashanti Plc.,AU,2007-12-31,SH,0.0,0.0,679553.0,31864000.0,,0.7057,999999,45,-100.0,soldall,MATERIALS,6810
CHILTON INVESTMENT COMPANY INC.,KKR Financial Holding Co.,KFN,2007-12-31,SH,0.0,0.0,320717.0,5404000.0,,0.1197,999999,108,-100.0,soldall,FINANCE,6855
CHILTON INVESTMENT COMPANY INC.,Sealy Corp.,ZZ,2007-12-31,SH,0.0,0.0,593770.0,8337000.0,,0.1846,999999,94,-100.0,soldall,CONSUMER DISCRETIONARY,7556
CHILTON INVESTMENT COMPANY INC.,SouthWest Water Co,SWWC,2007-12-31,SH,0.0,0.0,354500.0,4477000.0,,0.0992,999999,113,-100.0,soldall,UTILITIES AND TELECOMMUNICATIONS,7573
CHILTON INVESTMENT COMPANY INC.,Vonage Holdings Corp,VG,2007-12-31,SH,0.0,0.0,396701.0,409000.0,,0.0091,999999,166,-100.0,soldall,UTILITIES AND TELECOMMUNICATIONS,7683
CHILTON INVESTMENT COMPANY INC.,Birch Mountains Resources Ltd.,BMD,2007-12-31,SH,0.0,0.0,1313118.0,1994000.0,,0.0442,999999,137,-100.0,soldall,MATERIALS,9521
CHILTON INVESTMENT COMPANY INC.,Green Brick Partners Inc,GRBK,2007-12-31,SH,0.0,0.0,9248.1,1071000.0,,0.0237,999999,151,-100.0,soldall,MATERIALS,9612
CHILTON INVESTMENT COMPANY INC.,Vmware Inc,VMW,2007-12-31,SH,0.0,0.0,118023.0,10032000.0,,0.2222,999999,88,-100.0,soldall,INFORMATION TECHNOLOGY,11431
CHILTON INVESTMENT COMPANY INC.,Nektar Therapeutics Inc.,NKTR,2007-12-31,SH,0.0,0.0,74674.0,659000.0,,0.0146,999999,164,-100.0,soldall,HEALTH CARE,11455
CHILTON INVESTMENT COMPANY INC.,FMC Gold Co.,MDG,2007-12-31,SH,0.0,0.0,541412.0,17921000.0,,0.3969,999999,63,-100.0,soldall,MATERIALS,97193
