Filer Name,Stock Name,Stock Ticker,Quarter Date,Type of Security,Current Shares Held,Current Market Value,Previous Shares Held,Previous Market Value,Current % of Portfolio,Previous % of Portfolio,Current Rank,Previous Rank,Change in Shares,Type of Change,Sector,stock_id
CHILTON INVESTMENT COMPANY INC.,GoldCorp Inc.,GG,2008-12-31,SH,4267411.0,134551000.0,4900575.0,155005000.0,5.7163,3.7085,1,5,-12.920198,reduction,MATERIALS,116
CHILTON INVESTMENT COMPANY INC.,Southwestern Energy Co.,SWN,2008-12-31,SH,4014055.0,116287000.0,7354237.0,224598000.0,4.9404,5.3735,2,2,-45.418471,reduction,ENERGY,3900
CHILTON INVESTMENT COMPANY INC.,Agnico-Eagle Mines Ltd,AEM,2008-12-31,SH,2210946.0,113488000.0,2752664.0,151589000.0,4.8214,3.6267,3,6,-19.679772,reduction,MATERIALS,5500
CHILTON INVESTMENT COMPANY INC.,Nutrien Ltd,NTR,2008-12-31,SH,1096086.0,80255000.0,85000.0,11221000.0,3.4096,0.2685,4,72,1189.512941,addition,MATERIALS,267
CHILTON INVESTMENT COMPANY INC.,Chevron Corp. (Standard Oil of California),CVX,2008-12-31,SH,1014500.0,75043000.0,0.0,0.0,3.1881,,5,999999,,new,ENERGY,214
CHILTON INVESTMENT COMPANY INC.,Barrick Gold Corp,GOLD,2008-12-31,SH,1936300.0,71198000.0,0.0,0.0,3.0248,,6,999999,,new,MATERIALS,11423
CHILTON INVESTMENT COMPANY INC.,Newmont Mining Corp. (Holding Co.),NEM,2008-12-31,SH,1749000.0,71184000.0,2008796.0,77861000.0,3.0242,1.8628,7,14,-12.932921,reduction,MATERIALS,438
CHILTON INVESTMENT COMPANY INC.,Schlumberger Ltd.,SLB,2008-12-31,SH,1563000.0,66162000.0,1333596.0,104141000.0,2.8108,2.4915,8,9,17.201911,addition,ENERGY,276
CHILTON INVESTMENT COMPANY INC.,Range Resources Corp.,RRC,2008-12-31,SH,1818922.0,62553000.0,2448909.0,104985000.0,2.6575,2.5117,9,8,-25.725211,reduction,ENERGY,3656
CHILTON INVESTMENT COMPANY INC.,Occidental Petroleum Corp.,OXY,2008-12-31,SH,1027309.46,61524000.0,0.0,0.0,2.6138,,10,999999,,new,ENERGY,442
CHILTON INVESTMENT COMPANY INC.,Freeport-McMoRan Copper & Gold Inc,FCX,2008-12-31,SH,4817034.0,58864000.0,7164852.0,203661000.0,2.5008,4.8725,11,3,-32.768548,reduction,MATERIALS,652
CHILTON INVESTMENT COMPANY INC.,Kinross Gold Corp. ADR,KGC,2008-12-31,SH,3088237.0,56885000.0,3460108.0,55777000.0,2.4167,1.3345,12,24,-10.747381,reduction,MATERIALS,674
CHILTON INVESTMENT COMPANY INC.,Suncor Energy Inc.,SU,2008-12-31,SH,2476012.0,48282000.0,3482856.0,146768000.0,2.0512,3.5114,13,7,-28.908574,reduction,ENERGY,127
CHILTON INVESTMENT COMPANY INC.,CNX Gas Corp.,CXG,2008-12-31,SH,1560398.0,42599000.0,1626098.0,36408000.0,1.8098,0.8711,14,36,-4.040347,reduction,ENERGY,5258
CHILTON INVESTMENT COMPANY INC.,Patriot Coal Corp,PCXCQ,2008-12-31,SH,6431332.0,40196000.0,8893788.0,258365000.0,1.7077,6.1813,15,1,-27.68737,reduction,ENERGY,3452
CHILTON INVESTMENT COMPANY INC.,EOG Resources Inc,EOG,2008-12-31,SH,1152320.0,38361000.0,785482.0,35135000.0,1.6297,0.8406,16,39,46.70228,addition,ENERGY,4870
CHILTON INVESTMENT COMPANY INC.,Interline Brands Inc,IBI,2008-12-31,SH,3365227.0,35772000.0,3767338.0,61069000.0,1.5197,1.4611,17,19,-10.673611,reduction,INDUSTRIALS,6168
CHILTON INVESTMENT COMPANY INC.,Coterra Energy Inc,CTRA,2008-12-31,SH,5204624.0,33830000.0,5423760.0,49004000.0,1.4372,1.1724,18,28,-4.040297,reduction,ENERGY,2765
CHILTON INVESTMENT COMPANY INC.,Cogent Communications Group Inc,CCOI,2008-12-31,SH,5053321.0,32998000.0,3485257.0,26906000.0,1.4019,0.6437,19,46,44.991345,addition,COMMUNICATIONS,6333
CHILTON INVESTMENT COMPANY INC.,XTO Energy Inc.,XTO,2008-12-31,SH,919600.0,32434000.0,1904020.0,88575000.0,1.3779,2.1191,20,12,-51.702188,reduction,ENERGY,478
CHILTON INVESTMENT COMPANY INC.,CNX Resources Corporation,CNX,2008-12-31,SH,1025672.0,29314000.0,2138620.0,98141000.0,1.2454,2.348,21,11,-52.040475,reduction,ENERGY,1030
CHILTON INVESTMENT COMPANY INC.,McDonalds Corp.,MCD,2008-12-31,SH,447000.0,27799000.0,0.0,0.0,1.181,,22,999999,,new,CONSUMER DISCRETIONARY,250
CHILTON INVESTMENT COMPANY INC.,Republic Services Inc.,RSG,2008-12-31,SH,1075000.0,26649000.0,950000.0,28481000.0,1.1322,0.6814,23,43,13.157895,addition,INDUSTRIALS,5160
CHILTON INVESTMENT COMPANY INC.,Mastercard Inc,MA,2008-12-31,SH,1822720.0,26052000.0,3799950.0,67385000.0,1.1068,1.6122,24,17,-52.033053,reduction,FINANCE,4044
CHILTON INVESTMENT COMPANY INC.,SSR Mining,SSRM,2008-12-31,SH,1565266.0,24950000.0,1641466.0,27133000.0,1.06,0.6492,25,45,-4.642192,reduction,MATERIALS,5569
CHILTON INVESTMENT COMPANY INC.,Vivus Inc,VVUS,2008-12-31,SH,468917.6,24946000.0,473618.1,37605000.0,1.0598,0.8997,26,34,-0.992466,reduction,HEALTH CARE,7680
CHILTON INVESTMENT COMPANY INC.,Fidelity National Information Services Inc,FIS,2008-12-31,SH,1511681.0,24595000.0,1942047.0,35850000.0,1.0449,0.8577,27,37,-22.160432,reduction,FINANCE,2403
CHILTON INVESTMENT COMPANY INC.,Dine Brands Global Inc,DIN,2008-12-31,SH,2098693.0,24261000.0,2765089.0,46619000.0,1.0307,1.1153,28,29,-24.100345,reduction,CONSUMER DISCRETIONARY,46044
CHILTON INVESTMENT COMPANY INC.,Precision Drilling Corp.,PDS,2008-12-31,SH,145139.6,24025000.0,205947.0,67720000.0,1.0207,1.6202,29,16,-29.525752,reduction,ENERGY,4171
CHILTON INVESTMENT COMPANY INC.,ConocoPhillips (Phillips Petroleum),COP,2008-12-31,SH,446000.0,23103000.0,0.0,0.0,0.9815,,30,999999,,new,ENERGY,218
CHILTON INVESTMENT COMPANY INC.,FedEx Corporation,FDX,2008-12-31,SH,359800.0,23081000.0,0.0,0.0,0.9806,,31,999999,,new,TRANSPORTS,485
CHILTON INVESTMENT COMPANY INC.,ALPHA NATURAL RESOURCES INC.,ANRZQ,2008-12-31,SH,1422494.0,23030000.0,1582390.0,81382000.0,0.9784,1.947,32,13,-10.104715,reduction,ENERGY,2763
CHILTON INVESTMENT COMPANY INC.,Union Pacific Corp.,UNP,2008-12-31,SH,924368.0,22092000.0,112108.0,3989000.0,0.9386,0.0954,33,95,724.533486,addition,TRANSPORTS,473
CHILTON INVESTMENT COMPANY INC.,Pepsico Inc. (Loft Inc.),PEP,2008-12-31,SH,402000.0,22018000.0,0.0,0.0,0.9354,,34,999999,,new,CONSUMER STAPLES,264
CHILTON INVESTMENT COMPANY INC.,Petrohawk Energy Corp,HK,2008-12-31,SH,1387899.0,21693000.0,1446335.0,31284000.0,0.9216,0.7485,35,41,-4.040281,reduction,ENERGY,574
CHILTON INVESTMENT COMPANY INC.,LKQ Corp,LKQ,2008-12-31,SH,3608166.0,21036000.0,396000.0,3360000.0,0.8937,0.0804,36,101,811.15303,addition,INDUSTRIALS,5610
CHILTON INVESTMENT COMPANY INC.,Colgate-Palmolive Co.,CL,2008-12-31,SH,608000.0,20836000.0,0.0,0.0,0.8852,,37,999999,,new,CONSUMER STAPLES,217
CHILTON INVESTMENT COMPANY INC.,Burlington Northern Santa Fe Corp.,BNI,2008-12-31,SH,272910.0,20662000.0,547491.0,50605000.0,0.8778,1.2107,38,26,-50.152605,reduction,TRANSPORTS,1052
CHILTON INVESTMENT COMPANY INC.,JPMorgan Chase & Co. (Chemical Bank),JPM,2008-12-31,SH,644997.0,20337000.0,755000.0,35259000.0,0.864,0.8436,39,38,-14.569934,reduction,FINANCE,240
CHILTON INVESTMENT COMPANY INC.,Walt Disney Co. (The),DIS,2008-12-31,SH,894000.0,20285000.0,0.0,0.0,0.8618,,40,999999,,new,COMMUNICATIONS,395
CHILTON INVESTMENT COMPANY INC.,QUALCOMM Inc.,QCOM,2008-12-31,SH,527871.0,18914000.0,1398656.0,60100000.0,0.8035,1.4379,41,20,-62.258697,reduction,INFORMATION TECHNOLOGY,273
CHILTON INVESTMENT COMPANY INC.,VISA Inc,V,2008-12-31,SH,1439976.0,18882000.0,152000.0,2333000.0,0.8022,0.0558,42,115,847.352632,addition,FINANCE,45920
CHILTON INVESTMENT COMPANY INC.,Yum! Brands Inc. (Tricon Global Restaurants),YUM,2008-12-31,SH,575000.0,18113000.0,0.0,0.0,0.7695,,43,999999,,new,CONSUMER DISCRETIONARY,479
CHILTON INVESTMENT COMPANY INC.,Concho Resources Inc,CXO,2008-12-31,SH,767525.0,17515000.0,799841.0,22084000.0,0.7441,0.5284,44,50,-4.040303,reduction,ENERGY,6018
CHILTON INVESTMENT COMPANY INC.,Microsoft Corp.,MSFT,2008-12-31,SH,893000.0,17360000.0,0.0,0.0,0.7375,,45,999999,,new,INFORMATION TECHNOLOGY,178
CHILTON INVESTMENT COMPANY INC.,PENN VIRGINIA CORP,PVAH,2008-12-31,SH,659368.0,17130000.0,687132.0,36720000.0,0.7278,0.8785,46,35,-4.040563,reduction,ENERGY,6415
CHILTON INVESTMENT COMPANY INC.,NetApp Inc.,NTAP,2008-12-31,SH,1214544.0,16967000.0,98147.0,1789000.0,0.7208,0.0428,47,123,1137.474401,addition,INFORMATION TECHNOLOGY,693
CHILTON INVESTMENT COMPANY INC.,Hollywood Casino Corp. Class A,HWD,2008-12-31,SH,3372089.0,15575000.0,4806879.0,63251000.0,0.6617,1.5133,48,18,-29.848681,reduction,CONSUMER DISCRETIONARY,5539
CHILTON INVESTMENT COMPANY INC.,MEMC Electronic Materials Inc.,WFR,2008-12-31,SH,1088486.0,15544000.0,1527375.0,43164000.0,0.6604,1.0327,49,31,-28.734856,reduction,INFORMATION TECHNOLOGY,969
CHILTON INVESTMENT COMPANY INC.,ProShares UltraShort 20+ Year Treasury-ProShares UltraShort 20+ Year Treasury,TBT,2008-12-31,SH,99250.0,14979000.0,0.0,0.0,0.6364,,50,999999,,new,FINANCE,46162
CHILTON INVESTMENT COMPANY INC.,National Instruments Corp,NATI,2008-12-31,SH,921364.5,14963000.0,904876.5,18128000.0,0.6357,0.4337,51,55,1.822127,addition,INFORMATION TECHNOLOGY,5139
CHILTON INVESTMENT COMPANY INC.,Monster Worldwide Inc.,MWW,2008-12-31,SH,1225118.0,14812000.0,1179743.0,17590000.0,0.6293,0.4208,52,56,3.846177,addition,INDUSTRIALS,69335
CHILTON INVESTMENT COMPANY INC.,Cisco Systems Inc.,CSCO,2008-12-31,SH,907147.0,14786000.0,1317106.0,29714000.0,0.6282,0.7109,53,42,-31.125741,reduction,INFORMATION TECHNOLOGY,215
CHILTON INVESTMENT COMPANY INC.,Tiffany & Co. (DE),TIF,2008-12-31,SH,625000.0,14769000.0,0.0,0.0,0.6274,,54,999999,,new,CONSUMER DISCRETIONARY,3676
CHILTON INVESTMENT COMPANY INC.,Blackberry Ltd,BB,2008-12-31,SH,359684.0,14596000.0,12876.0,879000.0,0.6201,0.021,55,141,2693.445169,addition,INFORMATION TECHNOLOGY,21
CHILTON INVESTMENT COMPANY INC.,Lesaka Technologies Inc,LSAK,2008-12-31,SH,1014477.0,13898000.0,636375.0,14210000.0,0.5904,0.34,56,67,59.414968,addition,INFORMATION TECHNOLOGY,6029
CHILTON INVESTMENT COMPANY INC.,Apple Inc,AAPL,2008-12-31,SH,4476248.0,13645000.0,3334352.0,13535000.0,0.5797,0.3238,57,68,34.246414,addition,INFORMATION TECHNOLOGY,195
CHILTON INVESTMENT COMPANY INC.,Mellanox Technologies Ltd,MLNX,2008-12-31,SH,1639093.0,12883000.0,1143132.0,11809000.0,0.5473,0.2825,58,70,43.386153,addition,INFORMATION TECHNOLOGY,4191
CHILTON INVESTMENT COMPANY INC.,Pan American Silver Corp,PAAS,2008-12-31,SH,736611.0,12574000.0,767627.0,17064000.0,0.5342,0.4083,59,57,-4.040504,reduction,MATERIALS,181
CHILTON INVESTMENT COMPANY INC.,Brinker International Inc.,EAT,2008-12-31,SH,1161000.0,12237000.0,0.0,0.0,0.5199,,60,999999,,new,CONSUMER DISCRETIONARY,617
CHILTON INVESTMENT COMPANY INC.,Popeyes Louisiana Kitchen Inc.,PLKI,2008-12-31,SH,2535649.0,11892000.0,2609482.0,18945000.0,0.5052,0.4533,61,53,-2.829412,reduction,CONSUMER DISCRETIONARY,6078
CHILTON INVESTMENT COMPANY INC.,QUICKSILVER RESOURCES INC,KWKAQ,2008-12-31,SH,2055208.0,11448000.0,2141744.0,42042000.0,0.4864,1.0058,62,32,-4.040446,reduction,ENERGY,5156
CHILTON INVESTMENT COMPANY INC.,Diageo Plc ADR,DEO,2008-12-31,SH,194500.0,11036000.0,0.0,0.0,0.4689,,63,999999,,new,CONSUMER STAPLES,4107
CHILTON INVESTMENT COMPANY INC.,Johnson & Johnson Co.,JNJ,2008-12-31,SH,179000.0,10710000.0,0.0,0.0,0.455,,64,999999,,new,HEALTH CARE,239
CHILTON INVESTMENT COMPANY INC.,Coca Cola Co.,KO,2008-12-31,SH,470400.0,10648000.0,0.0,0.0,0.4524,,65,999999,,new,CONSUMER STAPLES,386
CHILTON INVESTMENT COMPANY INC.,Canadian Natural Resources Ltd,CNQ,2008-12-31,SH,543149.54,10634000.0,566019.94,18976000.0,0.4518,0.454,66,52,-4.040564,reduction,ENERGY,106
CHILTON INVESTMENT COMPANY INC.,Costco Co.,COST,2008-12-31,SH,201000.0,10553000.0,0.0,0.0,0.4483,,67,999999,,new,CONSUMER STAPLES,393
CHILTON INVESTMENT COMPANY INC.,Agrium Inc. - Merged with Potash,AGU,2008-12-31,SH,300000.0,10239000.0,0.0,0.0,0.435,,68,999999,,new,MATERIALS,11418
CHILTON INVESTMENT COMPANY INC.,Martin Marietta Materials Inc.,MLM,2008-12-31,SH,89000.0,8640000.0,527600.0,59081000.0,0.3671,1.4135,69,22,-83.13116,reduction,MATERIALS,3842
CHILTON INVESTMENT COMPANY INC.,Marvell Technology Group Ltd,MRVL,2008-12-31,SH,1257203.0,8386000.0,855919.0,7960000.0,0.3563,0.1904,70,81,46.883408,addition,INFORMATION TECHNOLOGY,3999
CHILTON INVESTMENT COMPANY INC.,Alcon Inc.,ACL,2008-12-31,SH,90000.0,8027000.0,0.0,0.0,0.341,,71,999999,,new,HEALTH CARE,11328
CHILTON INVESTMENT COMPANY INC.,Brown-Forman Corp. Class B,BF.B,2008-12-31,SH,577500.0,7929000.0,328125.0,5027000.0,0.3369,0.1203,72,90,76.0,addition,CONSUMER STAPLES,5058
CHILTON INVESTMENT COMPANY INC.,Applied Micro Circuits Inc.,AMCC,2008-12-31,SH,1970335.0,7743000.0,1631575.0,9757000.0,0.329,0.2334,73,76,20.76276,addition,INFORMATION TECHNOLOGY,5671
CHILTON INVESTMENT COMPANY INC.,AutoNation Inc. (Republic Industries),AN,2008-12-31,SH,727730.0,7190000.0,3680507.0,41369000.0,0.3055,0.9897,74,33,-80.227452,reduction,CONSUMER DISCRETIONARY,3579
CHILTON INVESTMENT COMPANY INC.,Solutia Inc.,SOA,2008-12-31,SH,1589788.0,7154000.0,1813373.0,25387000.0,0.3039,0.6074,75,47,-12.329785,reduction,MATERIALS,57381
CHILTON INVESTMENT COMPANY INC.,Compass Diversified Holdings,CODI,2008-12-31,SH,602911.0,6783000.0,784720.0,10939000.0,0.2882,0.2617,76,74,-23.168646,reduction,FINANCE,7079
CHILTON INVESTMENT COMPANY INC.,The9 Ltd,NCTY,2008-12-31,SH,1678.14,6707000.0,815.06,4106000.0,0.2849,0.0982,77,93,105.891591,addition,INFORMATION TECHNOLOGY,8276
CHILTON INVESTMENT COMPANY INC.,Virtus Diversified Income & Convertible Fund,ACV,2008-12-31,SH,268000.0,6569000.0,0.0,0.0,0.2791,,78,999999,,new,MUTUAL FUND,4295
CHILTON INVESTMENT COMPANY INC.,ANADIGICS INC,ANAD,2008-12-31,SH,3974729.0,5883000.0,5306826.0,14912000.0,0.2499,0.3568,79,66,-25.101577,reduction,INFORMATION TECHNOLOGY,984
CHILTON INVESTMENT COMPANY INC.,Ann Inc,ANN,2008-12-31,SH,993000.0,5730000.0,0.0,0.0,0.2434,,80,999999,,new,CONSUMER DISCRETIONARY,3577
CHILTON INVESTMENT COMPANY INC.,Bank Of New York Mellon Corp,BK,2008-12-31,SH,200000.0,5666000.0,250000.0,8145000.0,0.2407,0.1949,81,79,-20.0,reduction,FINANCE,2534
CHILTON INVESTMENT COMPANY INC.,3M Co. (Minnesota Mining & Manufacturing),MMM,2008-12-31,SH,89300.0,5138000.0,0.0,0.0,0.2183,,82,999999,,new,INDUSTRIALS,188
CHILTON INVESTMENT COMPANY INC.,Dress Barn Inc.,DBRN,2008-12-31,SH,446000.0,4790000.0,0.0,0.0,0.2035,,83,999999,,new, ,640
CHILTON INVESTMENT COMPANY INC.,Peoples United Financial Inc.,PBCT,2008-12-31,SH,264564.0,4717000.0,1178947.0,22695000.0,0.2004,0.543,84,49,-77.559297,reduction,FINANCE,3700
CHILTON INVESTMENT COMPANY INC.,Walmart Inc,WMT,2008-12-31,SH,246900.0,4614000.0,0.0,0.0,0.196,,85,999999,,new,CONSUMER STAPLES,345
CHILTON INVESTMENT COMPANY INC.,Super Micro Computer Inc,SMCI,2008-12-31,SH,703517.0,4453000.0,762527.0,6870000.0,0.1892,0.1644,86,85,-7.738742,reduction,INFORMATION TECHNOLOGY,7611
CHILTON INVESTMENT COMPANY INC.,Boeing Company,BA,2008-12-31,SH,100000.0,4267000.0,0.0,0.0,0.1813,,87,999999,,new,INDUSTRIALS,210
CHILTON INVESTMENT COMPANY INC.,Destination XL Group Inc.,DXLG,2008-12-31,SH,7885919.0,4101000.0,8692868.0,34163000.0,0.1742,0.8173,88,40,-9.282886,reduction,CONSUMER DISCRETIONARY,988
CHILTON INVESTMENT COMPANY INC.,TransDigm Group Inc,TDG,2008-12-31,SH,119361.0,4007000.0,336582.0,11521000.0,0.1702,0.2756,89,71,-64.537319,reduction,INDUSTRIALS,2714
CHILTON INVESTMENT COMPANY INC.,RF MICRO DEVICES INC,RFMD,2008-12-31,SH,1143031.25,3566000.0,1283507.75,14991000.0,0.1515,0.3587,90,65,-10.944733,reduction,INFORMATION TECHNOLOGY,1000
CHILTON INVESTMENT COMPANY INC.,Transocean Ltd,RIG,2008-12-31,SH,75000.0,3544000.0,0.0,0.0,0.1506,,91,999999,,new,ENERGY,4160
CHILTON INVESTMENT COMPANY INC.,Greenhill & Co. Inc,GHL,2008-12-31,SH,50000.0,3489000.0,0.0,0.0,0.1482,,92,999999,,new,FINANCE,5032
CHILTON INVESTMENT COMPANY INC.,Entegris Inc.,ENTG,2008-12-31,SH,1576241.0,3452000.0,50000.0,242000.0,0.1467,0.0058,93,163,3052.482,addition,INFORMATION TECHNOLOGY,3717
CHILTON INVESTMENT COMPANY INC.,BlackRock Energy & Resources Trust,BGR,2008-12-31,SH,214900.0,3266000.0,0.0,0.0,0.1388,,94,999999,,new,MUTUAL FUND,6993
CHILTON INVESTMENT COMPANY INC.,InterContinental Hotels Group PLC,IHG,2008-12-31,SH,246667.54,3168000.0,218318.7,4144000.0,0.1346,0.0991,95,92,12.985072,addition,CONSUMER DISCRETIONARY,5925
CHILTON INVESTMENT COMPANY INC.,Unilever N.V. ADR,UN,2008-12-31,SH,128000.0,3142000.0,0.0,0.0,0.1335,,96,999999,,new,CONSUMER STAPLES,6451
CHILTON INVESTMENT COMPANY INC.,Covance Inc.,CVD,2008-12-31,SH,6801.3,3131000.0,0.0,0.0,0.133,,97,999999,,new,HEALTH CARE,11333
CHILTON INVESTMENT COMPANY INC.,BlackRock Real Asset Equity Trust,BCF,2008-12-31,SH,437600.0,3068000.0,0.0,0.0,0.1303,,98,999999,,new,FINANCE,7814
CHILTON INVESTMENT COMPANY INC.,Hologic Inc.,HOLX,2008-12-31,SH,213651.0,2792000.0,195518.0,3779000.0,0.1186,0.0904,99,98,9.274338,addition,HEALTH CARE,664
CHILTON INVESTMENT COMPANY INC.,P M C SIERRA INC,PMCS,2008-12-31,SH,544878.0,2648000.0,60000.0,445000.0,0.1125,0.0106,100,155,808.13,addition,INFORMATION TECHNOLOGY,941
CHILTON INVESTMENT COMPANY INC.,Charming Shoppes Inc.,CHRS,2008-12-31,SH,1060493.0,2588000.0,1110000.0,5428000.0,0.1099,0.1299,101,89,-4.46009,reduction,CONSUMER DISCRETIONARY,2731
CHILTON INVESTMENT COMPANY INC.,ATMI Inc.,ATMI,2008-12-31,SH,164101.0,2532000.0,0.0,0.0,0.1076,,102,999999,,new,INFORMATION TECHNOLOGY,6300
CHILTON INVESTMENT COMPANY INC.,Platinum Group Metals Ltd,PLG,2008-12-31,SH,16500.0,2522000.0,16500.0,2108000.0,0.1071,0.0504,103,117,0.0,,MATERIALS,11994
CHILTON INVESTMENT COMPANY INC.,Huaneng Power International Inc. ADR,HNP,2008-12-31,SH,82068.0,2395000.0,0.0,0.0,0.1017,,104,999999,,new,UTILITIES AND TELECOMMUNICATIONS,6852
CHILTON INVESTMENT COMPANY INC.,China Life Insurance Co,LFCHY,2008-12-31,SH,153450.0,2373000.0,0.0,0.0,0.1008,,105,999999,,new,FINANCE,7048
CHILTON INVESTMENT COMPANY INC.,New Oriental Education & Tech Group Inc ADR,EDU,2008-12-31,SH,1702080.0,2337000.0,0.0,0.0,0.0993,,106,999999,,new,CONSUMER DISCRETIONARY,5470
CHILTON INVESTMENT COMPANY INC.,Wheaton Precious Metals Corp,WPM,2008-12-31,SH,317615.0,2088000.0,9031826.0,73595000.0,0.0887,1.7607,107,15,-96.48338,reduction,MATERIALS,5935
CHILTON INVESTMENT COMPANY INC.,PLX TECHNOLOGY INC,PLXT,2008-12-31,SH,1180482.0,2030000.0,1258249.0,6442000.0,0.0862,0.1541,108,86,-6.180573,reduction,INFORMATION TECHNOLOGY,7451
CHILTON INVESTMENT COMPANY INC.,Sonic Corp.,SONC,2008-12-31,SH,164242.0,1999000.0,824546.0,12014000.0,0.0849,0.2874,109,69,-80.080917,reduction,CONSUMER DISCRETIONARY,715
CHILTON INVESTMENT COMPANY INC.,Cavium Inc,CAVM,2008-12-31,SH,184231.0,1936000.0,155622.0,2191000.0,0.0822,0.0524,110,116,18.383648,addition,INFORMATION TECHNOLOGY,920
CHILTON INVESTMENT COMPANY INC.,American Eagle Outfitters Inc,AEO,2008-12-31,SH,206269.0,1931000.0,106600.0,1626000.0,0.082,0.0389,111,126,93.498124,addition,CONSUMER DISCRETIONARY,749
CHILTON INVESTMENT COMPANY INC.,HDFC Bank Ltd ADR,HDB,2008-12-31,SH,259920.0,1855000.0,0.0,0.0,0.0788,,112,999999,,new,FINANCE,7974
CHILTON INVESTMENT COMPANY INC.,AC Moore Arts & Crafts Inc,ACMR,2008-12-31,SH,1150186.0,1610000.0,1117682.0,7008000.0,0.0684,0.1677,113,84,2.908162,addition,CONSUMER DISCRETIONARY,6299
CHILTON INVESTMENT COMPANY INC.,MIPS Technologies Inc.,MIPS,2008-12-31,SH,1305442.0,1449000.0,350939.0,1232000.0,0.0616,0.0295,114,131,271.985445,addition,INFORMATION TECHNOLOGY,1021
CHILTON INVESTMENT COMPANY INC.,Keurig Dr Pepper Inc,KDP,2008-12-31,SH,85930.0,1396000.0,0.0,0.0,0.0593,,115,999999,,new,CONSUMER STAPLES,45986
CHILTON INVESTMENT COMPANY INC.,Vantage Drilling Co,VTGDF,2008-12-31,SH,1200000.0,1320000.0,3200000.0,9568000.0,0.0561,0.2289,116,77,-62.5,reduction,ENERGY,3892
CHILTON INVESTMENT COMPANY INC.,Motors Liquidation Corp. (Old General Motors Corp.),MTLQQ,2008-12-31,SH,402996.0,1290000.0,0.0,0.0,0.0548,,117,999999,,new,CONSUMER DISCRETIONARY,3607
CHILTON INVESTMENT COMPANY INC.,Nevsun Resources Ltd,NSU,2008-12-31,SH,1564839.0,1222000.0,2820380.0,3206000.0,0.0519,0.0767,118,105,-44.516732,reduction,MATERIALS,5551
CHILTON INVESTMENT COMPANY INC.,Bausch Health Companies,BHC,2008-12-31,SH,47320.0,1084000.0,165761.0,3393000.0,0.0461,0.0812,119,100,-71.452875,reduction,HEALTH CARE,5185
CHILTON INVESTMENT COMPANY INC.,Starwood Hotels & Resorts Worldwide Inc,HOT,2008-12-31,SH,60506.0,1083000.0,0.0,0.0,0.046,,120,999999,,new,REAL ESTATE,4272
CHILTON INVESTMENT COMPANY INC.,Advanced Analogic Technologies Inc,AATI,2008-12-31,SH,355919.0,1075000.0,290214.0,1349000.0,0.0457,0.0323,121,129,22.64019,addition,INFORMATION TECHNOLOGY,962
CHILTON INVESTMENT COMPANY INC.,ATMEL CORP;COM USD0.001,ATML,2008-12-31,SH,319814.0,1001000.0,180000.0,610000.0,0.0425,0.0146,122,149,77.674444,addition,INFORMATION TECHNOLOGY,5051
CHILTON INVESTMENT COMPANY INC.,WMS Industries,WMS,2008-12-31,SH,34374.0,925000.0,57400.0,1755000.0,0.0393,0.042,123,125,-40.114983,reduction,CONSUMER DISCRETIONARY,5623
CHILTON INVESTMENT COMPANY INC.,SPDR DOW JONES INDUSTRIAL AVERAGE ETF TRUST,DIA,2008-12-31,SH,10000.0,877000.0,0.0,0.0,0.0373,,124,999999,,new,FINANCE,3411
CHILTON INVESTMENT COMPANY INC.,Carnival Corp.,CCL,2008-12-31,SH,34374.0,836000.0,50000.0,1768000.0,0.0355,0.0423,125,124,-31.252,reduction,CONSUMER DISCRETIONARY,11342
CHILTON INVESTMENT COMPANY INC.,WSP Holdings Ltd,WSHLY,2008-12-31,SH,31129.0,657000.0,28493.8,898000.0,0.0279,0.0215,126,140,9.248328,addition,ENERGY,9957
CHILTON INVESTMENT COMPANY INC.,Techwell Inc,TWLL,2008-12-31,SH,97074.0,631000.0,92892.0,876000.0,0.0268,0.021,127,142,4.502002,addition,INFORMATION TECHNOLOGY,973
CHILTON INVESTMENT COMPANY INC.,McAfee Inc.,MFE,2008-12-31,SH,14203.0,491000.0,74261.0,2522000.0,0.0209,0.0603,128,110,-80.874214,reduction,INFORMATION TECHNOLOGY,923
CHILTON INVESTMENT COMPANY INC.,EchoStar Corp.,SATS,2008-12-31,SH,38771.05,467000.0,202983.13,3964000.0,0.0198,0.0948,129,96,-80.899373,reduction,CONSUMER DISCRETIONARY,11307
CHILTON INVESTMENT COMPANY INC.,Kodiak Oil & Gas Corp.,KOG,2008-12-31,SH,1384653.0,429000.0,1399801.0,2093000.0,0.0182,0.0501,130,118,-1.082154,reduction,ENERGY,120
CHILTON INVESTMENT COMPANY INC.,Alphabet Inc. Class A,GOOGL,2008-12-31,SH,27660.0,425000.0,123980.0,2483000.0,0.0181,0.0594,131,111,-77.68995,reduction,COMMUNICATIONS,4112
CHILTON INVESTMENT COMPANY INC.,EMCORE Corp.,EMKR,2008-12-31,SH,76470.0,398000.0,167394.5,3308000.0,0.0169,0.0791,132,103,-54.317495,reduction,INFORMATION TECHNOLOGY,5600
CHILTON INVESTMENT COMPANY INC.,American Express Co,AXP,2008-12-31,SH,994.0,378000.0,0.0,0.0,0.0161,,133,999999,,new,FINANCE,368
CHILTON INVESTMENT COMPANY INC.,BPI Energy Holdings Inc.,BPIGF,2008-12-31,SH,3560778.0,356000.0,3972909.0,755000.0,0.0151,0.0181,134,144,-10.373532,reduction,ENERGY,7783
CHILTON INVESTMENT COMPANY INC.,MGM Resorts International Inc.,MGM,2008-12-31,SH,21854.0,301000.0,1866132.0,53185000.0,0.0128,1.2724,135,25,-98.828915,reduction,CONSUMER DISCRETIONARY,254
CHILTON INVESTMENT COMPANY INC.,Global X PropTech ETF-,PTEC,2008-12-31,SH,77573.0,272000.0,232083.0,1854000.0,0.0116,0.0444,136,122,-66.57532,reduction,INFORMATION TECHNOLOGY,3981
CHILTON INVESTMENT COMPANY INC.,Remark Holdings Inc,MARK,2008-12-31,SH,75859.4,268000.0,152541.7,3778000.0,0.0114,0.0904,137,99,-50.26973,reduction,INFORMATION TECHNOLOGY,7225
CHILTON INVESTMENT COMPANY INC.,Axiall Corporation,AXLL,2008-12-31,SH,247498.0,265000.0,459916.0,1150000.0,0.0113,0.0275,138,134,-46.18626,reduction,MATERIALS,525
CHILTON INVESTMENT COMPANY INC.,Longtop Financial Technologies Ltd,LGFTY,2008-12-31,SH,16180.0,245000.0,56678.0,799000.0,0.0104,0.0191,139,143,-71.452768,reduction,INFORMATION TECHNOLOGY,6026
CHILTON INVESTMENT COMPANY INC.,Broadcom Corp,BRCM,2008-12-31,SH,14190.0,241000.0,49708.0,926000.0,0.0102,0.0222,140,138,-71.453287,reduction,INFORMATION TECHNOLOGY,3832
CHILTON INVESTMENT COMPANY INC.,Foundation Coal Holdings Inc,FCL,2008-12-31,SH,15106.0,212000.0,1579298.0,56191000.0,0.009,1.3444,141,23,-99.043499,reduction,ENERGY,783
CHILTON INVESTMENT COMPANY INC.,ON Semiconductor Corp,ON,2008-12-31,SH,56961.0,194000.0,100000.0,676000.0,0.0082,0.0162,142,146,-43.039,reduction,INFORMATION TECHNOLOGY,54
CHILTON INVESTMENT COMPANY INC.,Cypress Semiconductor Corp,CY,2008-12-31,SH,38892.0,174000.0,231375.0,261000.0,0.0074,0.0062,143,162,-83.190924,reduction,INFORMATION TECHNOLOGY,3714
CHILTON INVESTMENT COMPANY INC.,ARM Holdings Plc ADR,ARMH,2008-12-31,SH,44166.0,170000.0,200000.0,1040000.0,0.0072,0.0249,144,137,-77.917,reduction,INFORMATION TECHNOLOGY,60046
CHILTON INVESTMENT COMPANY INC.,Global X Emerging Markets Great Consumer ETF-,EMC,2008-12-31,SH,15373.0,161000.0,53851.0,644000.0,0.0068,0.0154,145,147,-71.452712,reduction,INFORMATION TECHNOLOGY,398
CHILTON INVESTMENT COMPANY INC.,Focus Media Holdings Inc,FMCN,2008-12-31,SH,16550.0,150000.0,16550.0,472000.0,0.0064,0.0113,146,152,0.0,,CONSUMER DISCRETIONARY,4819
CHILTON INVESTMENT COMPANY INC.,Freddie Mac (Federal Home Loan Mortgage Corp.),FMCC,2008-12-31,SH,199171.0,145000.0,270400.0,462000.0,0.0062,0.0111,147,153,-26.342086,reduction,FINANCE,2416
CHILTON INVESTMENT COMPANY INC.,RIVERBED TECHNOLOGY INC COM,RVBD,2008-12-31,SH,24926.0,142000.0,87316.0,547000.0,0.006,0.0131,148,151,-71.453113,reduction,INFORMATION TECHNOLOGY,3657
CHILTON INVESTMENT COMPANY INC.,Taoping Inc,TAOP,2008-12-31,SH,292.79,126000.0,1025.58,578000.0,0.0054,0.0138,149,150,-71.451276,reduction,INFORMATION TECHNOLOGY,92657
CHILTON INVESTMENT COMPANY INC.,ASE Technology Holding Co Ltd,ASX,2008-12-31,SH,67982.0,120000.0,556251.0,1413000.0,0.0051,0.0338,150,128,-87.778539,reduction,INFORMATION TECHNOLOGY,6302
CHILTON INVESTMENT COMPANY INC.,ULURU Inc,ULUR,2008-12-31,SH,250203.7,105000.0,286810.0,430000.0,0.0045,0.0103,151,156,-12.763258,reduction,HEALTH CARE,10444
CHILTON INVESTMENT COMPANY INC.,China Digital TV Holding Co. Ltd.,STV,2008-12-31,SH,11901.0,100000.0,15037.0,123000.0,0.0042,0.0029,152,169,-20.855224,reduction,CONSUMER DISCRETIONARY,5637
CHILTON INVESTMENT COMPANY INC.,Evergreen Solar Inc.,ESLRQ,2008-12-31,SH,5007.67,96000.0,36130.56,1196000.0,0.0041,0.0286,153,133,-86.140071,reduction,INDUSTRIALS,7149
CHILTON INVESTMENT COMPANY INC.,Clearwire Corp. Class A,CLWR,2008-12-31,SH,11168.0,55000.0,11168.0,133000.0,0.0023,0.0032,154,168,0.0,,COMMUNICATIONS,61
CHILTON INVESTMENT COMPANY INC.,Oracle Corp,ORCL,2008-12-31,SH,0.0,0.0,750000.0,15233000.0,,0.3644,999999,64,-100.0,soldall,INFORMATION TECHNOLOGY,20
CHILTON INVESTMENT COMPANY INC.,General Electric Co,GE,2008-12-31,SH,0.0,0.0,32500.0,6375000.0,,0.1525,999999,87,-100.0,soldall,INDUSTRIALS,114
CHILTON INVESTMENT COMPANY INC.,Lowes Companies Inc.,LOW,2008-12-31,SH,0.0,0.0,100000.0,2369000.0,,0.0567,999999,114,-100.0,soldall,CONSUMER DISCRETIONARY,138
CHILTON INVESTMENT COMPANY INC.,Citigroup Inc.,C,2008-12-31,SH,0.0,0.0,48930.0,10036000.0,,0.2401,999999,75,-100.0,soldall,FINANCE,216
CHILTON INVESTMENT COMPANY INC.,Goldman Sachs Group Inc,GS,2008-12-31,SH,0.0,0.0,20000.0,2560000.0,,0.0612,999999,109,-100.0,soldall,FINANCE,232
CHILTON INVESTMENT COMPANY INC.,Wachovia Corp.,WB,2008-12-31,SH,0.0,0.0,327427.0,1146000.0,,0.0274,999999,135,-100.0,soldall,FINANCE,287
CHILTON INVESTMENT COMPANY INC.,Morgan Stanley,MS,2008-12-31,SH,0.0,0.0,20000.0,460000.0,,0.011,999999,154,-100.0,soldall,FINANCE,505
CHILTON INVESTMENT COMPANY INC.,Berkeley (W.R.) Corp.,WRB,2008-12-31,SH,0.0,0.0,61191.0,640000.0,,0.0153,999999,148,-100.0,soldall,FINANCE,543
CHILTON INVESTMENT COMPANY INC.,EXCO RESOURCES INC,XCOOQ,2008-12-31,SH,0.0,0.0,97352.45,23820000.0,,0.5699,999999,48,-100.0,soldall,ENERGY,649
CHILTON INVESTMENT COMPANY INC.,Robert Half International Inc.,RHI,2008-12-31,SH,0.0,0.0,371548.0,9196000.0,,0.22,999999,78,-100.0,soldall,INDUSTRIALS,815
CHILTON INVESTMENT COMPANY INC.,PEABODY ENERGY CORP COM STK NEW,BTUUQ,2008-12-31,SH,0.0,0.0,67540.35,45567000.0,,1.0902,999999,30,-100.0,soldall,ENERGY,1025
CHILTON INVESTMENT COMPANY INC.,Whole Foods Market Inc.,WFM,2008-12-31,SH,0.0,0.0,800000.0,8012000.0,,0.1917,999999,80,-100.0,soldall,CONSUMER STAPLES,1037
CHILTON INVESTMENT COMPANY INC.,Baker Hughes Company,BKR,2008-12-31,SH,0.0,0.0,986024.0,59694000.0,,1.4282,999999,21,-100.0,soldall,ENERGY,2502
CHILTON INVESTMENT COMPANY INC.,Marriott International Inc/MD,MAR,2008-12-31,SH,0.0,0.0,628942.0,16409000.0,,0.3926,999999,61,-100.0,soldall,CONSUMER DISCRETIONARY,2521
CHILTON INVESTMENT COMPANY INC.,Weatherford International plc,WFTIQ,2008-12-31,SH,0.0,0.0,4096371.0,102983000.0,,2.4638,999999,10,-100.0,soldall,ENERGY,2531
CHILTON INVESTMENT COMPANY INC.,Public Storage Inc.,PSA,2008-12-31,SH,0.0,0.0,25000.0,2475000.0,,0.0592,999999,112,-100.0,soldall,REAL ESTATE,2585
CHILTON INVESTMENT COMPANY INC.,Darden Restaurants Inc,DRI,2008-12-31,SH,0.0,0.0,35686.53,913000.0,,0.0218,999999,139,-100.0,soldall,CONSUMER DISCRETIONARY,2638
CHILTON INVESTMENT COMPANY INC.,Eagle Materials Inc.,EXP,2008-12-31,SH,0.0,0.0,50000.0,1119000.0,,0.0268,999999,136,-100.0,soldall,MATERIALS,2704
CHILTON INVESTMENT COMPANY INC.,Moodys Corp,MCO,2008-12-31,SH,0.0,0.0,465000.0,15810000.0,,0.3783,999999,62,-100.0,soldall,FINANCE,2707
CHILTON INVESTMENT COMPANY INC.,Franklin Resources Inc,BEN,2008-12-31,SH,0.0,0.0,96000.0,2820000.0,,0.0675,999999,107,-100.0,soldall,FINANCE,2808
CHILTON INVESTMENT COMPANY INC.,United States Cellular Corp.,USM,2008-12-31,SH,0.0,0.0,70202.0,3294000.0,,0.0788,999999,104,-100.0,soldall,UTILITIES AND TELECOMMUNICATIONS,2822
CHILTON INVESTMENT COMPANY INC.,Griffon Corp.,GFF,2008-12-31,SH,0.0,0.0,505000.0,4555000.0,,0.109,999999,91,-100.0,soldall,INDUSTRIALS,3610
CHILTON INVESTMENT COMPANY INC.,MeadWestvaco Corporation,MWV,2008-12-31,SH,0.0,0.0,8492066.0,197950000.0,,4.7359,999999,4,-100.0,soldall,MATERIALS,3629
CHILTON INVESTMENT COMPANY INC.,Penn National Gaming Inc.,PENN,2008-12-31,SH,0.0,0.0,44230.0,266000.0,,0.0064,999999,161,-100.0,soldall,CONSUMER DISCRETIONARY,3928
CHILTON INVESTMENT COMPANY INC.,Light & Wonder Inc,LNW,2008-12-31,SH,0.0,0.0,844726.0,19446000.0,,0.4652,999999,51,-100.0,soldall,INDUSTRIALS,4002
CHILTON INVESTMENT COMPANY INC.,Energy Conversion Devices Corp.,ENERQ,2008-12-31,SH,0.0,0.0,45558.0,2654000.0,,0.0635,999999,108,-100.0,soldall,INFORMATION TECHNOLOGY,4028
CHILTON INVESTMENT COMPANY INC.,Pepsi Bottling Group Inc.,PBG,2008-12-31,SH,0.0,0.0,218520.0,6374000.0,,0.1525,999999,88,-100.0,soldall,CONSUMER STAPLES,4050
CHILTON INVESTMENT COMPANY INC.,Northern Dynasty Minerals Ltd.,NAK,2008-12-31,SH,0.0,0.0,1770014.0,7483000.0,,0.179,999999,82,-100.0,soldall,MATERIALS,4094
CHILTON INVESTMENT COMPANY INC.,Petroleo Brasileiro SA (Petrobras) ADR,PBR,2008-12-31,SH,0.0,0.0,1150677.0,50572000.0,,1.2099,999999,27,-100.0,soldall,ENERGY,4141
CHILTON INVESTMENT COMPANY INC.,Merrill Lynch & Co. Inc. Retail HOLDRS Trust Depositary Receipts,RTHYL,2008-12-31,SH,0.0,0.0,186400.0,16802000.0,,0.402,999999,59,-100.0,soldall,FINANCE,4182
CHILTON INVESTMENT COMPANY INC.,Amdocs Ltd,DOX,2008-12-31,SH,0.0,0.0,113113.0,3097000.0,,0.0741,999999,106,-100.0,soldall,INFORMATION TECHNOLOGY,4826
CHILTON INVESTMENT COMPANY INC.,Invesco Ltd. ADR,IVZ,2008-12-31,SH,0.0,0.0,354064.0,7428000.0,,0.1777,999999,83,-100.0,soldall,FINANCE,4886
CHILTON INVESTMENT COMPANY INC.,Ryder System Inc.,R,2008-12-31,SH,0.0,0.0,62301.0,3863000.0,,0.0924,999999,97,-100.0,soldall,TRANSPORTS,4907
CHILTON INVESTMENT COMPANY INC.,BlackRock Inc. Class A,BLK,2008-12-31,SH,0.0,0.0,81000.0,15755000.0,,0.3769,999999,63,-100.0,soldall,FINANCE,5029
CHILTON INVESTMENT COMPANY INC.,Harris Stratex Networks Inc.,HSTX,2008-12-31,SH,0.0,0.0,30000.0,234000.0,,0.0056,999999,164,-100.0,soldall,INFORMATION TECHNOLOGY,5097
CHILTON INVESTMENT COMPANY INC.,Taiwan Semiconductor Manufacturing Co Ltd ADR,TSM,2008-12-31,SH,0.0,0.0,30400.0,285000.0,,0.0068,999999,160,-100.0,soldall,INFORMATION TECHNOLOGY,5232
CHILTON INVESTMENT COMPANY INC.,Banro Corp.,BAA,2008-12-31,SH,0.0,0.0,264872.0,697000.0,,0.0167,999999,145,-100.0,soldall,MATERIALS,5505
CHILTON INVESTMENT COMPANY INC.,Lundin Mining Corp. Ordinary Share,LUNMF,2008-12-31,SH,0.0,0.0,1121798.0,3330000.0,,0.0797,999999,102,-100.0,soldall,MATERIALS,5547
CHILTON INVESTMENT COMPANY INC.,LCA-Vision Inc.,LCAV,2008-12-31,SH,0.0,0.0,88946.0,413000.0,,0.0099,999999,157,-100.0,soldall,HEALTH CARE,5747
CHILTON INVESTMENT COMPANY INC.,Warren Resources Inc,WRES,2008-12-31,SH,0.0,0.0,1650332.0,16470000.0,,0.394,999999,60,-100.0,soldall,ENERGY,6051
CHILTON INVESTMENT COMPANY INC.,Amtech Systems Inc.,ASYS,2008-12-31,SH,0.0,0.0,20000.0,186000.0,,0.0045,999999,165,-100.0,soldall,INFORMATION TECHNOLOGY,6309
CHILTON INVESTMENT COMPANY INC.,Canadian Solar Inc,CSIQ,2008-12-31,SH,0.0,0.0,61588.0,1203000.0,,0.0288,999999,132,-100.0,soldall,INFORMATION TECHNOLOGY,6325
CHILTON INVESTMENT COMPANY INC.,Under Armour Inc,UAA,2008-12-31,SH,0.0,0.0,74088.0,294000.0,,0.007,999999,159,-100.0,soldall,CONSUMER DISCRETIONARY,6450
CHILTON INVESTMENT COMPANY INC.,Crystallex International Corp.,CRYFQ,2008-12-31,SH,0.0,0.0,1985722.0,1608000.0,,0.0385,999999,127,-100.0,soldall,MATERIALS,6828
CHILTON INVESTMENT COMPANY INC.,Gold Reserve Corp Foreign Ordinary,GDRZF,2008-12-31,SH,0.0,0.0,1189653.0,1309000.0,,0.0313,999999,130,-100.0,soldall,MATERIALS,6844
CHILTON INVESTMENT COMPANY INC.,GeoMet Inc (DE),GMET,2008-12-31,SH,0.0,0.0,350000.0,1904000.0,,0.0456,999999,121,-100.0,soldall,ENERGY,7189
CHILTON INVESTMENT COMPANY INC.,Globalstar Inc,GSAT,2008-12-31,SH,0.0,0.0,66000.0,112000.0,,0.0027,999999,170,-100.0,soldall,UTILITIES AND TELECOMMUNICATIONS,7195
CHILTON INVESTMENT COMPANY INC.,Hanwha Q CELLS Co. Ltd ADR,HQCL,2008-12-31,SH,0.0,0.0,23413.8,2465000.0,,0.059,999999,113,-100.0,soldall,INDUSTRIALS,7568
CHILTON INVESTMENT COMPANY INC.,Washington Mutual Inc - Dime Bancorp Inc. Litigation Tracking Warrant,DIMEQ,2008-12-31,SH,0.0,0.0,283600.0,26000.0,,0.0006,999999,171,-100.0,soldall,FINANCE,7721
CHILTON INVESTMENT COMPANY INC.,China Medical Technologies Inc. ADR,CMEDQ,2008-12-31,SH,0.0,0.0,61051.0,1989000.0,,0.0476,999999,120,-100.0,soldall,HEALTH CARE,7861
CHILTON INVESTMENT COMPANY INC.,Sociedad Quimica y Minera de Chile S.A. Class A ADR,SQM,2008-12-31,SH,0.0,0.0,725026.0,18278000.0,,0.4373,999999,54,-100.0,soldall,MATERIALS,8243
CHILTON INVESTMENT COMPANY INC.,Daystar Technologies Inc,DSTI,2008-12-31,SH,0.0,0.0,952.57,168000.0,,0.004,999999,166,-100.0,soldall,INFORMATION TECHNOLOGY,8875
CHILTON INVESTMENT COMPANY INC.,ProShares Ultra Semiconductors-ProShares Ultra Semiconductors,USD,2008-12-31,SH,0.0,0.0,24.0,4019000.0,,0.0962,999999,94,-100.0,soldall,INFORMATION TECHNOLOGY,10230
CHILTON INVESTMENT COMPANY INC.,Papa Johns International Inc.,PZZA,2008-12-31,SH,0.0,0.0,2000000.0,27160000.0,,0.6498,999999,44,-100.0,soldall,CONSUMER DISCRETIONARY,11490
CHILTON INVESTMENT COMPANY INC.,Ldk Solar Co Adr,LDKYQ,2008-12-31,SH,0.0,0.0,68204.0,2047000.0,,0.049,999999,119,-100.0,soldall,MATERIALS,11527
CHILTON INVESTMENT COMPANY INC.,Tesco Corp.,TESO,2008-12-31,SH,0.0,0.0,532147.0,11143000.0,,0.2666,999999,73,-100.0,soldall,ENERGY,11556
CHILTON INVESTMENT COMPANY INC.,Ultrapetrol (Bahamas) Limited,ULTRF,2008-12-31,SH,0.0,0.0,2156772.0,16931000.0,,0.4051,999999,58,-100.0,soldall,TRANSPORTS,11561
CHILTON INVESTMENT COMPANY INC.,SunPower Corp,SPWR,2008-12-31,SH,0.0,0.0,8227.48,382000.0,,0.0091,999999,158,-100.0,soldall,INFORMATION TECHNOLOGY,68512
CHILTON INVESTMENT COMPANY INC.,Palm Inc,PALM,2008-12-31,SH,0.0,0.0,23738.0,142000.0,,0.0034,999999,167,-100.0,soldall,INFORMATION TECHNOLOGY,103797
