Filer Name,Stock Name,Stock Ticker,Quarter Date,Type of Security,Current Shares Held,Current Market Value,Previous Shares Held,Previous Market Value,Current % of Portfolio,Previous % of Portfolio,Current Rank,Previous Rank,Change in Shares,Type of Change,Sector,stock_id
CHILTON INVESTMENT COMPANY INC.,Grace (W.R.) & Co. (DE),GRA,2012-12-31,SH,2187975.0,147097560.0,1442502.0,85223020.0,4.0327,2.094,1,9,51.679166,addition,MATERIALS,881
CHILTON INVESTMENT COMPANY INC.,Dollar General Corp.,DG,2012-12-31,SH,2752161.0,121342780.0,1677083.0,86436860.0,3.3266,2.1238,2,8,64.104043,addition,CONSUMER DISCRETIONARY,85548
CHILTON INVESTMENT COMPANY INC.,Airgas Inc.,ARG,2012-12-31,SH,1271539.0,116078800.0,986312.0,81173480.0,3.1823,1.9945,3,10,28.918537,addition,MATERIALS,5042
CHILTON INVESTMENT COMPANY INC.,Sherwin-Williams Co.,SHW,2012-12-31,SH,2149374.0,110205570.0,2026947.0,100610890.0,3.0213,2.4721,4,3,6.03997,addition,MATERIALS,11358
CHILTON INVESTMENT COMPANY INC.,LKQ Corp,LKQ,2012-12-31,SH,5110952.0,107841090.0,5767930.0,106706710.0,2.9565,2.6219,5,2,-11.390187,reduction,INDUSTRIALS,5610
CHILTON INVESTMENT COMPANY INC.,Home Depot Inc. (The),HD,2012-12-31,SH,1644159.0,101691230.0,1635598.0,98741050.0,2.7879,2.4261,6,4,0.523417,addition,CONSUMER DISCRETIONARY,354
CHILTON INVESTMENT COMPANY INC.,Corning Inc.,GLW,2012-12-31,SH,7032282.0,88747400.0,6776464.0,89110500.0,2.433,2.1895,7,6,3.775096,addition,MATERIALS,146
CHILTON INVESTMENT COMPANY INC.,AutoZone Inc.,AZO,2012-12-31,SH,229640.0,81391310.0,212060.0,78392220.0,2.2314,1.9262,8,14,8.290107,addition,CONSUMER DISCRETIONARY,2609
CHILTON INVESTMENT COMPANY INC.,Broadcom Ltd. (Avago Technologies),AVGO,2012-12-31,SH,2547864.0,80665370.0,2481060.0,86502160.0,2.2115,2.1254,9,7,2.692559,addition,INFORMATION TECHNOLOGY,81122
CHILTON INVESTMENT COMPANY INC.,McDonalds Corp.,MCD,2012-12-31,SH,770729.0,67986000.0,659049.0,60467750.0,1.8639,1.4857,10,23,16.945629,addition,CONSUMER DISCRETIONARY,250
CHILTON INVESTMENT COMPANY INC.,Spansion Inc,CODE,2012-12-31,SH,4885917.0,67963110.0,4140064.0,49349560.0,1.8632,1.2126,11,31,18.015494,addition,INFORMATION TECHNOLOGY,89278
CHILTON INVESTMENT COMPANY INC.,Nutrien Ltd,NTR,2012-12-31,SH,1429073.0,58148980.0,1634587.0,70973770.0,1.5942,1.7439,12,19,-12.57284,reduction,MATERIALS,267
CHILTON INVESTMENT COMPANY INC.,Micron Technology Inc.,MU,2012-12-31,SH,9115178.0,57881380.0,10279092.0,61520370.0,1.5868,1.5116,13,22,-11.323121,reduction,INFORMATION TECHNOLOGY,488
CHILTON INVESTMENT COMPANY INC.,Costco Co.,COST,2012-12-31,SH,564079.0,55714080.0,430124.0,43068710.0,1.5274,1.0582,14,35,31.143345,addition,CONSUMER STAPLES,393
CHILTON INVESTMENT COMPANY INC.,Popeyes Louisiana Kitchen Inc.,PLKI,2012-12-31,SH,2086611.0,54523150.0,1896686.0,46658480.0,1.4948,1.1464,15,32,10.013518,addition,CONSUMER DISCRETIONARY,6078
CHILTON INVESTMENT COMPANY INC.,Colgate-Palmolive Co.,CL,2012-12-31,SH,1017242.0,53171240.0,926424.0,49665590.0,1.4577,1.2203,16,30,9.803071,addition,CONSUMER STAPLES,217
CHILTON INVESTMENT COMPANY INC.,Dine Brands Global Inc,DIN,2012-12-31,SH,783736.0,52510310.0,342623.0,19186890.0,1.4396,0.4714,17,69,128.745881,addition,CONSUMER DISCRETIONARY,46044
CHILTON INVESTMENT COMPANY INC.,Dollar Tree Inc.,DLTR,2012-12-31,SH,1279023.0,51877170.0,917837.0,44309240.0,1.4222,1.0887,18,33,39.351867,addition,CONSUMER DISCRETIONARY,2640
CHILTON INVESTMENT COMPANY INC.,Blount International Inc. Class A,BLT,2012-12-31,SH,3239291.0,51245580.0,2738362.0,36036840.0,1.4049,0.8855,19,44,18.293016,addition,INDUSTRIALS,2504
CHILTON INVESTMENT COMPANY INC.,VanEck Gold Miners ETF-VanEck Gold Miners ETF,GDX,2012-12-31,SH,1100208.0,51038650.0,1995551.0,107181040.0,1.3992,2.6335,20,1,-44.866957,reduction,FINANCE,7342
CHILTON INVESTMENT COMPANY INC.,Coterra Energy Inc,CTRA,2012-12-31,SH,2030898.0,50508430.0,3540442.0,79482920.0,1.3847,1.953,21,12,-42.637162,reduction,ENERGY,2765
CHILTON INVESTMENT COMPANY INC.,Brown-Forman Corp. Class B,BF.B,2012-12-31,SH,1952152.5,49389460.0,1599042.5,41735010.0,1.354,1.0255,22,39,22.08259,addition,CONSUMER STAPLES,5058
CHILTON INVESTMENT COMPANY INC.,Yum! Brands Inc. (Tricon Global Restaurants),YUM,2012-12-31,SH,736458.0,48900810.0,640843.0,42513520.0,1.3406,1.0446,23,37,14.920191,addition,CONSUMER DISCRETIONARY,479
CHILTON INVESTMENT COMPANY INC.,United Parcel Service Inc. Class B,UPS,2012-12-31,SH,645595.0,47599720.0,423837.0,30334010.0,1.305,0.7453,24,51,52.321529,addition,TRANSPORTS,3795
CHILTON INVESTMENT COMPANY INC.,Occidental Petroleum Corp.,OXY,2012-12-31,SH,594118.29,45438160.0,635966.31,54638380.0,1.2457,1.3425,25,27,-6.580226,reduction,ENERGY,442
CHILTON INVESTMENT COMPANY INC.,Coca Cola Co.,KO,2012-12-31,SH,1246165.0,45173480.0,1101546.0,41781640.0,1.2384,1.0266,26,38,13.12873,addition,CONSUMER STAPLES,386
CHILTON INVESTMENT COMPANY INC.,Agrium Inc. - Merged with Potash,AGU,2012-12-31,SH,437016.0,43662270.0,894060.0,92499450.0,1.197,2.2728,27,5,-51.120059,reduction,MATERIALS,11418
CHILTON INVESTMENT COMPANY INC.,Anheuser-Busch Inbev SA ADR,BUD,2012-12-31,SH,498736.0,43594510.0,453438.0,38954860.0,1.1952,0.9572,28,41,9.989899,addition,CONSUMER STAPLES,372
CHILTON INVESTMENT COMPANY INC.,Mastercard Inc,MA,2012-12-31,SH,883330.0,43396240.0,822570.0,37137390.0,1.1897,0.9125,29,43,7.386605,addition,FINANCE,4044
CHILTON INVESTMENT COMPANY INC.,Chevron Corp. (Standard Oil of California),CVX,2012-12-31,SH,401273.0,43393660.0,677175.0,78931520.0,1.1896,1.9394,30,13,-40.743087,reduction,ENERGY,214
CHILTON INVESTMENT COMPANY INC.,Verisk Analytics Inc,VRSK,2012-12-31,SH,838511.0,42762010.0,857323.0,40817150.0,1.1723,1.0029,31,40,-2.194272,reduction,INDUSTRIALS,83334
CHILTON INVESTMENT COMPANY INC.,Mosaic Company (The),MOS,2012-12-31,SH,749676.0,42454150.0,1301334.0,74969850.0,1.1639,1.8421,32,15,-42.39173,reduction,MATERIALS,11443
CHILTON INVESTMENT COMPANY INC.,EOG Resources Inc,EOG,2012-12-31,SH,698366.0,42177810.0,1217862.0,68230720.0,1.1563,1.6765,33,21,-42.656393,reduction,ENERGY,4870
CHILTON INVESTMENT COMPANY INC.,Range Resources Corp.,RRC,2012-12-31,SH,655573.0,41189650.0,1139118.0,79590170.0,1.1292,1.9556,34,11,-42.44907,reduction,ENERGY,3656
CHILTON INVESTMENT COMPANY INC.,Tiffany & Co. (DE),TIF,2012-12-31,SH,710449.0,40737150.0,560540.0,34686220.0,1.1168,0.8523,35,46,26.743676,addition,CONSUMER DISCRETIONARY,3676
CHILTON INVESTMENT COMPANY INC.,Pioneer Natural Resources Co.,PXD,2012-12-31,SH,377968.0,40287610.0,656309.0,68518660.0,1.1045,1.6836,36,20,-42.410054,reduction,ENERGY,2612
CHILTON INVESTMENT COMPANY INC.,MSC Industrial Direct Inc.,MSM,2012-12-31,SH,532170.0,40114970.0,96877.0,6535320.0,1.0998,0.1606,37,98,449.325433,addition,INDUSTRIALS,5127
CHILTON INVESTMENT COMPANY INC.,Schlumberger Ltd.,SLB,2012-12-31,SH,571321.0,39586830.0,995378.0,71995690.0,1.0853,1.769,38,16,-42.602609,reduction,ENERGY,276
CHILTON INVESTMENT COMPANY INC.,Freeport-McMoRan Copper & Gold Inc,FCX,2012-12-31,SH,1128476.0,38593880.0,1801532.0,71304640.0,1.0581,1.752,39,18,-37.360202,reduction,MATERIALS,652
CHILTON INVESTMENT COMPANY INC.,Walmart Inc,WMT,2012-12-31,SH,1660842.0,37773080.0,1338306.0,32922330.0,1.0356,0.8089,40,48,24.100318,addition,CONSUMER STAPLES,345
CHILTON INVESTMENT COMPANY INC.,Entegris Inc.,ENTG,2012-12-31,SH,3877000.0,35590860.0,5313477.0,43198570.0,0.9757,1.0614,41,34,-27.034595,reduction,INFORMATION TECHNOLOGY,3717
CHILTON INVESTMENT COMPANY INC.,Nov Inc,NOV,2012-12-31,SH,514993.0,35199770.0,897496.0,71898400.0,0.965,1.7666,42,17,-42.618909,reduction,ENERGY,17
CHILTON INVESTMENT COMPANY INC.,Vivus Inc,VVUS,2012-12-31,SH,259130.6,34775330.0,293990.7,52389140.0,0.9534,1.2872,43,28,-11.857552,reduction,HEALTH CARE,7680
CHILTON INVESTMENT COMPANY INC.,ATMEL CORP;COM USD0.001,ATML,2012-12-31,SH,5270240.0,34520070.0,5054128.0,26584710.0,0.9464,0.6532,44,56,4.27595,addition,INFORMATION TECHNOLOGY,5051
CHILTON INVESTMENT COMPANY INC.,Southwestern Energy Co.,SWN,2012-12-31,SH,1010236.0,33751980.0,1582297.0,55032290.0,0.9253,1.3522,45,26,-36.153832,reduction,ENERGY,3900
CHILTON INVESTMENT COMPANY INC.,Marvell Technology Group Ltd,MRVL,2012-12-31,SH,4296662.0,31193770.0,4186393.0,38305500.0,0.8552,0.9412,46,42,2.633986,addition,INFORMATION TECHNOLOGY,3999
CHILTON INVESTMENT COMPANY INC.,First Horizon,FHN,2012-12-31,SH,3090754.0,30629370.0,2985205.0,28747520.0,0.8397,0.7063,47,54,3.535737,addition,FINANCE,3603
CHILTON INVESTMENT COMPANY INC.,Unilever N.V. ADR,UN,2012-12-31,SH,784885.0,30061100.0,724626.0,25709730.0,0.8241,0.6317,48,59,8.315876,addition,CONSUMER STAPLES,6451
CHILTON INVESTMENT COMPANY INC.,Baker Hughes Company,BKR,2012-12-31,SH,721875.0,29481380.0,1260706.0,57021730.0,0.8082,1.4011,49,25,-42.740417,reduction,ENERGY,2502
CHILTON INVESTMENT COMPANY INC.,Walt Disney Co. (The),DIS,2012-12-31,SH,574522.0,28605450.0,594438.0,31077220.0,0.7842,0.7636,50,50,-3.350391,reduction,COMMUNICATIONS,395
CHILTON INVESTMENT COMPANY INC.,Devon Energy Corp.,DVN,2012-12-31,SH,546904.0,28460880.0,955726.0,57821420.0,0.7803,1.4207,51,24,-42.776068,reduction,ENERGY,3594
CHILTON INVESTMENT COMPANY INC.,Ascena Retail Group Inc,ASNAQ,2012-12-31,SH,76884.1,28431740.0,74442.55,31935850.0,0.7795,0.7847,52,49,3.279777,addition,CONSUMER DISCRETIONARY,109584
CHILTON INVESTMENT COMPANY INC.,Davita Inc.,DVA,2012-12-31,SH,513452.0,28375920.0,232746.0,12057410.0,0.7779,0.2963,53,88,120.606154,addition,HEALTH CARE,3395
CHILTON INVESTMENT COMPANY INC.,Genesco Inc.,GCO,2012-12-31,SH,501578.0,27586790.0,0.0,0.0,0.7563,,54,999999,,new,CONSUMER DISCRETIONARY,11478
CHILTON INVESTMENT COMPANY INC.,Diageo Plc ADR,DEO,2012-12-31,SH,219752.0,25618690.0,195494.0,22038040.0,0.7023,0.5415,55,64,12.408565,addition,CONSUMER STAPLES,4107
CHILTON INVESTMENT COMPANY INC.,Estee Lauder Companies Inc.,EL,2012-12-31,SH,418431.0,25047280.0,0.0,0.0,0.6867,,56,999999,,new,CONSUMER STAPLES,5031
CHILTON INVESTMENT COMPANY INC.,SANDISK CORP,SNDK,2012-12-31,SH,519712.0,22638650.0,822910.0,35738980.0,0.6206,0.8781,57,45,-36.844612,reduction,INFORMATION TECHNOLOGY,943
CHILTON INVESTMENT COMPANY INC.,IMAX Corp,IMAX,2012-12-31,SH,995629.0,22381740.0,959983.0,19113260.0,0.6136,0.4696,58,71,3.713191,addition,COMMUNICATIONS,6853
CHILTON INVESTMENT COMPANY INC.,Berkshire Hathaway Inc Class B,BRK.B,2012-12-31,SH,248764.0,22314130.0,151829.0,13391320.0,0.6117,0.329,59,84,63.844852,addition,FINANCE,2827
CHILTON INVESTMENT COMPANY INC.,Union Pacific Corp.,UNP,2012-12-31,SH,348938.0,21934240.0,82802.0,4914300.0,0.6013,0.1207,60,107,321.412526,addition,TRANSPORTS,473
CHILTON INVESTMENT COMPANY INC.,Teck Resources Ltd,TECK,2012-12-31,SH,570741.0,20746440.0,0.0,0.0,0.5688,,61,999999,,new,MATERIALS,5572
CHILTON INVESTMENT COMPANY INC.,ChipMOS Technologies Inc,IMOS,2012-12-31,SH,1904155.56,20717870.0,1597787.44,23692520.0,0.568,0.5821,62,62,19.174523,addition,INFORMATION TECHNOLOGY,4946
CHILTON INVESTMENT COMPANY INC.,Dominos Pizza Inc,DPZ,2012-12-31,SH,455672.0,19844520.0,657249.0,24778290.0,0.544,0.6088,63,60,-30.669807,reduction,CONSUMER DISCRETIONARY,776
CHILTON INVESTMENT COMPANY INC.,SunTrust Banks Inc.,STI,2012-12-31,SH,630965.0,17887860.0,608885.0,17213180.0,0.4904,0.4229,64,74,3.626301,addition,FINANCE,11359
CHILTON INVESTMENT COMPANY INC.,SPDR(R) S&P Bank ETF-SPDR(R) S&P Bank ETF,KBE,2012-12-31,SH,727657.0,17340070.0,704095.0,16532150.0,0.4754,0.4062,65,76,3.346423,addition,FINANCE,9571
CHILTON INVESTMENT COMPANY INC.,Apple Inc,AAPL,2012-12-31,SH,905744.0,17242450.0,0.0,0.0,0.4727,,66,999999,,new,INFORMATION TECHNOLOGY,195
CHILTON INVESTMENT COMPANY INC.,Suncor Energy Inc.,SU,2012-12-31,SH,517909.0,17080640.0,903142.0,29668210.0,0.4683,0.729,67,53,-42.654754,reduction,ENERGY,127
CHILTON INVESTMENT COMPANY INC.,Robert Half International Inc.,RHI,2012-12-31,SH,535104.0,17027010.0,324360.0,8637710.0,0.4668,0.2122,68,95,64.972253,addition,INDUSTRIALS,815
CHILTON INVESTMENT COMPANY INC.,Southern Copper Corp.,SCCO,2012-12-31,SH,441834.0,16727840.0,773850.0,26589490.0,0.4586,0.6533,69,55,-42.904439,reduction,MATERIALS,87972
CHILTON INVESTMENT COMPANY INC.,Linde Plc.,LIN,2012-12-31,SH,150112.0,16429760.0,40273.0,4183560.0,0.4504,0.1028,70,120,272.736076,addition,MATERIALS,269
CHILTON INVESTMENT COMPANY INC.,Amphenol Corp. (1987),APH,2012-12-31,SH,958440.0,15502770.0,934552.0,13756610.0,0.425,0.338,71,83,2.556091,addition,INFORMATION TECHNOLOGY,5048
CHILTON INVESTMENT COMPANY INC.,SSgA SPDR Gold Shares,GLD,2012-12-31,SH,94904.0,15375400.0,94483.0,16252970.0,0.4215,0.3993,72,78,0.445583,addition,MATERIALS,3418
CHILTON INVESTMENT COMPANY INC.,LPL Financial Holdings Inc,LPLA,2012-12-31,SH,515335.0,14511830.0,496514.0,14170510.0,0.3978,0.3482,73,82,3.790628,addition,FINANCE,108028
CHILTON INVESTMENT COMPANY INC.,CF Industries Holdings Inc,CF,2012-12-31,SH,348200.0,14148060.0,758135.0,33697580.0,0.3879,0.828,74,47,-54.071504,reduction,MATERIALS,4
CHILTON INVESTMENT COMPANY INC.,GLOBE SPECIALTY METALS INC COM STK,11G.OLD:FWB2,2012-12-31,SH,1019146.0,14013260.0,669907.0,10195980.0,0.3842,0.2505,75,93,52.13246,addition,MATERIALS,79437
CHILTON INVESTMENT COMPANY INC.,Air Products & Chemicals Inc,APD,2012-12-31,SH,173357.81,13474120.0,52202.57,3993670.0,0.3694,0.0981,76,121,232.086734,addition,MATERIALS,363
CHILTON INVESTMENT COMPANY INC.,Monsanto Co. (New),MON,2012-12-31,SH,140607.0,13308450.0,245147.0,22313280.0,0.3649,0.5483,77,63,-42.643801,reduction,MATERIALS,16
CHILTON INVESTMENT COMPANY INC.,ProShares Short 20+ Year Treasury-ProShares Short 20+ Year Treasury,TBF,2012-12-31,SH,440519.0,12942450.0,427253.0,12428790.0,0.3548,0.3054,78,87,3.104952,addition,FINANCE,110665
CHILTON INVESTMENT COMPANY INC.,Concho Resources Inc,CXO,2012-12-31,SH,159164.0,12822250.0,277501.0,26293220.0,0.3515,0.646,79,57,-42.64381,reduction,ENERGY,6018
CHILTON INVESTMENT COMPANY INC.,BTC iShares Silver Trust,SLV,2012-12-31,SH,414655.0,12170120.0,723330.0,24217090.0,0.3336,0.595,80,61,-42.67416,reduction,FINANCE,5927
CHILTON INVESTMENT COMPANY INC.,P M C SIERRA INC,PMCS,2012-12-31,SH,2317760.0,12075530.0,2253811.0,12711490.0,0.3311,0.3123,81,85,2.837372,addition,INFORMATION TECHNOLOGY,941
CHILTON INVESTMENT COMPANY INC.,EQT Corporation (Equitable Gas Co.),EQT,2012-12-31,SH,203266.0,11988630.0,354695.0,20927010.0,0.3287,0.5142,82,66,-42.692736,reduction,UTILITIES AND TELECOMMUNICATIONS,3739
CHILTON INVESTMENT COMPANY INC.,Motorola Solutions Inc,MSI,2012-12-31,SH,200000.0,11136000.0,0.0,0.0,0.3053,,83,999999,,new,INFORMATION TECHNOLOGY,433
CHILTON INVESTMENT COMPANY INC.,Cameco Corp.,CCJ,2012-12-31,CALL,538000.0,10609360.0,0.0,0.0,0.2909,,84,999999,,new,ENERGY,156
CHILTON INVESTMENT COMPANY INC.,Herbalife Nutrition Ltd,HLF,2012-12-31,SH,600000.0,9882000.0,0.0,0.0,0.2709,,85,999999,,new,HEALTH CARE,2417
CHILTON INVESTMENT COMPANY INC.,Vca Inc,WOOF,2012-12-31,SH,468296.0,9857630.0,452239.0,8922680.0,0.2702,0.2192,86,94,3.550556,addition,HEALTH CARE,5184
CHILTON INVESTMENT COMPANY INC.,International Business Machines Corp.,IBM,2012-12-31,SH,49905.0,9559300.0,0.0,0.0,0.2621,,87,999999,,new,INFORMATION TECHNOLOGY,237
CHILTON INVESTMENT COMPANY INC.,Shutterfly Inc,SFLY,2012-12-31,SH,279830.0,8358520.0,270202.0,8408690.0,0.2292,0.2066,88,97,3.56326,addition,CONSUMER DISCRETIONARY,5169
CHILTON INVESTMENT COMPANY INC.,Intrepid Potash Inc,IPI,2012-12-31,SH,39231.6,8352410.0,68683.7,14753260.0,0.229,0.3625,89,81,-42.880771,reduction,MATERIALS,46046
CHILTON INVESTMENT COMPANY INC.,Chesapeake Energy Corp,CHKAQ,2012-12-31,CALL,2500.0,8310000.0,0.0,0.0,0.2278,,90,999999,,new,ENERGY,3533
CHILTON INVESTMENT COMPANY INC.,MSCI Inc,MSCI,2012-12-31,SH,259000.0,8026410.0,0.0,0.0,0.22,,91,999999,,new,FINANCE,89238
CHILTON INVESTMENT COMPANY INC.,NovaGold Resources Inc,NG,2012-12-31,SH,1688331.0,7614370.0,2799907.0,15679480.0,0.2087,0.3853,92,79,-39.700461,reduction,MATERIALS,4095
CHILTON INVESTMENT COMPANY INC.,Cenovus Energy Inc,CVE,2012-12-31,SH,204854.0,6856620.0,358634.0,12511420.0,0.188,0.3074,93,86,-42.87937,reduction,ENERGY,85646
CHILTON INVESTMENT COMPANY INC.,GrafTech International Ltd.,GTI,2012-12-31,SH,668167.0,6274090.0,1292027.0,11615320.0,0.172,0.2854,94,89,-48.285369,reduction,INDUSTRIALS,333
CHILTON INVESTMENT COMPANY INC.,Garmin Ltd,GRMN,2012-12-31,CALL,150000.0,6123000.0,0.0,0.0,0.1679,,95,999999,,new,CONSUMER DISCRETIONARY,3966
CHILTON INVESTMENT COMPANY INC.,ExxonMobil Corp. (Standard Oil of New Jersey),XOM,2012-12-31,SH,67557.0,5847060.0,330612.0,30234470.0,0.1603,0.7429,96,52,-79.566077,reduction,ENERGY,228
CHILTON INVESTMENT COMPANY INC.,Lowes Companies Inc.,LOW,2012-12-31,SH,154608.0,5491680.0,156849.0,4743110.0,0.1506,0.1165,97,109,-1.428763,reduction,CONSUMER DISCRETIONARY,138
CHILTON INVESTMENT COMPANY INC.,NeoPhotonics Corp,NPTN,2012-12-31,SH,947470.0,5438480.0,930045.0,5431460.0,0.1491,0.1335,98,102,1.873565,addition,INFORMATION TECHNOLOGY,110226
CHILTON INVESTMENT COMPANY INC.,Wells Fargo & Co. 7.50% Non-Cumulative Perpetual Convertible Class A Preferred,WFCPRL,2012-12-31,SH,4438.0,5436550.0,2215.0,2741860.0,0.149,0.0674,99,129,100.361174,addition,FINANCE,73782
CHILTON INVESTMENT COMPANY INC.,Hollywood Casino Corp. Class A,HWD,2012-12-31,SH,375769.0,5281770.0,1752437.0,20830100.0,0.1448,0.5118,100,68,-78.557346,reduction,CONSUMER DISCRETIONARY,5539
CHILTON INVESTMENT COMPANY INC.,Agnico-Eagle Mines Ltd,AEM,2012-12-31,SH,98811.0,5183630.0,95841.0,4972230.0,0.1421,0.1222,101,106,3.098883,addition,MATERIALS,5500
CHILTON INVESTMENT COMPANY INC.,Signet Jewelers Ltd,SIG,2012-12-31,SH,95525.0,5101040.0,0.0,0.0,0.1398,,102,999999,,new,CONSUMER DISCRETIONARY,8531
CHILTON INVESTMENT COMPANY INC.,Becton Dickinson and Co.,BDX,2012-12-31,SH,66679.33,5086490.0,58145.18,4456470.0,0.1394,0.1095,103,116,14.677313,addition,HEALTH CARE,4305
CHILTON INVESTMENT COMPANY INC.,Raytheon Technologies Corp. (United Technologies),RTX,2012-12-31,SH,94740.95,4889680.0,233772.09,11517950.0,0.1341,0.283,104,90,-59.472942,reduction,INDUSTRIALS,285
CHILTON INVESTMENT COMPANY INC.,PERICOM SEMICONDUCTOR CORP COM STK,PSEM,2012-12-31,SH,605385.0,4861240.0,588348.0,5109800.0,0.1333,0.1256,105,104,2.895735,addition,INFORMATION TECHNOLOGY,5768
CHILTON INVESTMENT COMPANY INC.,Target Corp.,TGT,2012-12-31,SH,79898.0,4727570.0,332313.0,21091910.0,0.1296,0.5182,106,65,-75.957004,reduction,CONSUMER DISCRETIONARY,305
CHILTON INVESTMENT COMPANY INC.,Automatic Data Processing Inc,ADP,2012-12-31,SH,82582.0,4708000.0,82582.0,4844260.0,0.1291,0.119,107,108,0.0,,INFORMATION TECHNOLOGY,201
CHILTON INVESTMENT COMPANY INC.,Yamana Gold Inc.,AUY,2012-12-31,SH,271118.0,4665940.0,262937.0,5024730.0,0.1279,0.1235,108,105,3.111392,addition,MATERIALS,132
CHILTON INVESTMENT COMPANY INC.,Johnson & Johnson Co.,JNJ,2012-12-31,SH,65267.0,4575220.0,65690.0,4526700.0,0.1254,0.1112,109,114,-0.643934,reduction,HEALTH CARE,239
CHILTON INVESTMENT COMPANY INC.,Walgreens Boots Alliance Inc.,WBA,2012-12-31,SH,123205.0,4559820.0,123205.0,4489590.0,0.125,0.1103,110,115,0.0,,CONSUMER STAPLES,308
CHILTON INVESTMENT COMPANY INC.,Pepsico Inc. (Loft Inc.),PEP,2012-12-31,SH,66200.0,4530070.0,66200.0,4684970.0,0.1242,0.1151,111,112,0.0,,CONSUMER STAPLES,264
CHILTON INVESTMENT COMPANY INC.,Procter & Gamble Co. (OH) (1905),PG,2012-12-31,SH,66357.0,4504980.0,66357.0,4602520.0,0.1235,0.1131,112,113,0.0,,CONSUMER STAPLES,272
CHILTON INVESTMENT COMPANY INC.,Genco Shipping & Trading Ltd,GNK,2012-12-31,SH,128500.0,4484650.0,0.0,0.0,0.1229,,113,999999,,new,TRANSPORTS,6475
CHILTON INVESTMENT COMPANY INC.,United Technologies Corp. 7.50% Corporate Units,UTX+A1,2012-12-31,SH,80350.0,4476300.0,79000.0,4431900.0,0.1227,0.1089,114,118,1.708861,addition,INDUSTRIALS,128147
CHILTON INVESTMENT COMPANY INC.,Cadence Bank,CADE,2012-12-31,SH,307054.0,4464570.0,297795.0,4389500.0,0.1224,0.1079,115,119,3.109186,addition,FINANCE,6316
CHILTON INVESTMENT COMPANY INC.,Emerson Electric Co.,EMR,2012-12-31,SH,82820.0,4386150.0,82400.0,3977450.0,0.1202,0.0977,116,122,0.509709,addition,INDUSTRIALS,227
CHILTON INVESTMENT COMPANY INC.,Tivo Corporation,TIVO,2012-12-31,SH,279138.0,4307100.0,271664.0,3941840.0,0.1181,0.0969,117,124,2.751193,addition,INFORMATION TECHNOLOGY,51057
CHILTON INVESTMENT COMPANY INC.,Chubb Corp.,CB,2012-12-31,SH,55157.0,4154430.0,61729.0,4708690.0,0.1139,0.1157,118,110,-10.646536,reduction,FINANCE,4311
CHILTON INVESTMENT COMPANY INC.,Iamgold Corp,IAG,2012-12-31,SH,351830.0,4035490.0,341220.0,5394690.0,0.1106,0.1326,119,103,3.109431,addition,MATERIALS,117
CHILTON INVESTMENT COMPANY INC.,Dryships Inc,DRYS,2012-12-31,SH,1.5,3967960.0,1.5,5903500.0,0.1088,0.1451,120,100,0.0,reduction,TRANSPORTS,11439
CHILTON INVESTMENT COMPANY INC.,GoldCorp Inc.,GG,2012-12-31,SH,105666.0,3877940.0,102482.0,4698800.0,0.1063,0.1155,121,111,3.106887,addition,MATERIALS,116
CHILTON INVESTMENT COMPANY INC.,Expeditors International of Washington Inc,EXPD,2012-12-31,SH,95000.0,3757250.0,0.0,0.0,0.103,,122,999999,,new,TRANSPORTS,3602
CHILTON INVESTMENT COMPANY INC.,SEI Investments Co.,SEIC,2012-12-31,SH,156000.0,3641040.0,0.0,0.0,0.0998,,123,999999,,new,FINANCE,5163
CHILTON INVESTMENT COMPANY INC.,Chesapeake Energy Corp,CHKAQ,2012-12-31,PUT,1000.0,3324000.0,0.0,0.0,0.0911,,124,999999,,new,ENERGY,3533
CHILTON INVESTMENT COMPANY INC.,Kellogg Co.,K,2012-12-31,SH,61808.34,3241310.0,71925.84,3488910.0,0.0889,0.0857,125,125,-14.066572,reduction,CONSUMER STAPLES,2538
CHILTON INVESTMENT COMPANY INC.,Lazard Inc.,LAZ,2012-12-31,SH,100200.0,2989970.0,369576.0,10802710.0,0.082,0.2654,126,91,-72.88785,reduction,FINANCE,6025
CHILTON INVESTMENT COMPANY INC.,Mountain Province Diamonds Inc,MPVDF,2012-12-31,SH,748417.0,2927150.0,750155.0,3195950.0,0.0802,0.0785,127,128,-0.231685,reduction,MATERIALS,434
CHILTON INVESTMENT COMPANY INC.,Molson Coors Brewing Co,TAP,2012-12-31,SH,65609.0,2807410.0,98546.0,4439500.0,0.077,0.1091,128,117,-33.42297,reduction,CONSUMER STAPLES,4895
CHILTON INVESTMENT COMPANY INC.,Jabil Inc,JBL,2012-12-31,SH,142570.0,2750180.0,138000.0,2583360.0,0.0754,0.0635,129,130,3.311594,addition,INFORMATION TECHNOLOGY,1019
CHILTON INVESTMENT COMPANY INC.,General Mills Co.,GIS,2012-12-31,SH,67346.0,2722020.0,84087.0,3350870.0,0.0746,0.0823,130,126,-19.909142,reduction,CONSUMER STAPLES,524
CHILTON INVESTMENT COMPANY INC.,Hub Group Inc. Class A,HUBG,2012-12-31,SH,111312.0,1870040.0,107946.0,1601920.0,0.0513,0.0394,131,135,3.118226,addition,TRANSPORTS,6508
CHILTON INVESTMENT COMPANY INC.,7 Days Group Holdings Limited,SVN,2012-12-31,SH,138202.0,1666720.0,220468.0,2561840.0,0.0457,0.0629,132,131,-37.314259,reduction,CONSUMER DISCRETIONARY,7610
CHILTON INVESTMENT COMPANY INC.,Wynn Resorts Ltd,WYNN,2012-12-31,SH,13810.0,1553490.0,50217.0,5797050.0,0.0426,0.1424,133,101,-72.499353,reduction,CONSUMER DISCRETIONARY,839
CHILTON INVESTMENT COMPANY INC.,VISA Inc,V,2012-12-31,SH,33028.0,1251600.0,36236.0,1216440.0,0.0343,0.0299,134,142,-8.853074,reduction,FINANCE,45920
CHILTON INVESTMENT COMPANY INC.,ETFS Physical Platinum Shares,PPLT,2012-12-31,SH,8144.0,1232680.0,6416.0,1048250.0,0.0338,0.0258,135,143,26.932668,addition,FINANCE,88377
CHILTON INVESTMENT COMPANY INC.,Avalon Advanced Materials Inc,AVLNF,2012-12-31,SH,871289.0,1217670.0,857417.0,1682610.0,0.0334,0.0413,136,134,1.617883,addition,MATERIALS,84355
CHILTON INVESTMENT COMPANY INC.,National Instruments Corp,NATI,2012-12-31,SH,36708.0,947430.0,35600.0,896050.0,0.026,0.022,137,144,3.11236,addition,INFORMATION TECHNOLOGY,5139
CHILTON INVESTMENT COMPANY INC.,Hess Corp,HES,2012-12-31,SH,15750.0,834120.0,15750.0,846090.0,0.0229,0.0208,138,145,0.0,,ENERGY,414
CHILTON INVESTMENT COMPANY INC.,Wells Fargo & Co.  (Northwest Bancorporation),WFC,2012-12-31,SH,23160.0,791610.0,525411.0,18189370.0,0.0217,0.4469,139,72,-95.592022,reduction,FINANCE,309
CHILTON INVESTMENT COMPANY INC.,Barclays PLC 8.125% Non-Cumulative Callable Dollar Preference Shares Series 5 ADR,BCS+D1,2012-12-31,SH,29200.0,742560.0,29100.0,754270.0,0.0204,0.0185,140,149,0.343643,addition,FINANCE,46083
CHILTON INVESTMENT COMPANY INC.,Weatherford International plc,WFTIQ,2012-12-31,SH,65100.0,728470.0,65100.0,825470.0,0.02,0.0203,141,146,0.0,,ENERGY,2531
CHILTON INVESTMENT COMPANY INC.,Spreadtrum Communications Inc,SPRD,2012-12-31,SH,32771.0,576770.0,68324.0,1404740.0,0.0158,0.0345,142,137,-52.035888,reduction,INFORMATION TECHNOLOGY,4939
CHILTON INVESTMENT COMPANY INC.,WALTER ENERGY INC COM STK (DE),WLT,2012-12-31,SH,15800.0,566900.0,15800.0,512870.0,0.0155,0.0126,143,152,0.0,,INDUSTRIALS,4979
CHILTON INVESTMENT COMPANY INC.,Eagle Bulk Shipping Inc,EGLE,2012-12-31,SH,143.52,547840.0,147.44,1354410.0,0.015,0.0333,144,139,-2.658709,reduction,TRANSPORTS,6633
CHILTON INVESTMENT COMPANY INC.,Sonoco Products Co.,SON,2012-12-31,SH,16700.0,496490.0,18548.0,574800.0,0.0136,0.0141,145,150,-9.963338,reduction,MATERIALS,457
CHILTON INVESTMENT COMPANY INC.,Canadian Natural Resources Ltd,CNQ,2012-12-31,SH,17203.85,486460.0,17203.85,518810.0,0.0133,0.0127,146,151,0.0,,ENERGY,106
CHILTON INVESTMENT COMPANY INC.,Cimarex Energy Co.,XEC,2012-12-31,SH,8350.0,482050.0,8350.0,488890.0,0.0132,0.012,147,154,0.0,,ENERGY,5066
CHILTON INVESTMENT COMPANY INC.,Oracle Corp,ORCL,2012-12-31,SH,12340.0,411170.0,518868.0,16339150.0,0.0113,0.4015,148,77,-97.621746,reduction,INFORMATION TECHNOLOGY,20
CHILTON INVESTMENT COMPANY INC.,Cognizant Technology Solutions Corp,CTSH,2012-12-31,SH,11032.0,408460.0,12726.0,444900.0,0.0112,0.0109,149,155,-13.311331,reduction,INFORMATION TECHNOLOGY,3996
CHILTON INVESTMENT COMPANY INC.,MOLYCORP INC COM STK,MCPIQ,2012-12-31,SH,42700.0,403090.0,42700.0,491050.0,0.0111,0.0121,150,153,0.0,,MATERIALS,91630
CHILTON INVESTMENT COMPANY INC.,Merck & Co,MRK,2012-12-31,SH,10178.18,397610.0,599819.66,25812710.0,0.0109,0.6342,151,58,-98.303127,reduction,HEALTH CARE,431
CHILTON INVESTMENT COMPANY INC.,iSoftStone Holdings Ltd,ISS,2012-12-31,SH,79729.0,339650.0,79729.0,424960.0,0.0093,0.0104,152,157,0.0,,INFORMATION TECHNOLOGY,108023
CHILTON INVESTMENT COMPANY INC.,Alphabet Inc. Class A,GOOGL,2012-12-31,SH,9480.0,335300.0,0.0,0.0,0.0092,,153,999999,,new,COMMUNICATIONS,4112
CHILTON INVESTMENT COMPANY INC.,Companhia Siderurgica Nacional SA,SID,2012-12-31,SH,56700.0,334530.0,56700.0,319220.0,0.0092,0.0078,154,158,0.0,,MATERIALS,7078
CHILTON INVESTMENT COMPANY INC.,Trip.com Group Ltd,TCOM,2012-12-31,SH,28748.0,327580.0,0.0,0.0,0.009,,155,999999,,new,CONSUMER DISCRETIONARY,6019
CHILTON INVESTMENT COMPANY INC.,Amazon.com Inc.,AMZN,2012-12-31,SH,25580.0,320860.0,0.0,0.0,0.0088,,156,999999,,new,CONSUMER DISCRETIONARY,3573
CHILTON INVESTMENT COMPANY INC.,Macom Techno Ord,MTSI,2012-12-31,SH,20000.0,299400.0,20000.0,254000.0,0.0082,0.0062,157,163,0.0,,INFORMATION TECHNOLOGY,120318
CHILTON INVESTMENT COMPANY INC.,Domtar Corp. (Dominion Tar & Chemical),UFS,2012-12-31,SH,7000.0,292320.0,7000.0,274020.0,0.008,0.0067,158,160,0.0,,MATERIALS,4947
CHILTON INVESTMENT COMPANY INC.,Urstadt Biddle Properties Inc. Class A,UBA,2012-12-31,SH,13670.0,269030.0,0.0,0.0,0.0074,,159,999999,,new,REAL ESTATE,4393
CHILTON INVESTMENT COMPANY INC.,Verizon Communications (Bell Atlantic Corp.),VZ,2012-12-31,SH,5839.0,252650.0,16761.0,763800.0,0.0069,0.0188,160,148,-65.163176,reduction,UTILITIES AND TELECOMMUNICATIONS,286
CHILTON INVESTMENT COMPANY INC.,QUALCOMM Inc.,QCOM,2012-12-31,SH,4000.0,248080.0,0.0,0.0,0.0068,,161,999999,,new,INFORMATION TECHNOLOGY,273
CHILTON INVESTMENT COMPANY INC.,Alpha and Omega Semiconductor Ltd,AOSL,2012-12-31,SH,25000.0,210000.0,25000.0,215250.0,0.0058,0.0053,162,164,0.0,,INFORMATION TECHNOLOGY,90420
CHILTON INVESTMENT COMPANY INC.,Sanofi SA,SNY,2012-12-31,SH,4350.0,206100.0,31475.0,1355310.0,0.0057,0.0333,163,138,-86.179508,reduction,HEALTH CARE,4377
CHILTON INVESTMENT COMPANY INC.,MEMSIC Inc,MEMS,2012-12-31,SH,50000.0,167000.0,0.0,0.0,0.0046,,164,999999,,new,INFORMATION TECHNOLOGY,9548
CHILTON INVESTMENT COMPANY INC.,Velti PLC,VELTF,2012-12-31,SH,30000.0,135000.0,25000.0,209250.0,0.0037,0.0051,165,166,20.0,addition,INFORMATION TECHNOLOGY,110694
CHILTON INVESTMENT COMPANY INC.,Remark Holdings Inc,MARK,2012-12-31,SH,5110.0,88910.0,4200.0,70560.0,0.0024,0.0017,166,171,21.666667,addition,INFORMATION TECHNOLOGY,7225
CHILTON INVESTMENT COMPANY INC.,Excel Maritime,EXMCQ,2012-12-31,SH,169489.0,73730.0,303188.0,210720.0,0.002,0.0052,167,165,-44.097722,reduction,TRANSPORTS,332
CHILTON INVESTMENT COMPANY INC.,Trilogy Metals,TMQ,2012-12-31,SH,33208.0,60110.0,33208.0,71400.0,0.0016,0.0018,168,170,0.0,,MATERIALS,123606
CHILTON INVESTMENT COMPANY INC.,PLX TECHNOLOGY INC,PLXT,2012-12-31,SH,10000.0,36300.0,0.0,0.0,0.001,,169,999999,,new,INFORMATION TECHNOLOGY,7451
CHILTON INVESTMENT COMPANY INC.,AXT Inc.,AXTI,2012-12-31,SH,0.0,0.0,80000.0,270400.0,,0.0066,999999,161,-100.0,soldall,INFORMATION TECHNOLOGY,37
CHILTON INVESTMENT COMPANY INC.,Ciena Corp,CIEN,2012-12-31,SH,0.0,0.0,12000.0,163200.0,,0.004,999999,168,-100.0,soldall,INFORMATION TECHNOLOGY,59
CHILTON INVESTMENT COMPANY INC.,Cameco Corp.,CCJ,2012-12-31,SH,0.0,0.0,879284.0,17102070.0,,0.4202,999999,75,-100.0,soldall,ENERGY,156
CHILTON INVESTMENT COMPANY INC.,SILICON IMAGE INC,SIMG,2012-12-31,SH,0.0,0.0,20000.0,91800.0,,0.0023,999999,169,-100.0,soldall,INFORMATION TECHNOLOGY,304
CHILTON INVESTMENT COMPANY INC.,FedEx Corporation,FDX,2012-12-31,SH,0.0,0.0,100911.0,8539090.0,,0.2098,999999,96,-100.0,soldall,TRANSPORTS,485
CHILTON INVESTMENT COMPANY INC.,Cadence Design Systems Inc.,CDNS,2012-12-31,SH,0.0,0.0,20000.0,257300.0,,0.0063,999999,162,-100.0,soldall,INFORMATION TECHNOLOGY,947
CHILTON INVESTMENT COMPANY INC.,Wyndham Destinations Inc,TNL,2012-12-31,SH,0.0,0.0,6000.0,314880.0,,0.0077,999999,159,-100.0,soldall,CONSUMER DISCRETIONARY,1078
CHILTON INVESTMENT COMPANY INC.,NVR Inc,NVR,2012-12-31,SH,0.0,0.0,7569.0,6392020.0,,0.1571,999999,99,-100.0,soldall,CONSUMER DISCRETIONARY,2611
CHILTON INVESTMENT COMPANY INC.,Chesapeake Energy Corp,CHKAQ,2012-12-31,SH,0.0,0.0,5079.16,19168750.0,,0.471,999999,70,-100.0,soldall,ENERGY,3533
CHILTON INVESTMENT COMPANY INC.,Mondelez International Inc. (Kraft Foods),MDLZ,2012-12-31,SH,0.0,0.0,1037601.0,42904800.0,,1.0542,999999,36,-100.0,soldall,CONSUMER STAPLES,3785
CHILTON INVESTMENT COMPANY INC.,Bally Technologies Inc.,BYI,2012-12-31,SH,0.0,0.0,360286.0,17794530.0,,0.4372,999999,73,-100.0,soldall,INDUSTRIALS,3924
CHILTON INVESTMENT COMPANY INC.,Nabors Industries Ltd.,NBR,2012-12-31,SH,0.0,0.0,1832.0,1285150.0,,0.0316,999999,141,-100.0,soldall,ENERGY,4046
CHILTON INVESTMENT COMPANY INC.,Abercrombie & Fitch Co.,ANF,2012-12-31,SH,0.0,0.0,116413.0,3948730.0,,0.097,999999,123,-100.0,soldall,CONSUMER DISCRETIONARY,4063
CHILTON INVESTMENT COMPANY INC.,iShares Russell 2000 ETF-iShares Russell 2000 ETF,IWM,2012-12-31,PUT,0.0,0.0,607600.0,50710300.0,,1.246,999999,29,-100.0,soldall,FINANCE,4116
CHILTON INVESTMENT COMPANY INC.,Booking Holdings Inc. (Priceline),BKNG,2012-12-31,SH,0.0,0.0,33783.0,20902560.0,,0.5136,999999,67,-100.0,soldall,CONSUMER DISCRETIONARY,4288
CHILTON INVESTMENT COMPANY INC.,Titanium Metals Corp,TIE,2012-12-31,SH,0.0,0.0,63100.0,809570.0,,0.0199,999999,147,-100.0,soldall,MATERIALS,4921
CHILTON INVESTMENT COMPANY INC.,Spreadtrum Communications Inc,SPRD,2012-12-31,PUT,0.0,0.0,21000.0,431760.0,,0.0106,999999,156,-100.0,soldall,INFORMATION TECHNOLOGY,4939
CHILTON INVESTMENT COMPANY INC.,Helmerich & Payne Inc.,HP,2012-12-31,SH,0.0,0.0,217127.0,10337420.0,,0.254,999999,92,-100.0,soldall,ENERGY,5001
CHILTON INVESTMENT COMPANY INC.,McMorAn Exploration Co,MMR,2012-12-31,SH,0.0,0.0,1328683.0,15612030.0,,0.3836,999999,80,-100.0,soldall,ENERGY,5132
CHILTON INVESTMENT COMPANY INC.,Rubicon Technology Inc,RBCN,2012-12-31,SH,0.0,0.0,2000.0,191600.0,,0.0047,999999,167,-100.0,soldall,INFORMATION TECHNOLOGY,5565
CHILTON INVESTMENT COMPANY INC.,PSS World Medical Inc.,PSSI,2012-12-31,SH,0.0,0.0,145228.0,3308290.0,,0.0813,999999,127,-100.0,soldall,HEALTH CARE,6216
CHILTON INVESTMENT COMPANY INC.,Heartland Express Inc.,HTLD,2012-12-31,SH,0.0,0.0,168510.0,2251290.0,,0.0553,999999,132,-100.0,soldall,TRANSPORTS,6506
CHILTON INVESTMENT COMPANY INC.,Knight Transportation Inc.,KNX,2012-12-31,SH,0.0,0.0,153700.0,2197910.0,,0.054,999999,133,-100.0,soldall,TRANSPORTS,6510
CHILTON INVESTMENT COMPANY INC.,Triangle Petroleum Corp,TPLM,2012-12-31,SH,0.0,0.0,285700.0,1434210.0,,0.0352,999999,136,-100.0,soldall,ENERGY,9407
CHILTON INVESTMENT COMPANY INC.,Timken (Roller Bearing Axle) Co.,TKR,2012-12-31,SH,0.0,0.0,35000.0,1300600.0,,0.032,999999,140,-100.0,soldall,INDUSTRIALS,11404
