Filer Name,Stock Name,Stock Ticker,Quarter Date,Type of Security,Current Shares Held,Current Market Value,Previous Shares Held,Previous Market Value,Current % of Portfolio,Previous % of Portfolio,Current Rank,Previous Rank,Change in Shares,Type of Change,Sector,stock_id
CHILTON INVESTMENT COMPANY INC.,Nutrien Ltd,NTR,2009-09-30,SH,1715699.0,154996000.0,1610450.0,149852000.0,4.128,4.8944,1,1,6.535378,addition,MATERIALS,267
CHILTON INVESTMENT COMPANY INC.,Southwestern Energy Co.,SWN,2009-09-30,SH,3607658.0,153975000.0,3549614.0,137903000.0,4.1008,4.5041,2,2,1.63522,addition,ENERGY,3900
CHILTON INVESTMENT COMPANY INC.,Monsanto Co. (New),MON,2009-09-30,SH,1657060.0,128256000.0,1176708.0,87476000.0,3.4159,2.8571,3,7,40.821682,addition,MATERIALS,16
CHILTON INVESTMENT COMPANY INC.,Schlumberger Ltd.,SLB,2009-09-30,SH,2022991.0,120570000.0,1984850.0,107400000.0,3.2112,3.5078,4,3,1.921606,addition,ENERGY,276
CHILTON INVESTMENT COMPANY INC.,Agnico-Eagle Mines Ltd,AEM,2009-09-30,SH,1675018.0,113650000.0,1609249.0,84453000.0,3.0269,2.7583,5,8,4.086937,addition,MATERIALS,5500
CHILTON INVESTMENT COMPANY INC.,Petroleo Brasileiro SA (Petrobras) ADR,PBR,2009-09-30,SH,2389589.0,109682000.0,2450450.0,100419000.0,2.9212,3.2798,6,5,-2.483666,reduction,ENERGY,4141
CHILTON INVESTMENT COMPANY INC.,Mosaic Company (The),MOS,2009-09-30,SH,2217055.0,106574000.0,2275100.0,100787000.0,2.8384,3.2918,7,4,-2.551316,reduction,MATERIALS,11443
CHILTON INVESTMENT COMPANY INC.,Occidental Petroleum Corp.,OXY,2009-09-30,SH,1004003.91,78580000.0,1342015.55,88168000.0,2.0928,2.8797,8,6,-25.186865,reduction,ENERGY,442
CHILTON INVESTMENT COMPANY INC.,Freeport-McMoRan Copper & Gold Inc,FCX,2009-09-30,SH,2241400.0,76891000.0,3141238.0,78704000.0,2.0479,2.5706,9,9,-28.645967,reduction,MATERIALS,652
CHILTON INVESTMENT COMPANY INC.,Suncor Energy Inc.,SU,2009-09-30,SH,2224252.0,76870000.0,2182161.0,66207000.0,2.0473,2.1624,10,12,1.928868,addition,ENERGY,127
CHILTON INVESTMENT COMPANY INC.,GoldCorp Inc.,GG,2009-09-30,SH,1897021.0,76583000.0,2093975.0,72766000.0,2.0396,2.3766,11,11,-9.405747,reduction,MATERIALS,116
CHILTON INVESTMENT COMPANY INC.,Weatherford International plc,WFTIQ,2009-09-30,SH,3621600.0,75076000.0,3740150.0,73157000.0,1.9995,2.3894,12,10,-3.169659,reduction,ENERGY,2531
CHILTON INVESTMENT COMPANY INC.,Range Resources Corp.,RRC,2009-09-30,SH,1505745.0,74324000.0,1477250.0,61173000.0,1.9795,1.998,13,13,1.928922,addition,ENERGY,3656
CHILTON INVESTMENT COMPANY INC.,Mastercard Inc,MA,2009-09-30,SH,3223270.0,65158000.0,3078710.0,51510000.0,1.7354,1.6824,14,14,4.695473,addition,FINANCE,4044
CHILTON INVESTMENT COMPANY INC.,BTC iShares Silver Trust,SLV,2009-09-30,SH,3839987.0,62899000.0,3767320.0,50407000.0,1.6752,1.6464,15,15,1.928878,addition,FINANCE,5927
CHILTON INVESTMENT COMPANY INC.,Patriot Coal Corp,PCXCQ,2009-09-30,SH,5294151.0,62259000.0,5193965.0,33137000.0,1.6582,1.0823,16,29,1.928892,addition,ENERGY,3452
CHILTON INVESTMENT COMPANY INC.,Electronic Arts Inc.,EA,2009-09-30,SH,3238500.0,61693000.0,1196300.0,25984000.0,1.6431,0.8487,17,43,170.709688,addition,INFORMATION TECHNOLOGY,1017
CHILTON INVESTMENT COMPANY INC.,Vivus Inc,VVUS,2009-09-30,SH,570996.9,59669000.0,406630.0,24723000.0,1.5892,0.8075,18,45,40.421735,addition,HEALTH CARE,7680
CHILTON INVESTMENT COMPANY INC.,Coterra Energy Inc,CTRA,2009-09-30,SH,6631688.0,59271000.0,6542532.0,50116000.0,1.5786,1.6369,19,16,1.362714,addition,ENERGY,2765
CHILTON INVESTMENT COMPANY INC.,Agrium Inc. - Merged with Potash,AGU,2009-09-30,SH,1111942.0,55364000.0,590900.0,23571000.0,1.4745,0.7699,20,46,88.177695,addition,MATERIALS,11418
CHILTON INVESTMENT COMPANY INC.,Barrick Gold Corp,GOLD,2009-09-30,SH,1266519.0,48001000.0,899175.0,30167000.0,1.2784,0.9853,21,34,40.853449,addition,MATERIALS,11423
CHILTON INVESTMENT COMPANY INC.,Iamgold Corp,IAG,2009-09-30,SH,3326959.0,47043000.0,0.0,0.0,1.2529,,22,999999,,new,MATERIALS,117
CHILTON INVESTMENT COMPANY INC.,EOG Resources Inc,EOG,2009-09-30,SH,1115820.0,46591000.0,1094704.0,37176000.0,1.2409,1.2142,23,24,1.928923,addition,ENERGY,4870
CHILTON INVESTMENT COMPANY INC.,CNX Gas Corp.,CXG,2009-09-30,SH,1510971.0,46387000.0,1482378.0,38942000.0,1.2354,1.2719,24,23,1.92886,addition,ENERGY,5258
CHILTON INVESTMENT COMPANY INC.,Hollywood Casino Corp. Class A,HWD,2009-09-30,SH,5335067.0,45084000.0,5071879.0,30247000.0,1.2007,0.9879,25,33,5.189162,addition,CONSUMER DISCRETIONARY,5539
CHILTON INVESTMENT COMPANY INC.,Nabors Industries Ltd.,NBR,2009-09-30,SH,42880.0,44810000.0,0.0,0.0,1.1934,,26,999999,,new,ENERGY,4046
CHILTON INVESTMENT COMPANY INC.,CNX Resources Corporation,CNX,2009-09-30,SH,979944.0,44205000.0,961400.0,32649000.0,1.1773,1.0664,27,32,1.928854,addition,ENERGY,1030
CHILTON INVESTMENT COMPANY INC.,Republic Services Inc.,RSG,2009-09-30,SH,1660000.0,44106000.0,1865000.0,45525000.0,1.1747,1.4869,28,17,-10.991957,reduction,INDUSTRIALS,5160
CHILTON INVESTMENT COMPANY INC.,ALPHA NATURAL RESOURCES INC.,ANRZQ,2009-09-30,SH,1240000.0,43524000.0,1351369.0,35500000.0,1.1592,1.1595,29,26,-8.241198,reduction,ENERGY,2763
CHILTON INVESTMENT COMPANY INC.,McDonalds Corp.,MCD,2009-09-30,SH,751000.0,42860000.0,700000.0,40243000.0,1.1415,1.3144,30,19,7.285714,addition,CONSUMER DISCRETIONARY,250
CHILTON INVESTMENT COMPANY INC.,Wheaton Precious Metals Corp,WPM,2009-09-30,SH,3312000.0,42046000.0,3420950.0,28439000.0,1.1198,0.9289,31,37,-3.184788,reduction,MATERIALS,5935
CHILTON INVESTMENT COMPANY INC.,Coca Cola Co.,KO,2009-09-30,SH,1530000.0,41081000.0,1530000.0,36712000.0,1.0941,1.1991,32,25,0.0,,CONSUMER STAPLES,386
CHILTON INVESTMENT COMPANY INC.,Teck Resources Ltd,TECK,2009-09-30,SH,1477969.0,40748000.0,0.0,0.0,1.0852,,33,999999,,new,MATERIALS,5572
CHILTON INVESTMENT COMPANY INC.,Mondelez International Inc. (Kraft Foods),MDLZ,2009-09-30,SH,1503000.0,39484000.0,0.0,0.0,1.0516,,34,999999,,new,CONSUMER STAPLES,3785
CHILTON INVESTMENT COMPANY INC.,Interline Brands Inc,IBI,2009-09-30,SH,2257261.0,38035000.0,2513376.0,34383000.0,1.013,1.123,35,28,-10.190079,reduction,INDUSTRIALS,6168
CHILTON INVESTMENT COMPANY INC.,Oracle Corp,ORCL,2009-09-30,SH,1754301.0,36560000.0,0.0,0.0,0.9737,,36,999999,,new,INFORMATION TECHNOLOGY,20
CHILTON INVESTMENT COMPANY INC.,Entegris Inc.,ENTG,2009-09-30,SH,7316555.0,36217000.0,6591555.0,17929000.0,0.9646,0.5856,37,58,10.998922,addition,INFORMATION TECHNOLOGY,3717
CHILTON INVESTMENT COMPANY INC.,Cisco Systems Inc.,CSCO,2009-09-30,SH,1525609.0,35913000.0,1601700.0,29856000.0,0.9565,0.9751,38,35,-4.75064,reduction,INFORMATION TECHNOLOGY,215
CHILTON INVESTMENT COMPANY INC.,FedEx Corporation,FDX,2009-09-30,SH,440425.0,33129000.0,479000.0,26642000.0,0.8823,0.8702,39,42,-8.053236,reduction,TRANSPORTS,485
CHILTON INVESTMENT COMPANY INC.,Brightpoint Inc.,CELL,2009-09-30,SH,3748980.0,32804000.0,0.0,0.0,0.8737,,40,999999,,new,INFORMATION TECHNOLOGY,5682
CHILTON INVESTMENT COMPANY INC.,Petrohawk Energy Corp,HK,2009-09-30,SH,1343936.0,32537000.0,1468504.0,32748000.0,0.8666,1.0696,41,31,-8.482646,reduction,ENERGY,574
CHILTON INVESTMENT COMPANY INC.,SSR Mining,SSRM,2009-09-30,SH,1515686.0,32375000.0,1487003.0,27881000.0,0.8622,0.9106,42,38,1.928913,addition,MATERIALS,5569
CHILTON INVESTMENT COMPANY INC.,Cleveland-Cliffs Inc,CLF,2009-09-30,SH,988000.0,31972000.0,702100.0,17180000.0,0.8515,0.5611,43,59,40.720695,addition,MATERIALS,768
CHILTON INVESTMENT COMPANY INC.,Broadcom Ltd. (Avago Technologies),AVGO,2009-09-30,SH,1864525.0,31827000.0,0.0,0.0,0.8477,,44,999999,,new,INFORMATION TECHNOLOGY,81122
CHILTON INVESTMENT COMPANY INC.,QUICKSILVER RESOURCES INC,KWKAQ,2009-09-30,SH,1990109.0,28240000.0,1952448.0,18138000.0,0.7521,0.5924,45,56,1.928912,addition,ENERGY,5156
CHILTON INVESTMENT COMPANY INC.,Helmerich & Payne Inc.,HP,2009-09-30,SH,690415.0,27292000.0,677350.0,20910000.0,0.7269,0.6829,46,51,1.92884,addition,ENERGY,5001
CHILTON INVESTMENT COMPANY INC.,Seahawk Drilling,HAWKQ,2009-09-30,SH,857726.0,26667000.0,0.0,0.0,0.7102,,47,999999,,new,ENERGY,82986
CHILTON INVESTMENT COMPANY INC.,Kinross Gold Corp. ADR,KGC,2009-09-30,SH,1203627.0,26119000.0,1202542.0,21826000.0,0.6956,0.7129,48,50,0.090226,addition,MATERIALS,674
CHILTON INVESTMENT COMPANY INC.,Destination XL Group Inc.,DXLG,2009-09-30,SH,7539456.0,25936000.0,7559456.0,16555000.0,0.6908,0.5407,49,61,-0.264569,reduction,CONSUMER DISCRETIONARY,988
CHILTON INVESTMENT COMPANY INC.,Blackberry Ltd,BB,2009-09-30,SH,381500.0,25770000.0,495000.0,35170000.0,0.6863,1.1487,50,27,-22.929293,reduction,INFORMATION TECHNOLOGY,21
CHILTON INVESTMENT COMPANY INC.,Deere & Co.,DE,2009-09-30,SH,600000.0,25752000.0,0.0,0.0,0.6859,,51,999999,,new,INDUSTRIALS,222
CHILTON INVESTMENT COMPANY INC.,Dress Barn Inc.,DBRN,2009-09-30,SH,1430980.0,25657000.0,0.0,0.0,0.6833,,52,999999,,new, ,640
CHILTON INVESTMENT COMPANY INC.,Concho Resources Inc,CXO,2009-09-30,SH,670600.0,24356000.0,692550.0,19869000.0,0.6487,0.6489,53,53,-3.169446,reduction,ENERGY,6018
CHILTON INVESTMENT COMPANY INC.,National Instruments Corp,NATI,2009-09-30,SH,1254309.0,23104000.0,1333809.0,20060000.0,0.6153,0.6552,54,52,-5.960374,reduction,INFORMATION TECHNOLOGY,5139
CHILTON INVESTMENT COMPANY INC.,Advantage Oil & Gas Ltd,AAVVF,2009-09-30,SH,3261034.0,23060000.0,2755000.0,11617000.0,0.6142,0.3794,55,69,18.36784,addition,ENERGY,5346
CHILTON INVESTMENT COMPANY INC.,Berkeley (W.R.) Corp.,WRB,2009-09-30,SH,2025000.0,22752000.0,1017675.0,9711000.0,0.606,0.3172,56,80,98.982976,addition,FINANCE,543
CHILTON INVESTMENT COMPANY INC.,Cogent Communications Group Inc,CCOI,2009-09-30,SH,1962783.0,22179000.0,3599604.0,29337000.0,0.5907,0.9582,57,36,-45.472252,reduction,COMMUNICATIONS,6333
CHILTON INVESTMENT COMPANY INC.,Raytheon Technologies Corp. (United Technologies),RTX,2009-09-30,SH,558374.6,21411000.0,0.0,0.0,0.5702,,58,999999,,new,INDUSTRIALS,285
CHILTON INVESTMENT COMPANY INC.,Marvell Technology Group Ltd,MRVL,2009-09-30,SH,1317449.0,21329000.0,857099.0,9977000.0,0.5681,0.3259,59,78,53.710248,addition,INFORMATION TECHNOLOGY,3999
CHILTON INVESTMENT COMPANY INC.,Popeyes Louisiana Kitchen Inc.,PLKI,2009-09-30,SH,2493678.0,20997000.0,2493678.0,16832000.0,0.5592,0.5498,60,60,0.0,,CONSUMER DISCRETIONARY,6078
CHILTON INVESTMENT COMPANY INC.,Berkshire Hathaway Inc Class A,BRK.A,2009-09-30,SH,200.0,20200000.0,0.0,0.0,0.538,,61,999999,,new,FINANCE,4161
CHILTON INVESTMENT COMPANY INC.,LKQ Corp,LKQ,2009-09-30,SH,2163022.0,20051000.0,2182422.0,17950000.0,0.534,0.5863,62,57,-0.888921,reduction,INDUSTRIALS,5610
CHILTON INVESTMENT COMPANY INC.,Wells Fargo & Co.  (Northwest Bancorporation),WFC,2009-09-30,SH,675000.0,19022000.0,435000.0,10553000.0,0.5066,0.3447,63,73,55.172414,addition,FINANCE,309
CHILTON INVESTMENT COMPANY INC.,Baytex Energy Corp,BTEGF,2009-09-30,SH,816298.0,17996000.0,800850.0,13501000.0,0.4793,0.441,64,63,1.92895,addition,ENERGY,6978
CHILTON INVESTMENT COMPANY INC.,Sothebys Holdings Inc.,BID,2009-09-30,SH,1018000.0,17540000.0,125000.0,1764000.0,0.4671,0.0576,65,124,714.4,addition,CONSUMER DISCRETIONARY,11400
CHILTON INVESTMENT COMPANY INC.,FLIR Systems Inc,FLIR,2009-09-30,SH,624000.0,17453000.0,0.0,0.0,0.4648,,66,999999,,new,INFORMATION TECHNOLOGY,3530
CHILTON INVESTMENT COMPANY INC.,VISA Inc,V,2009-09-30,SH,960000.0,16586000.0,1758400.0,27369000.0,0.4417,0.8939,67,39,-45.404914,reduction,FINANCE,45920
CHILTON INVESTMENT COMPANY INC.,Canadian Natural Resources Ltd,CNQ,2009-09-30,SH,499677.4,16441000.0,516060.37,13265000.0,0.4379,0.4333,68,64,-3.174623,reduction,ENERGY,106
CHILTON INVESTMENT COMPANY INC.,Pan American Silver Corp,PAAS,2009-09-30,SH,713278.0,16263000.0,699780.0,12827000.0,0.4331,0.4189,69,66,1.928892,addition,MATERIALS,181
CHILTON INVESTMENT COMPANY INC.,Motorola Solutions Inc,MSI,2009-09-30,SH,250075.0,15033000.0,0.0,0.0,0.4004,,70,999999,,new,INFORMATION TECHNOLOGY,433
CHILTON INVESTMENT COMPANY INC.,Procter & Gamble Co. (OH) (1905),PG,2009-09-30,SH,250000.0,14480000.0,0.0,0.0,0.3856,,71,999999,,new,CONSUMER STAPLES,272
CHILTON INVESTMENT COMPANY INC.,iShares MSCI Australia ETF-,EWA,2009-09-30,SH,631370.0,14269000.0,664600.0,11165000.0,0.38,0.3647,72,71,-5.0,reduction,FINANCE,7253
CHILTON INVESTMENT COMPANY INC.,Agilent Technologies Inc,A,2009-09-30,SH,500000.0,13915000.0,0.0,0.0,0.3706,,73,999999,,new,INFORMATION TECHNOLOGY,4847
CHILTON INVESTMENT COMPANY INC.,American Eagle Outfitters Inc,AEO,2009-09-30,SH,807863.0,13621000.0,604181.0,8561000.0,0.3628,0.2796,74,83,33.712083,addition,CONSUMER DISCRETIONARY,749
CHILTON INVESTMENT COMPANY INC.,HighPoint Resources Corp,HPR,2009-09-30,SH,415200.0,13614000.0,428735.0,11773000.0,0.3626,0.3845,75,68,-3.156962,reduction,ENERGY,5054
CHILTON INVESTMENT COMPANY INC.,V.F. Corp. (Vanity Fair Mills Inc.),VFC,2009-09-30,SH,794376.0,13544000.0,0.0,0.0,0.3607,,76,999999,,new,CONSUMER DISCRETIONARY,3730
CHILTON INVESTMENT COMPANY INC.,Blackberry Ltd,BB,2009-09-30,CALL,200000.0,13510000.0,0.0,0.0,0.3598,,77,999999,,new,INFORMATION TECHNOLOGY,21
CHILTON INVESTMENT COMPANY INC.,eBay Inc.,EBAY,2009-09-30,SH,500000.0,11805000.0,300000.0,5139000.0,0.3144,0.1678,78,95,66.666667,addition,CONSUMER DISCRETIONARY,399
CHILTON INVESTMENT COMPANY INC.,Baidu Inc ADR,BIDU,2009-09-30,SH,301640.0,11796000.0,135160.0,4070000.0,0.3142,0.1329,79,103,123.172536,addition,COMMUNICATIONS,4807
CHILTON INVESTMENT COMPANY INC.,PSS World Medical Inc.,PSSI,2009-09-30,SH,537225.0,11728000.0,619500.0,11467000.0,0.3124,0.3745,80,70,-13.280872,reduction,HEALTH CARE,6216
CHILTON INVESTMENT COMPANY INC.,Brigham Exploration Co,BEXP,2009-09-30,SH,1223000.0,11105000.0,1500000.0,5235000.0,0.2958,0.171,81,94,-18.466667,reduction,ENERGY,5377
CHILTON INVESTMENT COMPANY INC.,Lindsay Corp,LNN,2009-09-30,SH,278900.0,10983000.0,288000.0,9533000.0,0.2925,0.3114,82,81,-3.159722,reduction,INDUSTRIALS,5609
CHILTON INVESTMENT COMPANY INC.,Superior Well Services Inc,SWSI,2009-09-30,SH,1025405.0,9926000.0,1006000.0,5986000.0,0.2644,0.1955,83,90,1.928926,addition,ENERGY,2820
CHILTON INVESTMENT COMPANY INC.,Applied Micro Circuits Inc.,AMCC,2009-09-30,SH,956338.0,9554000.0,2391125.0,19440000.0,0.2545,0.6349,84,54,-60.004684,reduction,INFORMATION TECHNOLOGY,5671
CHILTON INVESTMENT COMPANY INC.,DUOYUAN GLOBAL WTR INC SPON ADR,DGWIY,2009-09-30,SH,286055.0,9526000.0,0.0,0.0,0.2537,,85,999999,,new,INDUSTRIALS,79278
CHILTON INVESTMENT COMPANY INC.,NIKE Inc.,NKE,2009-09-30,SH,575264.0,9305000.0,778000.0,10071000.0,0.2478,0.3289,86,77,-26.058612,reduction,CONSUMER DISCRETIONARY,4000
CHILTON INVESTMENT COMPANY INC.,Diageo Plc ADR,DEO,2009-09-30,SH,150000.0,9224000.0,0.0,0.0,0.2457,,87,999999,,new,CONSUMER STAPLES,4107
CHILTON INVESTMENT COMPANY INC.,Cousins Properties Inc.,CUZ,2009-09-30,SH,371962.15,8694000.0,177125.0,4250000.0,0.2315,0.1388,88,100,109.999802,addition,REAL ESTATE,2550
CHILTON INVESTMENT COMPANY INC.,THOMPSON CREEK METALS CO INC ORD SHS,TCPTF,2009-09-30,SH,1427400.0,8614000.0,1944000.0,9934000.0,0.2294,0.3245,89,79,-26.574074,reduction,MATERIALS,5573
CHILTON INVESTMENT COMPANY INC.,Alcon Inc.,ACL,2009-09-30,SH,60000.0,8320000.0,358700.0,41652000.0,0.2216,1.3604,90,18,-83.27293,reduction,HEALTH CARE,11328
CHILTON INVESTMENT COMPANY INC.,ATMEL CORP;COM USD0.001,ATML,2009-09-30,SH,1980999.0,8300000.0,1980999.0,7389000.0,0.2211,0.2413,91,85,0.0,,INFORMATION TECHNOLOGY,5051
CHILTON INVESTMENT COMPANY INC.,Eagle Materials Inc.,EXP,2009-09-30,SH,290000.0,8288000.0,350000.0,8834000.0,0.2207,0.2885,92,82,-17.142857,reduction,MATERIALS,2704
CHILTON INVESTMENT COMPANY INC.,Super Micro Computer Inc,SMCI,2009-09-30,SH,955371.0,8082000.0,983484.0,7533000.0,0.2152,0.246,93,84,-2.858511,reduction,INFORMATION TECHNOLOGY,7611
CHILTON INVESTMENT COMPANY INC.,Monster Worldwide Inc.,MWW,2009-09-30,SH,460960.0,8058000.0,911759.0,10768000.0,0.2146,0.3517,94,72,-49.44278,reduction,INDUSTRIALS,69335
CHILTON INVESTMENT COMPANY INC.,GLOBE SPECIALTY METALS INC COM STK,11G.OLD:FWB2,2009-09-30,SH,862000.0,7775000.0,0.0,0.0,0.2071,,95,999999,,new,MATERIALS,79437
CHILTON INVESTMENT COMPANY INC.,Microsoft Corp.,MSFT,2009-09-30,SH,300000.0,7767000.0,300000.0,7131000.0,0.2069,0.2329,96,86,0.0,,INFORMATION TECHNOLOGY,178
CHILTON INVESTMENT COMPANY INC.,Brocade Communications Systems Inc,BRCD,2009-09-30,SH,876100.0,6886000.0,815000.0,6373000.0,0.1834,0.2082,97,87,7.496933,addition,INFORMATION TECHNOLOGY,4196
CHILTON INVESTMENT COMPANY INC.,Sonic Corp.,SONC,2009-09-30,SH,571000.0,6315000.0,1451400.0,14558000.0,0.1682,0.4755,98,62,-60.658674,reduction,CONSUMER DISCRETIONARY,715
CHILTON INVESTMENT COMPANY INC.,iShares MSCI Canada ETF-,EWC,2009-09-30,SH,246050.0,6269000.0,259000.0,5548000.0,0.167,0.1812,99,92,-5.0,reduction,FINANCE,7256
CHILTON INVESTMENT COMPANY INC.,Urstadt Biddle Properties Inc. Class A,UBA,2009-09-30,SH,407300.0,5943000.0,412300.0,5805000.0,0.1583,0.1896,100,91,-1.212709,reduction,REAL ESTATE,4393
CHILTON INVESTMENT COMPANY INC.,VeriSign Inc.,VRSN,2009-09-30,SH,247300.0,5859000.0,1247300.0,23050000.0,0.156,0.7528,101,47,-80.173174,reduction,COMMUNICATIONS,960
CHILTON INVESTMENT COMPANY INC.,Gymboree Corp.,GYMB,2009-09-30,SH,115000.0,5564000.0,716138.0,25409000.0,0.1482,0.8299,102,44,-83.941643,reduction,CONSUMER DISCRETIONARY,11462
CHILTON INVESTMENT COMPANY INC.,CareFusion Corp.,CFN,2009-09-30,SH,250000.0,5450000.0,0.0,0.0,0.1452,,103,999999,,new,HEALTH CARE,83036
CHILTON INVESTMENT COMPANY INC.,SSgA SPDR Gold Shares,GLD,2009-09-30,SH,53300.0,5269000.0,53300.0,4860000.0,0.1403,0.1587,104,98,0.0,,MATERIALS,3418
CHILTON INVESTMENT COMPANY INC.,New Oriental Education & Tech Group Inc ADR,EDU,2009-09-30,SH,2582400.0,5194000.0,3618200.0,6093000.0,0.1383,0.199,105,88,-28.627494,reduction,CONSUMER DISCRETIONARY,5470
CHILTON INVESTMENT COMPANY INC.,Platinum Group Metals Ltd,PLG,2009-09-30,SH,40071.0,5053000.0,40071.0,4138000.0,0.1346,0.1352,106,102,0.0,,MATERIALS,11994
CHILTON INVESTMENT COMPANY INC.,Mellanox Technologies Ltd,MLNX,2009-09-30,SH,298145.0,4887000.0,408045.0,4909000.0,0.1302,0.1603,107,96,-26.933304,reduction,INFORMATION TECHNOLOGY,4191
CHILTON INVESTMENT COMPANY INC.,Heartland Payment Systems Inc,HPY,2009-09-30,SH,327800.0,4756000.0,165000.0,1579000.0,0.1267,0.0516,108,127,98.666667,addition,INFORMATION TECHNOLOGY,3417
CHILTON INVESTMENT COMPANY INC.,Valassis Communications Inc.,VCI,2009-09-30,SH,252000.0,4506000.0,0.0,0.0,0.12,,109,999999,,new,CONSUMER DISCRETIONARY,3831
CHILTON INVESTMENT COMPANY INC.,CBIZ Inc,CBZ,2009-09-30,SH,603884.0,4505000.0,0.0,0.0,0.12,,110,999999,,new,INDUSTRIALS,7034
CHILTON INVESTMENT COMPANY INC.,Motorola Solutions Inc,MSI,2009-09-30,CALL,71450.0,4295000.0,0.0,0.0,0.1144,,111,999999,,new,INFORMATION TECHNOLOGY,433
CHILTON INVESTMENT COMPANY INC.,Lazard Inc.,LAZ,2009-09-30,SH,100130.0,4136000.0,105400.0,2837000.0,0.1102,0.0927,112,111,-5.0,reduction,FINANCE,6025
CHILTON INVESTMENT COMPANY INC.,XTO Energy Inc.,XTO,2009-09-30,SH,100000.0,4132000.0,0.0,0.0,0.11,,113,999999,,new,ENERGY,478
CHILTON INVESTMENT COMPANY INC.,PLX TECHNOLOGY INC,PLXT,2009-09-30,SH,1186410.0,3998000.0,1186410.0,4473000.0,0.1065,0.1461,114,99,0.0,,INFORMATION TECHNOLOGY,7451
CHILTON INVESTMENT COMPANY INC.,Choice Hotels International Inc.,CHH,2009-09-30,SH,124406.0,3864000.0,0.0,0.0,0.1029,,115,999999,,new,CONSUMER DISCRETIONARY,6112
CHILTON INVESTMENT COMPANY INC.,Mindray Medical International Ltd. Class A,MR,2009-09-30,SH,118322.0,3862000.0,0.0,0.0,0.1029,,116,999999,,new,HEALTH CARE,6861
CHILTON INVESTMENT COMPANY INC.,P M C SIERRA INC,PMCS,2009-09-30,SH,397744.0,3802000.0,414962.0,3303000.0,0.1013,0.1079,117,109,-4.149296,reduction,INFORMATION TECHNOLOGY,941
CHILTON INVESTMENT COMPANY INC.,InterContinental Hotels Group PLC,IHG,2009-09-30,SH,190295.69,3773000.0,249600.18,3949000.0,0.1005,0.129,118,105,-23.759795,reduction,CONSUMER DISCRETIONARY,5925
CHILTON INVESTMENT COMPANY INC.,Estee Lauder Companies Inc.,EL,2009-09-30,SH,200000.0,3708000.0,0.0,0.0,0.0988,,119,999999,,new,CONSUMER STAPLES,5031
CHILTON INVESTMENT COMPANY INC.,Goldman Sachs Group Inc,GS,2009-09-30,SH,20000.0,3687000.0,0.0,0.0,0.0982,,120,999999,,new,FINANCE,232
CHILTON INVESTMENT COMPANY INC.,RF MICRO DEVICES INC,RFMD,2009-09-30,SH,154187.75,3349000.0,675150.75,10154000.0,0.0892,0.3316,121,76,-77.162471,reduction,INFORMATION TECHNOLOGY,1000
CHILTON INVESTMENT COMPANY INC.,Kodiak Oil & Gas Corp.,KOG,2009-09-30,SH,1391592.0,3336000.0,1384653.0,1508000.0,0.0888,0.0493,122,129,0.501136,addition,ENERGY,120
CHILTON INVESTMENT COMPANY INC.,Hologic Inc.,HOLX,2009-09-30,SH,199023.0,3252000.0,199023.0,2832000.0,0.0866,0.0925,123,112,0.0,,HEALTH CARE,664
CHILTON INVESTMENT COMPANY INC.,Nevsun Resources Ltd,NSU,2009-09-30,SH,1511334.0,3092000.0,1486943.0,1766000.0,0.0823,0.0577,124,123,1.640345,addition,MATERIALS,5551
CHILTON INVESTMENT COMPANY INC.,HDFC Bank Ltd ADR,HDB,2009-09-30,SH,259920.0,3077000.0,259920.0,2681000.0,0.082,0.0876,125,113,0.0,,FINANCE,7974
CHILTON INVESTMENT COMPANY INC.,Meritor Inc. (Noblitt-Sparks Industries - Arvin Industries Inc.),MTOR,2009-09-30,SH,390000.0,3050000.0,0.0,0.0,0.0812,,126,999999,,new,CONSUMER DISCRETIONARY,2722
CHILTON INVESTMENT COMPANY INC.,Graco Inc.,GGG,2009-09-30,SH,325800.0,3027000.0,325800.0,2391000.0,0.0806,0.0781,127,114,0.0,,INDUSTRIALS,3719
CHILTON INVESTMENT COMPANY INC.,Techwell Inc,TWLL,2009-09-30,SH,273879.0,3007000.0,273879.0,2328000.0,0.0801,0.076,128,115,0.0,,INFORMATION TECHNOLOGY,973
CHILTON INVESTMENT COMPANY INC.,Compass Diversified Holdings,CODI,2009-09-30,SH,274578.0,2875000.0,274578.0,2221000.0,0.0766,0.0725,129,119,0.0,,FINANCE,7079
CHILTON INVESTMENT COMPANY INC.,Longtop Financial Technologies Ltd,LGFTY,2009-09-30,SH,87757.0,2498000.0,0.0,0.0,0.0665,,130,999999,,new,INFORMATION TECHNOLOGY,6026
CHILTON INVESTMENT COMPANY INC.,Stericycle Inc.,SRCL,2009-09-30,SH,50000.0,2423000.0,0.0,0.0,0.0645,,131,999999,,new,INDUSTRIALS,11335
CHILTON INVESTMENT COMPANY INC.,Citigroup Inc.,C,2009-09-30,SH,50000.0,2420000.0,0.0,0.0,0.0645,,132,999999,,new,FINANCE,216
CHILTON INVESTMENT COMPANY INC.,BlackRock Energy & Resources Trust,BGR,2009-09-30,SH,104500.0,2360000.0,110000.0,2130000.0,0.0629,0.0696,133,120,-5.0,reduction,MUTUAL FUND,6993
CHILTON INVESTMENT COMPANY INC.,Trip.com Group Ltd,TCOM,2009-09-30,SH,153752.0,2260000.0,342924.0,3969000.0,0.0602,0.1296,134,104,-55.16441,reduction,CONSUMER DISCRETIONARY,6019
CHILTON INVESTMENT COMPANY INC.,Vantage Drilling Co,VTGDF,2009-09-30,SH,1200000.0,2196000.0,1200000.0,2100000.0,0.0585,0.0686,135,121,0.0,,ENERGY,3892
CHILTON INVESTMENT COMPANY INC.,CHINDEX INTL INC,CHDX,2009-09-30,SH,170000.0,2139000.0,0.0,0.0,0.057,,136,999999,,new,HEALTH CARE,11458
CHILTON INVESTMENT COMPANY INC.,Genzyme Corp.,GENZ,2009-09-30,SH,37100.0,2105000.0,0.0,0.0,0.0561,,137,999999,,new,HEALTH CARE,4879
CHILTON INVESTMENT COMPANY INC.,BlackRock Real Asset Equity Trust,BCF,2009-09-30,SH,178600.0,2040000.0,188000.0,1675000.0,0.0543,0.0547,138,125,-5.0,reduction,FINANCE,7814
CHILTON INVESTMENT COMPANY INC.,ASE Technology Holding Co Ltd,ASX,2009-09-30,SH,476435.0,1968000.0,979935.0,2910000.0,0.0524,0.095,139,110,-51.380959,reduction,INFORMATION TECHNOLOGY,6302
CHILTON INVESTMENT COMPANY INC.,Vca Inc,WOOF,2009-09-30,SH,67825.0,1824000.0,20000.0,534000.0,0.0486,0.0174,140,139,239.125,addition,HEALTH CARE,5184
CHILTON INVESTMENT COMPANY INC.,China Security & Surveillance Technology Inc.,CSR,2009-09-30,SH,225045.0,1607000.0,212045.0,1599000.0,0.0428,0.0522,141,126,6.130774,addition,INDUSTRIALS,864
CHILTON INVESTMENT COMPANY INC.,MSC Industrial Direct Inc.,MSM,2009-09-30,SH,36000.0,1569000.0,36000.0,1277000.0,0.0418,0.0417,142,132,0.0,,INDUSTRIALS,5127
CHILTON INVESTMENT COMPANY INC.,Urstadt Biddle Properties Inc.,UBP,2009-09-30,SH,100000.0,1316000.0,100000.0,1328000.0,0.035,0.0434,143,130,0.0,,REAL ESTATE,5831
CHILTON INVESTMENT COMPANY INC.,NetEase Inc ADR,NTES,2009-09-30,SH,134410.0,1228000.0,0.0,0.0,0.0327,,144,999999,,new,COMMUNICATIONS,6030
CHILTON INVESTMENT COMPANY INC.,Advanced Analogic Technologies Inc,AATI,2009-09-30,SH,294308.0,1168000.0,284308.0,1305000.0,0.0311,0.0426,145,131,3.517312,addition,INFORMATION TECHNOLOGY,962
CHILTON INVESTMENT COMPANY INC.,Penwest Pharmaceuticals Co,PPCO,2009-09-30,SH,461000.0,963000.0,535000.0,1525000.0,0.0256,0.0498,146,128,-13.831776,reduction,HEALTH CARE,32
CHILTON INVESTMENT COMPANY INC.,Hugoton Royalty Trust,HGTXU,2009-09-30,SH,50000.0,896000.0,0.0,0.0,0.0239,,147,999999,,new,ENERGY,4165
CHILTON INVESTMENT COMPANY INC.,WSP Holdings Ltd,WSHLY,2009-09-30,SH,36240.2,852000.0,36162.4,1157000.0,0.0227,0.0378,148,134,0.215141,addition,ENERGY,9957
CHILTON INVESTMENT COMPANY INC.,Kubota Corp. ADR,KUBTY,2009-09-30,SH,20000.0,828000.0,0.0,0.0,0.0221,,149,999999,,new,INDUSTRIALS,8033
CHILTON INVESTMENT COMPANY INC.,Donaldson Company Inc.,DCI,2009-09-30,SH,40600.0,703000.0,0.0,0.0,0.0187,,150,999999,,new,INDUSTRIALS,5076
CHILTON INVESTMENT COMPANY INC.,Robert Half International Inc.,RHI,2009-09-30,SH,26500.0,663000.0,0.0,0.0,0.0177,,151,999999,,new,INDUSTRIALS,815
CHILTON INVESTMENT COMPANY INC.,CLARCOR Inc.,CLC,2009-09-30,SH,18200.0,571000.0,18200.0,531000.0,0.0152,0.0173,152,140,0.0,,INDUSTRIALS,6017
CHILTON INVESTMENT COMPANY INC.,QUALCOMM Inc.,QCOM,2009-09-30,SH,11638.0,523000.0,597638.0,27013000.0,0.0139,0.8823,153,40,-98.052667,reduction,INFORMATION TECHNOLOGY,273
CHILTON INVESTMENT COMPANY INC.,LCA-Vision Inc.,LCAV,2009-09-30,SH,74435.0,522000.0,0.0,0.0,0.0139,,154,999999,,new,HEALTH CARE,5747
CHILTON INVESTMENT COMPANY INC.,Remark Holdings Inc,MARK,2009-09-30,SH,75859.4,361000.0,75859.4,176000.0,0.0096,0.0057,155,142,0.0,,INFORMATION TECHNOLOGY,7225
CHILTON INVESTMENT COMPANY INC.,ARM Holdings Plc ADR,ARMH,2009-09-30,SH,35166.0,246000.0,60166.0,359000.0,0.0066,0.0117,156,141,-41.551707,reduction,INFORMATION TECHNOLOGY,60046
CHILTON INVESTMENT COMPANY INC.,Apple Inc,AAPL,2009-09-30,SH,0.0,0.0,4393816.0,22350000.0,,0.73,999999,48,-100.0,soldall,INFORMATION TECHNOLOGY,195
CHILTON INVESTMENT COMPANY INC.,Bank of America Corp. (North Carolina National Bank),BAC,2009-09-30,SH,0.0,0.0,1000000.0,13200000.0,,0.4311,999999,65,-100.0,soldall,FINANCE,205
CHILTON INVESTMENT COMPANY INC.,JPMorgan Chase & Co. (Chemical Bank),JPM,2009-09-30,SH,0.0,0.0,967100.0,32988000.0,,1.0774,999999,30,-100.0,soldall,FINANCE,240
CHILTON INVESTMENT COMPANY INC.,Walgreens Boots Alliance Inc.,WBA,2009-09-30,SH,0.0,0.0,1350000.0,39690000.0,,1.2963,999999,21,-100.0,soldall,CONSUMER STAPLES,308
CHILTON INVESTMENT COMPANY INC.,Walmart Inc,WMT,2009-09-30,SH,0.0,0.0,2460000.0,39721000.0,,1.2973,999999,20,-100.0,soldall,CONSUMER STAPLES,345
CHILTON INVESTMENT COMPANY INC.,Brinker International Inc.,EAT,2009-09-30,SH,0.0,0.0,1104490.0,18809000.0,,0.6143,999999,55,-100.0,soldall,CONSUMER DISCRETIONARY,617
CHILTON INVESTMENT COMPANY INC.,MIPS Technologies Inc.,MIPS,2009-09-30,SH,0.0,0.0,323113.0,969000.0,,0.0316,999999,136,-100.0,soldall,INFORMATION TECHNOLOGY,1021
CHILTON INVESTMENT COMPANY INC.,Burlington Northern Santa Fe Corp.,BNI,2009-09-30,SH,0.0,0.0,297000.0,21841000.0,,0.7134,999999,49,-100.0,soldall,TRANSPORTS,1052
CHILTON INVESTMENT COMPANY INC.,Fannie Mae (Federal National Mortgage Association),FNMA,2009-09-30,SH,0.0,0.0,1508207.0,875000.0,,0.0286,999999,137,-100.0,soldall,FINANCE,2513
CHILTON INVESTMENT COMPANY INC.,TransDigm Group Inc,TDG,2009-09-30,SH,0.0,0.0,29500.0,1068000.0,,0.0349,999999,135,-100.0,soldall,INDUSTRIALS,2714
CHILTON INVESTMENT COMPANY INC.,Charming Shoppes Inc.,CHRS,2009-09-30,SH,0.0,0.0,599231.0,2229000.0,,0.0728,999999,117,-100.0,soldall,CONSUMER DISCRETIONARY,2731
CHILTON INVESTMENT COMPANY INC.,Nucor Corp. (Nuclear Corp. of America),NUE,2009-09-30,SH,0.0,0.0,50000.0,2222000.0,,0.0726,999999,118,-100.0,soldall,MATERIALS,2750
CHILTON INVESTMENT COMPANY INC.,Ryland Group Inc.,RYL,2009-09-30,SH,0.0,0.0,250000.0,4190000.0,,0.1369,999999,101,-100.0,soldall,CONSUMER DISCRETIONARY,3503
CHILTON INVESTMENT COMPANY INC.,Energy Conversion Devices Corp.,ENERQ,2009-09-30,SH,0.0,0.0,240500.0,3403000.0,,0.1111,999999,108,-100.0,soldall,INFORMATION TECHNOLOGY,4028
CHILTON INVESTMENT COMPANY INC.,Fossil Group Inc.,FOSL,2009-09-30,SH,0.0,0.0,505000.0,12160000.0,,0.3972,999999,67,-100.0,soldall,CONSUMER DISCRETIONARY,4033
CHILTON INVESTMENT COMPANY INC.,Alphabet Inc. Class A,GOOGL,2009-09-30,SH,0.0,0.0,500000.0,10540000.0,,0.3443,999999,74,-100.0,soldall,COMMUNICATIONS,4112
CHILTON INVESTMENT COMPANY INC.,Virtus Diversified Income & Convertible Fund,ACV,2009-09-30,SH,0.0,0.0,192000.0,4883000.0,,0.1595,999999,97,-100.0,soldall,MUTUAL FUND,4295
CHILTON INVESTMENT COMPANY INC.,HighPoint Resources Corp,HPR,2009-09-30,PRN,0.0,0.0,2500000.0,2239000.0,,0.0731,999999,116,-100.0,soldall,ENERGY,5054
CHILTON INVESTMENT COMPANY INC.,Brown-Forman Corp. Class B,BF.B,2009-09-30,SH,0.0,0.0,525000.0,6017000.0,,0.1965,999999,89,-100.0,soldall,CONSUMER STAPLES,5058
CHILTON INVESTMENT COMPANY INC.,Williams-Sonoma Inc.,WSM,2009-09-30,SH,0.0,0.0,165000.0,1959000.0,,0.064,999999,122,-100.0,soldall,CONSUMER DISCRETIONARY,5191
CHILTON INVESTMENT COMPANY INC.,AeroVironment Inc,AVAV,2009-09-30,SH,0.0,0.0,124096.0,3830000.0,,0.1251,999999,106,-100.0,soldall,INDUSTRIALS,6303
CHILTON INVESTMENT COMPANY INC.,PENN VIRGINIA CORP,PVAH,2009-09-30,SH,0.0,0.0,626400.0,10254000.0,,0.3349,999999,75,-100.0,soldall,ENERGY,6415
CHILTON INVESTMENT COMPANY INC.,Simpson Manufacturing Co. Inc.,SSD,2009-09-30,SH,0.0,0.0,27727.0,599000.0,,0.0196,999999,138,-100.0,soldall,INDUSTRIALS,6430
CHILTON INVESTMENT COMPANY INC.,iShares 20+ Year Treasury Bond ETF-iShares 20+ Year Treasury Bond ETF,TLT,2009-09-30,SH,0.0,0.0,283800.0,26839000.0,,0.8766,999999,41,-100.0,soldall,FINANCE,7266
CHILTON INVESTMENT COMPANY INC.,Sherwin-Williams Co.,SHW,2009-09-30,SH,0.0,0.0,300000.0,5375000.0,,0.1756,999999,93,-100.0,soldall,MATERIALS,11358
CHILTON INVESTMENT COMPANY INC.,Dine Brands Global Inc,DIN,2009-09-30,SH,0.0,0.0,1253500.0,39097000.0,,1.277,999999,22,-100.0,soldall,CONSUMER DISCRETIONARY,46044
CHILTON INVESTMENT COMPANY INC.,Solutia Inc.,SOA,2009-09-30,SH,0.0,0.0,600000.0,3456000.0,,0.1129,999999,107,-100.0,soldall,MATERIALS,57381
CHILTON INVESTMENT COMPANY INC.,Bridgepoint Education Inc,BPI,2009-09-30,SH,0.0,0.0,75000.0,1275000.0,,0.0416,999999,133,-100.0,soldall,CONSUMER DISCRETIONARY,76101
