Filer Name,Stock Name,Stock Ticker,Quarter Date,Type of Security,Current Shares Held,Current Market Value,Previous Shares Held,Previous Market Value,Current % of Portfolio,Previous % of Portfolio,Current Rank,Previous Rank,Change in Shares,Type of Change,Sector,stock_id
CHILTON INVESTMENT COMPANY INC.,PANTRY INC (THE),PTRY,2006-06-30,SH,4139530.0,238189000.0,4251132.0,265228000.0,6.3686,7.2257,1,1,-2.62523,reduction,CONSUMER STAPLES,2418
CHILTON INVESTMENT COMPANY INC.,KB Home Inc.,KBH,2006-06-30,SH,2995032.0,137322000.0,1385965.0,90060000.0,3.6717,2.4535,2,11,116.097232,addition,CONSUMER DISCRETIONARY,3623
CHILTON INVESTMENT COMPANY INC.,Advance Auto Parts Inc.,AAP,2006-06-30,SH,4094007.0,118317000.0,4477417.0,186440000.0,3.1635,5.0792,3,2,-8.563196,reduction,CONSUMER DISCRETIONARY,3562
CHILTON INVESTMENT COMPANY INC.,Berkeley (W.R.) Corp.,WRB,2006-06-30,SH,7679495.25,116489000.0,6754421.25,116196000.0,3.1147,3.1655,4,6,13.695829,addition,FINANCE,543
CHILTON INVESTMENT COMPANY INC.,MGM Resorts International Inc.,MGM,2006-06-30,SH,2804569.0,114426000.0,3386586.0,145928000.0,3.0595,3.9755,5,3,-17.185951,reduction,CONSUMER DISCRETIONARY,254
CHILTON INVESTMENT COMPANY INC.,Suncor Energy Inc.,SU,2006-06-30,SH,2760948.0,111832000.0,2262684.0,87136000.0,2.9901,2.3739,6,14,22.020927,addition,ENERGY,127
CHILTON INVESTMENT COMPANY INC.,Fidelity National Financial Inc,FNF,2006-06-30,SH,8021789.26,109545000.0,3169297.72,50101000.0,2.929,1.3649,7,25,153.109363,addition,FINANCE,4333
CHILTON INVESTMENT COMPANY INC.,Electronic Arts Inc.,EA,2006-06-30,SH,2531950.0,108975000.0,1604054.0,87774000.0,2.9137,2.3912,8,13,57.84693,addition,INFORMATION TECHNOLOGY,1017
CHILTON INVESTMENT COMPANY INC.,Federated Department Stores Inc,fds,2006-06-30,SH,2754936.0,100831000.0,1219006.0,88987000.0,2.696,2.4243,9,12,125.998559,addition, ,107150
CHILTON INVESTMENT COMPANY INC.,Southwestern Energy Co.,SWN,2006-06-30,SH,6420616.0,100033000.0,6302322.0,101436000.0,2.6747,2.7634,10,7,1.876991,addition,ENERGY,3900
CHILTON INVESTMENT COMPANY INC.,Fidelity National Financial Inc.,FNF-DEL1,2006-06-30,SH,2502452.0,97471000.0,2685524.0,95417000.0,2.6062,2.5995,11,8,-6.816994,reduction, ,107142
CHILTON INVESTMENT COMPANY INC.,Nutrien Ltd,NTR,2006-06-30,SH,966511.0,83091000.0,184834.0,16282000.0,2.2217,0.4436,12,52,422.907582,addition,MATERIALS,267
CHILTON INVESTMENT COMPANY INC.,Home Depot Inc. (The),HD,2006-06-30,SH,2279432.0,81581000.0,3109999.0,131553000.0,2.1813,3.5839,13,4,-26.706343,reduction,CONSUMER DISCRETIONARY,354
CHILTON INVESTMENT COMPANY INC.,Nexen Inc,NXY,2006-06-30,SH,2599570.0,73490000.0,944324.0,25025000.0,1.965,0.6818,14,35,175.283695,addition,ENERGY,5553
CHILTON INVESTMENT COMPANY INC.,Destination XL Group Inc.,DXLG,2006-06-30,SH,7253559.0,72898000.0,4399080.0,42847000.0,1.9491,1.1673,15,27,64.88809,addition,CONSUMER DISCRETIONARY,988
CHILTON INVESTMENT COMPANY INC.,Deltic Timber Corp.,DEL,2006-06-30,SH,1193055.0,67253000.0,1567906.0,95015000.0,1.7982,2.5885,16,9,-23.907747,reduction,MATERIALS,5265
CHILTON INVESTMENT COMPANY INC.,TD Ameritrade Holding Corp Class A,AMTD,2006-06-30,SH,4179672.0,61901000.0,511990.0,10685000.0,1.6551,0.2911,17,69,716.358132,addition,FINANCE,2821
CHILTON INVESTMENT COMPANY INC.,Omnicare Inc.,OCR,2006-06-30,SH,1286028.0,60983000.0,1711910.0,94138000.0,1.6305,2.5646,18,10,-24.877593,reduction,HEALTH CARE,2424
CHILTON INVESTMENT COMPANY INC.,Wendys International Inc.,WEN,2006-06-30,SH,996648.0,58095000.0,200000.0,12412000.0,1.5533,0.3381,19,61,398.324,addition,CONSUMER DISCRETIONARY,170136
CHILTON INVESTMENT COMPANY INC.,Florida Rock Industries,FRK,2006-06-30,SH,1143746.0,56810000.0,0.0,0.0,1.519,,20,999999,,new,MATERIALS,97349
CHILTON INVESTMENT COMPANY INC.,Popeyes Louisiana Kitchen Inc.,PLKI,2006-06-30,SH,4413108.0,56267000.0,3949365.0,54896000.0,1.5045,1.4955,21,21,11.742217,addition,CONSUMER DISCRETIONARY,6078
CHILTON INVESTMENT COMPANY INC.,America Movil S.A.B.DE C.V.,AMX,2006-06-30,SH,3156068.0,52485000.0,456456.0,7819000.0,1.4033,0.213,22,81,591.428747,addition,UTILITIES AND TELECOMMUNICATIONS,3509
CHILTON INVESTMENT COMPANY INC.,DATA STORAGE CONSULTING SERV INC,DTAS,2006-06-30,SH,4216523.0,48996000.0,3524607.0,50754000.0,1.31,1.3827,23,24,19.631011,addition,INFORMATION TECHNOLOGY,88603
CHILTON INVESTMENT COMPANY INC.,Dade Behring Holdings Inc,DADE,2006-06-30,SH,1157198.0,48186000.0,775903.0,27707000.0,1.2884,0.7548,24,33,49.142096,addition,HEALTH CARE,97363
CHILTON INVESTMENT COMPANY INC.,Kansas City Southern Industries Inc.,KSU,2006-06-30,SH,1600000.0,44320000.0,0.0,0.0,1.185,,25,999999,,new,TRANSPORTS,4957
CHILTON INVESTMENT COMPANY INC.,Glamis Gold Ltd,GLG,2006-06-30,SH,1110808.0,42055000.0,550210.0,17981000.0,1.1245,0.4899,26,47,101.888006,addition,MATERIALS,107175
CHILTON INVESTMENT COMPANY INC.,Snyders-Lance Inc.,LNCE,2006-06-30,SH,1701793.0,39175000.0,945349.0,21270000.0,1.0475,0.5795,27,41,80.017433,addition,CONSUMER STAPLES,7316
CHILTON INVESTMENT COMPANY INC.,Agrium Inc. - Merged with Potash,AGU,2006-06-30,SH,1657375.0,38484000.0,0.0,0.0,1.029,,28,999999,,new,MATERIALS,11418
CHILTON INVESTMENT COMPANY INC.,Freeport-McMoRan Copper & Gold Inc,FCX,2006-06-30,SH,1366050.0,37846000.0,482478.0,14419000.0,1.0119,0.3928,29,56,183.132081,addition,MATERIALS,652
CHILTON INVESTMENT COMPANY INC.,Cameco Corp.,CCJ,2006-06-30,SH,937313.0,37464000.0,665111.0,23944000.0,1.0017,0.6523,30,37,40.9258,addition,ENERGY,156
CHILTON INVESTMENT COMPANY INC.,Cypress Semiconductor Corp,CY,2006-06-30,SH,11517454.16,36189000.0,5721237.39,20956000.0,0.9676,0.5709,31,42,101.310545,addition,INFORMATION TECHNOLOGY,3714
CHILTON INVESTMENT COMPANY INC.,Hospira Inc.,HSP,2006-06-30,SH,825537.0,35449000.0,0.0,0.0,0.9478,,32,999999,,new,HEALTH CARE,1056
CHILTON INVESTMENT COMPANY INC.,Dine Brands Global Inc,DIN,2006-06-30,SH,730237.0,35110000.0,1670176.0,80068000.0,0.9388,2.1813,33,18,-56.277841,reduction,CONSUMER DISCRETIONARY,46044
CHILTON INVESTMENT COMPANY INC.,Toll Brothers Inc.,TOL,2006-06-30,SH,1246706.0,31878000.0,0.0,0.0,0.8523,,34,999999,,new,CONSUMER DISCRETIONARY,2528
CHILTON INVESTMENT COMPANY INC.,Interline Brands Inc,IBI,2006-06-30,SH,1113236.0,26027000.0,397112.0,10019000.0,0.6959,0.2729,35,72,180.333004,addition,INDUSTRIALS,6168
CHILTON INVESTMENT COMPANY INC.,Nov Inc,NOV,2006-06-30,SH,818374.0,25910000.0,2534804.0,81266000.0,0.6928,2.2139,36,17,-67.714506,reduction,ENERGY,17
CHILTON INVESTMENT COMPANY INC.,SunPower Corp,SPWR,2006-06-30,SH,1390099.87,25508000.0,998696.18,24958000.0,0.682,0.6799,37,36,39.191468,addition,INFORMATION TECHNOLOGY,68512
CHILTON INVESTMENT COMPANY INC.,Weatherford International plc,WFTIQ,2006-06-30,SH,1024408.0,25416000.0,663700.0,15182000.0,0.6796,0.4136,38,54,54.348049,addition,ENERGY,2531
CHILTON INVESTMENT COMPANY INC.,Cumulus Media Inc. Class A,CMLS,2006-06-30,SH,295049.0,25185000.0,1325055.5,119361000.0,0.6734,3.2518,39,5,-77.733084,reduction,COMMUNICATIONS,5943
CHILTON INVESTMENT COMPANY INC.,Mosaic Company (The),MOS,2006-06-30,SH,1576020.0,24665000.0,0.0,0.0,0.6595,,40,999999,,new,MATERIALS,11443
CHILTON INVESTMENT COMPANY INC.,Davita Inc.,DVA,2006-06-30,SH,987450.0,24538000.0,0.0,0.0,0.6561,,41,999999,,new,HEALTH CARE,3395
CHILTON INVESTMENT COMPANY INC.,ASE Test Ltd,ASTSF,2006-06-30,SH,2658961.0,24143000.0,2594991.0,23355000.0,0.6455,0.6363,42,38,2.465134,addition,INFORMATION TECHNOLOGY,6474
CHILTON INVESTMENT COMPANY INC.,SSgA SPDR Gold Shares,GLD,2006-06-30,SH,392289.0,24020000.0,57100.0,3318000.0,0.6422,0.0904,43,113,587.021016,addition,MATERIALS,3418
CHILTON INVESTMENT COMPANY INC.,Vivus Inc,VVUS,2006-06-30,SH,600477.9,23118000.0,352015.1,11722000.0,0.6181,0.3193,44,65,70.582995,addition,HEALTH CARE,7680
CHILTON INVESTMENT COMPANY INC.,Gold Fields Ltd ADR,GFI,2006-06-30,SH,1006911.0,23058000.0,2324596.0,51095000.0,0.6165,1.392,45,22,-56.684473,reduction,MATERIALS,5532
CHILTON INVESTMENT COMPANY INC.,ANADIGICS INC,ANAD,2006-06-30,SH,3409726.0,22913000.0,0.0,0.0,0.6126,,46,999999,,new,INFORMATION TECHNOLOGY,984
CHILTON INVESTMENT COMPANY INC.,Bunge Ltd. ADR,BG,2006-06-30,SH,438225.0,22021000.0,351659.0,19591000.0,0.5888,0.5337,47,45,24.616461,addition,CONSUMER STAPLES,1062
CHILTON INVESTMENT COMPANY INC.,St. Joe Corp,JOE,2006-06-30,SH,471055.0,21923000.0,0.0,0.0,0.5862,,48,999999,,new,REAL ESTATE,2602
CHILTON INVESTMENT COMPANY INC.,Weyerhaeuser Corp.,WY,2006-06-30,SH,349792.0,21775000.0,0.0,0.0,0.5822,,49,999999,,new,MATERIALS,515
CHILTON INVESTMENT COMPANY INC.,WEX Inc.,WEX,2006-06-30,SH,745405.0,21423000.0,926613.0,25991000.0,0.5728,0.7081,50,34,-19.555953,reduction,FINANCE,4072
CHILTON INVESTMENT COMPANY INC.,Midas Inc.,MDS,2006-06-30,SH,1131581.0,20821000.0,0.0,0.0,0.5567,,51,999999,,new,CONSUMER DISCRETIONARY,7355
CHILTON INVESTMENT COMPANY INC.,Agnico-Eagle Mines Ltd,AEM,2006-06-30,SH,603448.0,19962000.0,0.0,0.0,0.5337,,52,999999,,new,MATERIALS,5500
CHILTON INVESTMENT COMPANY INC.,GoldCorp Inc.,GG,2006-06-30,SH,644866.0,19488000.0,259322.0,7585000.0,0.5211,0.2066,53,85,148.673849,addition,MATERIALS,116
CHILTON INVESTMENT COMPANY INC.,FMC Gold Co.,MDG,2006-06-30,SH,589526.0,18676000.0,398593.0,11818000.0,0.4994,0.322,54,63,47.901744,addition,MATERIALS,97193
CHILTON INVESTMENT COMPANY INC.,Dow Jones & Co.,DJ,2006-06-30,SH,518496.0,18153000.0,1299791.0,51082000.0,0.4854,1.3916,55,23,-60.109279,reduction,CONSUMER DISCRETIONARY,12594
CHILTON INVESTMENT COMPANY INC.,Tim Hortons Inc. ADR,THI,2006-06-30,SH,694100.0,17873000.0,0.0,0.0,0.4779,,56,999999,,new,CONSUMER DISCRETIONARY,129
CHILTON INVESTMENT COMPANY INC.,Range Resources Corp.,RRC,2006-06-30,SH,636460.0,17305000.0,671082.0,18327000.0,0.4627,0.4993,57,46,-5.159131,reduction,ENERGY,3656
CHILTON INVESTMENT COMPANY INC.,AngloGold Ashanti Plc.,AU,2006-06-30,SH,355448.0,17104000.0,729239.0,39466000.0,0.4573,1.0752,58,29,-51.257681,reduction,MATERIALS,6810
CHILTON INVESTMENT COMPANY INC.,Ovintiv Inc. (Pan Canadian Energy - Encana Corp.),OVV,2006-06-30,SH,64490.0,16974000.0,27526.4,6432000.0,0.4538,0.1752,59,93,134.284178,addition,ENERGY,112
CHILTON INVESTMENT COMPANY INC.,Canadian Natural Resources Ltd,CNQ,2006-06-30,SH,622707.9,16888000.0,363592.39,9863000.0,0.4515,0.2687,60,73,71.265383,addition,ENERGY,106
CHILTON INVESTMENT COMPANY INC.,EOG Resources Inc,EOG,2006-06-30,SH,482712.0,16736000.0,625160.0,22506000.0,0.4475,0.6131,61,40,-22.785847,reduction,ENERGY,4870
CHILTON INVESTMENT COMPANY INC.,P.F. Changs China Bistro,PFCB,2006-06-30,SH,434736.0,16529000.0,135000.0,6654000.0,0.4419,0.1813,62,90,222.026667,addition,CONSUMER DISCRETIONARY,3882
CHILTON INVESTMENT COMPANY INC.,Berry Petroleum Class A (delisted 2013),BRY,2006-06-30,SH,480846.0,15940000.0,0.0,0.0,0.4262,,63,999999,,new,ENERGY,6317
CHILTON INVESTMENT COMPANY INC.,Smurfit-Stone Container Corp.,SSCCQ,2006-06-30,SH,1450818.0,15872000.0,0.0,0.0,0.4244,,64,999999,,new,MATERIALS,820
CHILTON INVESTMENT COMPANY INC.,Halliburton Co.,HAL,2006-06-30,SH,400908.0,14876000.0,446690.0,16309000.0,0.3978,0.4443,65,51,-10.249166,reduction,ENERGY,411
CHILTON INVESTMENT COMPANY INC.,Alcan Inc,AL,2006-06-30,SH,315185.0,14795000.0,0.0,0.0,0.3956,,66,999999,,new,MATERIALS,97416
CHILTON INVESTMENT COMPANY INC.,Companhia Vale de Rio Doce S.A. ADR,VALE,2006-06-30,SH,1212624.0,14576000.0,1299956.0,15772000.0,0.3897,0.4297,67,53,-6.718074,reduction,MATERIALS,78024
CHILTON INVESTMENT COMPANY INC.,Standard Microsystems,SMSC,2006-06-30,SH,660704.0,14423000.0,0.0,0.0,0.3856,,68,999999,,new,INFORMATION TECHNOLOGY,2786
CHILTON INVESTMENT COMPANY INC.,Monster Worldwide Inc.,MWW,2006-06-30,SH,313344.0,13367000.0,0.0,0.0,0.3574,,69,999999,,new,INDUSTRIALS,69335
CHILTON INVESTMENT COMPANY INC.,Entegris Inc.,ENTG,2006-06-30,SH,1400964.0,13351000.0,560398.0,5963000.0,0.357,0.1625,70,96,149.994468,addition,INFORMATION TECHNOLOGY,3717
CHILTON INVESTMENT COMPANY INC.,Cognex Corp,CGNX,2006-06-30,SH,2038576.0,13266000.0,0.0,0.0,0.3547,,71,999999,,new,INFORMATION TECHNOLOGY,3690
CHILTON INVESTMENT COMPANY INC.,Compass Minerals International Inc,CMP,2006-06-30,SH,518683.0,12941000.0,2601813.0,65019000.0,0.346,1.7713,72,20,-80.064555,reduction,MATERIALS,6337
CHILTON INVESTMENT COMPANY INC.,Phelps Dodge Corp.,PD,2006-06-30,SH,157469.0,12938000.0,0.0,0.0,0.3459,,73,999999,,new,MATERIALS,103873
CHILTON INVESTMENT COMPANY INC.,MEMC Electronic Materials Inc.,WFR,2006-06-30,SH,330692.0,12401000.0,88432.0,3265000.0,0.3316,0.0889,74,115,273.950606,addition,INFORMATION TECHNOLOGY,969
CHILTON INVESTMENT COMPANY INC.,Sasol Ltd. ADR,SSL,2006-06-30,SH,312863.0,12089000.0,186665.0,7062000.0,0.3232,0.1924,75,88,67.606675,addition,ENERGY,5166
CHILTON INVESTMENT COMPANY INC.,Altria Group Inc. (Philip Morris),MO,2006-06-30,SH,149947.0,11011000.0,0.0,0.0,0.2944,,76,999999,,new,CONSUMER STAPLES,191
CHILTON INVESTMENT COMPANY INC.,TIBCO Software Inc.,TIBX,2006-06-30,SH,1548603.0,10918000.0,1566378.0,13095000.0,0.2919,0.3567,77,58,-1.134784,reduction,INFORMATION TECHNOLOGY,974
CHILTON INVESTMENT COMPANY INC.,RENTECH INC COM NEW (CO),RTK,2006-06-30,SH,234588.0,10908000.0,0.0,0.0,0.2917,,78,999999,,new,ENERGY,7521
CHILTON INVESTMENT COMPANY INC.,D.R. Horton Inc.,DHI,2006-06-30,SH,450000.0,10719000.0,0.0,0.0,0.2866,,79,999999,,new,CONSUMER DISCRETIONARY,4864
CHILTON INVESTMENT COMPANY INC.,XO Group Inc.,XOXO,2006-06-30,SH,497934.0,10422000.0,354857.0,6423000.0,0.2787,0.175,80,94,40.319622,addition,COMMUNICATIONS,6296
CHILTON INVESTMENT COMPANY INC.,Charles River Laboratories International Inc,CRL,2006-06-30,SH,279519.0,10286000.0,414216.0,20305000.0,0.275,0.5532,81,43,-32.518541,reduction,HEALTH CARE,3444
CHILTON INVESTMENT COMPANY INC.,DFC Global Corp,DLLR,2006-06-30,SH,822046.5,9865000.0,720034.5,8535000.0,0.2638,0.2325,82,76,14.167654,addition,FINANCE,11519
CHILTON INVESTMENT COMPANY INC.,Ultratech Inc.,UTEK,2006-06-30,SH,614801.0,9677000.0,678363.0,16606000.0,0.2587,0.4524,83,50,-9.36991,reduction,INFORMATION TECHNOLOGY,307
CHILTON INVESTMENT COMPANY INC.,Keryx Biopharmaceuticals Inc,KERX,2006-06-30,SH,670811.0,9526000.0,659190.0,12597000.0,0.2547,0.3432,84,59,1.762921,addition,HEALTH CARE,3624
CHILTON INVESTMENT COMPANY INC.,Maidenform Brands Inc,MFB,2006-06-30,SH,763758.0,9417000.0,1046069.0,11517000.0,0.2518,0.3138,85,68,-26.987799,reduction,CONSUMER DISCRETIONARY,2745
CHILTON INVESTMENT COMPANY INC.,Warren Resources Inc,WRES,2006-06-30,SH,630759.0,9058000.0,1348925.0,20099000.0,0.2422,0.5476,86,44,-53.239876,reduction,ENERGY,6051
CHILTON INVESTMENT COMPANY INC.,National Instruments Corp,NATI,2006-06-30,SH,479335.5,8756000.0,91834.5,1997000.0,0.2341,0.0544,87,123,421.955801,addition,INFORMATION TECHNOLOGY,5139
CHILTON INVESTMENT COMPANY INC.,Visteon Corp. (Old),VSTNQ,2006-06-30,SH,1200103.0,8653000.0,0.0,0.0,0.2314,,88,999999,,new,CONSUMER DISCRETIONARY,5808
CHILTON INVESTMENT COMPANY INC.,Red Robin Gourmet Burgers Inc,RRGB,2006-06-30,SH,200000.0,8512000.0,83247.0,3929000.0,0.2276,0.107,89,105,140.248898,addition,CONSUMER DISCRETIONARY,6423
CHILTON INVESTMENT COMPANY INC.,eCollege.com Inc,ECLG,2006-06-30,SH,401432.0,8486000.0,0.0,0.0,0.2269,,90,999999,,new,INFORMATION TECHNOLOGY,100095
CHILTON INVESTMENT COMPANY INC.,CALATLANTIC GROUP INC,CAA,2006-06-30,SH,64944.8,8345000.0,0.0,0.0,0.2231,,91,999999,,new,CONSUMER DISCRETIONARY,717
CHILTON INVESTMENT COMPANY INC.,Willis Towers Watson Public Limited Co,WTW,2006-06-30,SH,97195.68,8265000.0,0.0,0.0,0.221,,92,999999,,new,FINANCE,4158
CHILTON INVESTMENT COMPANY INC.,Sovereign Bancorp Inc.,SOV,2006-06-30,SH,400000.0,8124000.0,0.0,0.0,0.2172,,93,999999,,new,FINANCE,821
CHILTON INVESTMENT COMPANY INC.,Tesco Corp.,TESO,2006-06-30,SH,390291.0,8087000.0,1664942.0,31700000.0,0.2162,0.8636,94,32,-76.558283,reduction,ENERGY,11556
CHILTON INVESTMENT COMPANY INC.,Jamba Inc,JMBA,2006-06-30,SH,160691.2,7954000.0,130000.0,6643000.0,0.2127,0.181,95,91,23.608615,addition,CONSUMER DISCRETIONARY,48
CHILTON INVESTMENT COMPANY INC.,Destination XL Group Inc.,DXLG,2006-06-30,PRN,7350000.0,7745000.0,7425000.0,7666000.0,0.2071,0.2088,96,84,-1.010101,reduction,CONSUMER DISCRETIONARY,988
CHILTON INVESTMENT COMPANY INC.,Martin Marietta Materials Inc.,MLM,2006-06-30,SH,82993.0,7565000.0,0.0,0.0,0.2023,,97,999999,,new,MATERIALS,3842
CHILTON INVESTMENT COMPANY INC.,Endurance Specialty Holdings Ltd,ENH,2006-06-30,SH,235068.0,7522000.0,238453.0,7762000.0,0.2011,0.2115,98,83,-1.419567,reduction,FINANCE,4410
CHILTON INVESTMENT COMPANY INC.,Life Technologies Corp.,LIFE,2006-06-30,SH,223034.0,7368000.0,427644.0,14995000.0,0.197,0.4085,99,55,-47.845872,reduction,HEALTH CARE,72076
CHILTON INVESTMENT COMPANY INC.,McAfee Inc.,MFE,2006-06-30,SH,289568.0,7028000.0,493337.0,12003000.0,0.1879,0.327,100,62,-41.30422,reduction,INFORMATION TECHNOLOGY,923
CHILTON INVESTMENT COMPANY INC.,STEC Inc,STEC,2006-06-30,SH,1825108.0,6844000.0,1832536.0,6890000.0,0.183,0.1877,101,89,-0.40534,reduction,INFORMATION TECHNOLOGY,6239
CHILTON INVESTMENT COMPANY INC.,Sun Microsystems Inc.,JAVA,2006-06-30,SH,401250.0,6661000.0,401250.0,8234000.0,0.1781,0.2243,102,78,0.0,,INFORMATION TECHNOLOGY,465
CHILTON INVESTMENT COMPANY INC.,PharmaNet Group Development Inc,PDGI,2006-06-30,SH,422928.0,6412000.0,473141.0,11535000.0,0.1714,0.3143,103,67,-10.612693,reduction,HEALTH CARE,2672
CHILTON INVESTMENT COMPANY INC.,McClatchy Co,MNIQQ,2006-06-30,SH,15869.4,6367000.0,0.0,0.0,0.1702,,104,999999,,new,COMMUNICATIONS,4820
CHILTON INVESTMENT COMPANY INC.,Per-Se Technologies Inc.,PSTI,2006-06-30,SH,241332.0,6077000.0,0.0,0.0,0.1625,,105,999999,,new,HEALTH CARE,107440
CHILTON INVESTMENT COMPANY INC.,Compass Diversified Holdings,CODI,2006-06-30,SH,422961.0,6036000.0,0.0,0.0,0.1614,,106,999999,,new,FINANCE,7079
CHILTON INVESTMENT COMPANY INC.,Tapestry Inc,TPR,2006-06-30,SH,199340.0,5960000.0,0.0,0.0,0.1594,,107,999999,,new,CONSUMER DISCRETIONARY,11325
CHILTON INVESTMENT COMPANY INC.,Grupo Televisa S.A. GDR,TV,2006-06-30,SH,298254.0,5759000.0,393177.0,7824000.0,0.154,0.2132,108,80,-24.142562,reduction,COMMUNICATIONS,5537
CHILTON INVESTMENT COMPANY INC.,American Italian Pasta Co,AIPC,2006-06-30,SH,653462.0,5594000.0,0.0,0.0,0.1496,,109,999999,,new,CONSUMER STAPLES,72751
CHILTON INVESTMENT COMPANY INC.,Lesaka Technologies Inc,LSAK,2006-06-30,SH,203785.0,5574000.0,0.0,0.0,0.149,,110,999999,,new,INFORMATION TECHNOLOGY,6029
CHILTON INVESTMENT COMPANY INC.,Quest Resource Corp.,QRCP,2006-06-30,SH,376087.0,5096000.0,0.0,0.0,0.1363,,111,999999,,new,ENERGY,5316
CHILTON INVESTMENT COMPANY INC.,Technip S.A. ADR,TKPPY,2006-06-30,SH,367012.0,5057000.0,213416.0,3625000.0,0.1352,0.0988,112,108,71.970237,addition,ENERGY,3963
CHILTON INVESTMENT COMPANY INC.,Parallel Pete Corp. (DE),PLLL,2006-06-30,SH,203007.0,5016000.0,0.0,0.0,0.1341,,113,999999,,new,ENERGY,3424
CHILTON INVESTMENT COMPANY INC.,NovaGold Resources Inc,NG,2006-06-30,SH,390131.0,5001000.0,0.0,0.0,0.1337,,114,999999,,new,MATERIALS,4095
CHILTON INVESTMENT COMPANY INC.,CUBIST PHARMACEUTICALS INC 01/22/2015Non-Confidential,CBST,2006-06-30,SH,197896.0,4983000.0,0.0,0.0,0.1332,,115,999999,,new,HEALTH CARE,11454
CHILTON INVESTMENT COMPANY INC.,Hutchison Telecommunications Hong Kong Holdings Limited ADS,HTX,2006-06-30,SH,204925.0,4900000.0,0.0,0.0,0.131,,116,999999,,new,COMMUNICATIONS,7227
CHILTON INVESTMENT COMPANY INC.,QLogic Corp.,QLGC,2006-06-30,SH,269353.0,4644000.0,0.0,0.0,0.1242,,117,999999,,new,INFORMATION TECHNOLOGY,707
CHILTON INVESTMENT COMPANY INC.,HUDSON CITY BANCORP INC,HCBK,2006-06-30,SH,340009.0,4532000.0,344909.0,4584000.0,0.1212,0.1249,118,101,-1.420665,reduction,FINANCE,3615
CHILTON INVESTMENT COMPANY INC.,Franklin Resources Inc,BEN,2006-06-30,SH,152886.0,4424000.0,0.0,0.0,0.1183,,119,999999,,new,FINANCE,2808
CHILTON INVESTMENT COMPANY INC.,Southern Copper Corp.,SCCO,2006-06-30,SH,281244.0,4178000.0,0.0,0.0,0.1117,,120,999999,,new,MATERIALS,87972
CHILTON INVESTMENT COMPANY INC.,Sify Technologies Ltd ADR,SIFY,2006-06-30,SH,415275.0,4144000.0,37055.0,491000.0,0.1108,0.0134,121,137,1020.698961,addition,COMMUNICATIONS,9955
CHILTON INVESTMENT COMPANY INC.,Graco Inc.,GGG,2006-06-30,SH,265356.0,4067000.0,512631.0,7763000.0,0.1087,0.2115,122,82,-48.236451,reduction,INDUSTRIALS,3719
CHILTON INVESTMENT COMPANY INC.,Altaba Inc. (Yahoo),AABA,2006-06-30,SH,119326.0,3938000.0,70251.0,2266000.0,0.1053,0.0617,123,122,69.856657,addition,FINANCE,2412
CHILTON INVESTMENT COMPANY INC.,Omega Navigation Enterprises Inc,ONAVQ,2006-06-30,SH,270445.0,3900000.0,0.0,0.0,0.1043,,124,999999,,new,TRANSPORTS,7422
CHILTON INVESTMENT COMPANY INC.,Washington Trust Bancorp Inc.,WASH,2006-06-30,SH,135592.0,3759000.0,135000.0,3789000.0,0.1005,0.1032,125,107,0.438519,addition,FINANCE,7686
CHILTON INVESTMENT COMPANY INC.,Mirant Corp. (New),MIRKQ,2006-06-30,SH,131109.0,3514000.0,116784.0,2920000.0,0.094,0.0796,126,117,12.266235,addition,UTILITIES AND TELECOMMUNICATIONS,887
CHILTON INVESTMENT COMPANY INC.,Cisco Systems Inc.,CSCO,2006-06-30,SH,175015.0,3418000.0,237200.0,5140000.0,0.0914,0.14,127,98,-26.216273,reduction,INFORMATION TECHNOLOGY,215
CHILTON INVESTMENT COMPANY INC.,EXCO RESOURCES INC,XCOOQ,2006-06-30,SH,18814.87,3216000.0,18291.87,3436000.0,0.086,0.0936,128,111,2.859194,addition,ENERGY,649
CHILTON INVESTMENT COMPANY INC.,SRS Labs Inc.,SRSL,2006-06-30,SH,641952.0,3203000.0,650390.0,3915000.0,0.0856,0.1067,129,106,-1.297375,reduction,INFORMATION TECHNOLOGY,1012
CHILTON INVESTMENT COMPANY INC.,NVR Inc,NVR,2006-06-30,SH,6093.0,2993000.0,0.0,0.0,0.08,,130,999999,,new,CONSUMER DISCRETIONARY,2611
CHILTON INVESTMENT COMPANY INC.,Eagle Test Systems Inc,EGLT,2006-06-30,SH,208594.0,2924000.0,283530.0,4366000.0,0.0782,0.1189,131,103,-26.429655,reduction,INFORMATION TECHNOLOGY,7116
CHILTON INVESTMENT COMPANY INC.,Ralph Lauren Corp. Class A,RL,2006-06-30,SH,49946.0,2742000.0,0.0,0.0,0.0733,,132,999999,,new,CONSUMER DISCRETIONARY,5153
CHILTON INVESTMENT COMPANY INC.,Syntroleum Corp.,SYNM,2006-06-30,SH,43652.8,2650000.0,0.0,0.0,0.0709,,133,999999,,new,ENERGY,8260
CHILTON INVESTMENT COMPANY INC.,Nasdaq Inc,NDAQ,2006-06-30,SH,263664.0,2628000.0,0.0,0.0,0.0703,,134,999999,,new,FINANCE,1022
CHILTON INVESTMENT COMPANY INC.,Blackberry Ltd,BB,2006-06-30,SH,111621.0,2596000.0,126102.0,3568000.0,0.0694,0.0972,135,109,-11.483561,reduction,INFORMATION TECHNOLOGY,21
CHILTON INVESTMENT COMPANY INC.,Ameriprise Financial Inc.,AMP,2006-06-30,SH,50000.0,2234000.0,0.0,0.0,0.0597,,136,999999,,new,FINANCE,536
CHILTON INVESTMENT COMPANY INC.,Alphabet Inc. Class A,GOOGL,2006-06-30,SH,95820.0,2009000.0,82220.0,1603000.0,0.0537,0.0437,137,125,16.540988,addition,COMMUNICATIONS,4112
CHILTON INVESTMENT COMPANY INC.,Global X Emerging Markets Great Consumer ETF-,EMC,2006-06-30,SH,175000.0,1920000.0,0.0,0.0,0.0513,,138,999999,,new,INFORMATION TECHNOLOGY,398
CHILTON INVESTMENT COMPANY INC.,TechnipFMC plc Ordinary Share (FMC Technologies),FTI,2006-06-30,SH,149237.76,1873000.0,133136.64,1268000.0,0.0501,0.0345,139,128,12.093681,addition,ENERGY,4031
CHILTON INVESTMENT COMPANY INC.,Cabot Corp.,CBT,2006-06-30,SH,53132.0,1834000.0,53829.0,1830000.0,0.049,0.0499,140,124,-1.294841,reduction,MATERIALS,382
CHILTON INVESTMENT COMPANY INC.,INDUS Realty Trust Inc.,INDT,2006-06-30,SH,56643.0,1824000.0,52530.0,1594000.0,0.0488,0.0434,141,126,7.829812,addition,CONSUMER STAPLES,5278
CHILTON INVESTMENT COMPANY INC.,Eldorado Gold Corp,EGO,2006-06-30,SH,64139.0,1549000.0,140729.4,3363000.0,0.0414,0.0916,142,112,-54.42388,reduction,MATERIALS,5522
CHILTON INVESTMENT COMPANY INC.,Integrated Device Technology Inc.,IDTI,2006-06-30,SH,109046.0,1546000.0,221312.0,3289000.0,0.0413,0.0896,143,114,-50.72748,reduction,INFORMATION TECHNOLOGY,4956
CHILTON INVESTMENT COMPANY INC.,Saia Inc,SAIA,2006-06-30,SH,72090.0,1323000.0,0.0,0.0,0.0354,,144,999999,,new,TRANSPORTS,11447
CHILTON INVESTMENT COMPANY INC.,Apple Inc,AAPL,2006-06-30,SH,614908.0,1258000.0,5600000.0,12544000.0,0.0336,0.3417,145,60,-89.0195,reduction,INFORMATION TECHNOLOGY,195
CHILTON INVESTMENT COMPANY INC.,Darwin Professional Underwriters Inc,DR,2006-06-30,SH,3154.05,1114000.0,0.0,0.0,0.0298,,146,999999,,new,FINANCE,6278
CHILTON INVESTMENT COMPANY INC.,Global X Interest Rate Hedge ETF-,RATE,2006-06-30,SH,22533.0,851000.0,0.0,0.0,0.0228,,147,999999,,new,CONSUMER DISCRETIONARY,612
CHILTON INVESTMENT COMPANY INC.,Focus Media Holdings Inc,FMCN,2006-06-30,SH,20000.0,652000.0,24498.0,711000.0,0.0174,0.0194,148,135,-18.360683,reduction,CONSUMER DISCRETIONARY,4819
CHILTON INVESTMENT COMPANY INC.,CNET Networks Inc,CNET,2006-06-30,SH,80119.0,639000.0,0.0,0.0,0.0171,,149,999999,,new,INFORMATION TECHNOLOGY,42
CHILTON INVESTMENT COMPANY INC.,Ninetowns Internet Technology Group Co Ltd ADS,NINE,2006-06-30,SH,117622.0,592000.0,117622.0,629000.0,0.0158,0.0171,150,136,0.0,,INFORMATION TECHNOLOGY,9411
CHILTON INVESTMENT COMPANY INC.,TIM S.A.,TIMB,2006-06-30,SH,19956.0,550000.0,0.0,0.0,0.0147,,151,999999,,new,UTILITIES AND TELECOMMUNICATIONS,5952
CHILTON INVESTMENT COMPANY INC.,Penson Worldwide Inc,PNSNQ,2006-06-30,SH,30000.0,516000.0,0.0,0.0,0.0138,,152,999999,,new,FINANCE,11531
CHILTON INVESTMENT COMPANY INC.,NetRatings Inc.,NTRT,2006-06-30,SH,27447.0,381000.0,0.0,0.0,0.0102,,153,999999,,new,INFORMATION TECHNOLOGY,103489
CHILTON INVESTMENT COMPANY INC.,Microsoft Corp.,MSFT,2006-06-30,SH,15271.0,356000.0,0.0,0.0,0.0095,,154,999999,,new,INFORMATION TECHNOLOGY,178
CHILTON INVESTMENT COMPANY INC.,Fibertower Corp,FTWRQ,2006-06-30,SH,30965.0,337000.0,0.0,0.0,0.009,,155,999999,,new,COMMUNICATIONS,4936
CHILTON INVESTMENT COMPANY INC.,Sadia SA ADS,SDA,2006-06-30,SH,36042.97,283000.0,0.0,0.0,0.0076,,156,999999,,new,CONSUMER STAPLES,8233
CHILTON INVESTMENT COMPANY INC.,Bluefly Inc,BFLY,2006-06-30,SH,224995.0,272000.0,0.0,0.0,0.0073,,157,999999,,new,CONSUMER DISCRETIONARY,6294
CHILTON INVESTMENT COMPANY INC.,Blackbaud Inc,BLKB,2006-06-30,SH,11108.0,252000.0,111108.0,2354000.0,0.0067,0.0641,158,121,-90.00252,reduction,INFORMATION TECHNOLOGY,6318
CHILTON INVESTMENT COMPANY INC.,BPI Energy Holdings Inc.,BPIGF,2006-06-30,SH,182322.0,233000.0,139117.0,249000.0,0.0062,0.0068,159,140,31.056593,addition,ENERGY,7783
CHILTON INVESTMENT COMPANY INC.,PANTRY INC (THE),PTRY,2006-06-30,PRN,88000.0,121000.0,0.0,0.0,0.0032,,160,999999,,new,CONSUMER STAPLES,2418
CHILTON INVESTMENT COMPANY INC.,Washington Mutual Inc - Dime Bancorp Inc. Litigation Tracking Warrant,DIMEQ,2006-06-30,SH,283600.0,62000.0,283600.0,48000.0,0.0017,0.0013,161,142,0.0,,FINANCE,7721
CHILTON INVESTMENT COMPANY INC.,TJX Companies Inc.,TJX,2006-06-30,SH,0.0,0.0,1197844.0,7433000.0,,0.2025,999999,86,-100.0,soldall,CONSUMER DISCRETIONARY,185
CHILTON INVESTMENT COMPANY INC.,American International Group Inc.,AIG,2006-06-30,SH,0.0,0.0,5000.0,6609000.0,,0.1801,999999,92,-100.0,soldall,FINANCE,193
CHILTON INVESTMENT COMPANY INC.,Best Buy Co. Inc.,BBY,2006-06-30,SH,0.0,0.0,300793.0,16823000.0,,0.4583,999999,49,-100.0,soldall,CONSUMER DISCRETIONARY,208
CHILTON INVESTMENT COMPANY INC.,CVS Health Corp. (Melville Shoe),CVS,2006-06-30,SH,0.0,0.0,2638965.0,78826000.0,,2.1475,999999,19,-100.0,soldall,CONSUMER STAPLES,221
CHILTON INVESTMENT COMPANY INC.,InterVoice Inc.,INTV,2006-06-30,SH,0.0,0.0,324692.0,2796000.0,,0.0762,999999,119,-100.0,soldall,INFORMATION TECHNOLOGY,238
CHILTON INVESTMENT COMPANY INC.,Procter & Gamble Co. (OH) (1905),PG,2006-06-30,SH,0.0,0.0,400000.0,23052000.0,,0.628,999999,39,-100.0,soldall,CONSUMER STAPLES,272
CHILTON INVESTMENT COMPANY INC.,QUALCOMM Inc.,QCOM,2006-06-30,SH,0.0,0.0,30706.0,1554000.0,,0.0423,999999,127,-100.0,soldall,INFORMATION TECHNOLOGY,273
CHILTON INVESTMENT COMPANY INC.,Regal Entertainment Group Class A,RGC,2006-06-30,SH,0.0,0.0,233417.0,4391000.0,,0.1196,999999,102,-100.0,soldall,COMMUNICATIONS,709
CHILTON INVESTMENT COMPANY INC.,Sonic Corp.,SONC,2006-06-30,SH,0.0,0.0,39718.5,930000.0,,0.0253,999999,131,-100.0,soldall,CONSUMER DISCRETIONARY,715
CHILTON INVESTMENT COMPANY INC.,SLM Corp,SLM,2006-06-30,SH,0.0,0.0,50000.0,2597000.0,,0.0708,999999,120,-100.0,soldall,FINANCE,892
CHILTON INVESTMENT COMPANY INC.,Veeco Instruments Inc. (DE),VECO,2006-06-30,SH,0.0,0.0,435033.0,10158000.0,,0.2767,999999,70,-100.0,soldall,INFORMATION TECHNOLOGY,944
CHILTON INVESTMENT COMPANY INC.,Centex Corp.,CTX,2006-06-30,SH,0.0,0.0,710518.0,44045000.0,,1.1999,999999,26,-100.0,soldall,CONSUMER DISCRETIONARY,1053
CHILTON INVESTMENT COMPANY INC.,Paramount Global,PARA,2006-06-30,SH,0.0,0.0,1473338.0,35331000.0,,0.9625,999999,30,-100.0,soldall,COMMUNICATIONS,2509
CHILTON INVESTMENT COMPANY INC.,Seagate Technology plc,STX,2006-06-30,SH,0.0,0.0,14163.0,373000.0,,0.0102,999999,138,-100.0,soldall,INFORMATION TECHNOLOGY,2526
CHILTON INVESTMENT COMPANY INC.,SIGMA - ALDRICH CORP,SIAL,2006-06-30,SH,0.0,0.0,169566.0,5578000.0,,0.152,999999,97,-100.0,soldall,MATERIALS,3455
CHILTON INVESTMENT COMPANY INC.,Chesapeake Energy Corp,CHKAQ,2006-06-30,SH,0.0,0.0,1007.39,6328000.0,,0.1724,999999,95,-100.0,soldall,ENERGY,3533
CHILTON INVESTMENT COMPANY INC.,International Game Technology Inc.,IGT,2006-06-30,SH,0.0,0.0,21990.0,774000.0,,0.0211,999999,133,-100.0,soldall,CONSUMER DISCRETIONARY,3619
CHILTON INVESTMENT COMPANY INC.,MeadWestvaco Corporation,MWV,2006-06-30,SH,0.0,0.0,427732.0,11681000.0,,0.3182,999999,66,-100.0,soldall,MATERIALS,3629
CHILTON INVESTMENT COMPANY INC.,ITC Holdings Corp,ITC,2006-06-30,SH,0.0,0.0,26244.0,230000.0,,0.0063,999999,141,-100.0,soldall,UTILITIES AND TELECOMMUNICATIONS,3743
CHILTON INVESTMENT COMPANY INC.,NIKE Inc.,NKE,2006-06-30,SH,0.0,0.0,8077440.0,85924000.0,,2.3408,999999,15,-100.0,soldall,CONSUMER DISCRETIONARY,4000
CHILTON INVESTMENT COMPANY INC.,Apex Silver Mines Ltd,APXSQ,2006-06-30,SH,0.0,0.0,205817.0,4888000.0,,0.1332,999999,100,-100.0,soldall,MATERIALS,4008
CHILTON INVESTMENT COMPANY INC.,Energy Conversion Devices Corp.,ENERQ,2006-06-30,SH,0.0,0.0,200319.0,9852000.0,,0.2684,999999,74,-100.0,soldall,INFORMATION TECHNOLOGY,4028
CHILTON INVESTMENT COMPANY INC.,iShares Russell 2000 Growth ETF-iShares Russell 2000 Growth ETF,IWO,2006-06-30,SH,0.0,0.0,1068251.0,85140000.0,,2.3195,999999,16,-100.0,soldall,FINANCE,4117
CHILTON INVESTMENT COMPANY INC.,BJ Services Co.,BJS,2006-06-30,SH,0.0,0.0,515685.0,17843000.0,,0.4861,999999,48,-100.0,soldall,ENERGY,4301
CHILTON INVESTMENT COMPANY INC.,The Washington Post Company,WPO,2006-06-30,SH,0.0,0.0,52713.0,40945000.0,,1.1155,999999,28,-100.0,soldall,Communications,4926
CHILTON INVESTMENT COMPANY INC.,Cheesecake Factory Inc. (The),CAKE,2006-06-30,SH,0.0,0.0,191822.0,7184000.0,,0.1957,999999,87,-100.0,soldall,CONSUMER DISCRETIONARY,4988
CHILTON INVESTMENT COMPANY INC.,MSC Industrial Direct Inc.,MSM,2006-06-30,SH,0.0,0.0,92599.0,5002000.0,,0.1363,999999,99,-100.0,soldall,INDUSTRIALS,5127
CHILTON INVESTMENT COMPANY INC.,McMorAn Exploration Co,MMR,2006-06-30,SH,0.0,0.0,659784.0,11771000.0,,0.3207,999999,64,-100.0,soldall,ENERGY,5132
CHILTON INVESTMENT COMPANY INC.,Sina Corp,SINA,2006-06-30,SH,0.0,0.0,42427.0,1184000.0,,0.0323,999999,129,-100.0,soldall,COMMUNICATIONS,5478
CHILTON INVESTMENT COMPANY INC.,Stillwater Mining Co.,SWC,2006-06-30,SH,0.0,0.0,1217814.0,10023000.0,,0.2731,999999,71,-100.0,soldall,MATERIALS,5791
CHILTON INVESTMENT COMPANY INC.,SUNTECH POWER HOLDINGS CO. LTD,STPFQ,2006-06-30,SH,0.0,0.0,107763.0,3986000.0,,0.1086,999999,104,-100.0,soldall,INDUSTRIALS,5937
CHILTON INVESTMENT COMPANY INC.,RBC Bearings Inc.,RBC,2006-06-30,SH,0.0,0.0,171842.0,3523000.0,,0.096,999999,110,-100.0,soldall,INDUSTRIALS,5995
CHILTON INVESTMENT COMPANY INC.,Cypress Biosciences,CYPB,2006-06-30,SH,0.0,0.0,480100.0,3025000.0,,0.0824,999999,116,-100.0,soldall,HEALTH CARE,6342
CHILTON INVESTMENT COMPANY INC.,Krispy Kreme Doughnuts Inc,KKD,2006-06-30,SH,0.0,0.0,930006.0,8351000.0,,0.2275,999999,77,-100.0,soldall,CONSUMER STAPLES,6910
CHILTON INVESTMENT COMPANY INC.,Electro Energy Inc,EEEI,2006-06-30,SH,0.0,0.0,41000.0,726000.0,,0.0198,999999,134,-100.0,soldall,INDUSTRIALS,10024
CHILTON INVESTMENT COMPANY INC.,Alcon Inc.,ACL,2006-06-30,SH,0.0,0.0,86217.0,8989000.0,,0.2449,999999,75,-100.0,soldall,HEALTH CARE,11328
CHILTON INVESTMENT COMPANY INC.,Cadbury Plc ADR,CDSCY,2006-06-30,SH,0.0,0.0,201006.0,8040000.0,,0.219,999999,79,-100.0,soldall,CONSUMER STAPLES,46042
CHILTON INVESTMENT COMPANY INC.,Keystone Automative Industries Inc,KEYS,2006-06-30,SH,0.0,0.0,66605.0,2811000.0,,0.0766,999999,118,-100.0,soldall,INDUSTRIALS,97320
CHILTON INVESTMENT COMPANY INC.,aQuantive Inc,AQNT,2006-06-30,SH,0.0,0.0,36390.0,857000.0,,0.0233,999999,132,-100.0,soldall,INFORMATION TECHNOLOGY,98021
CHILTON INVESTMENT COMPANY INC.,Inco Ltd. (NYSE),INCLF,2006-06-30,SH,0.0,0.0,692417.0,34545000.0,,0.9411,999999,31,-100.0,soldall,MATERIALS,101837
CHILTON INVESTMENT COMPANY INC.,Michaels Stores Inc.,MIK,2006-06-30,SH,0.0,0.0,25145.0,945000.0,,0.0257,999999,130,-100.0,soldall,CONSUMER DISCRETIONARY,102849
CHILTON INVESTMENT COMPANY INC.,MatrixOne Inc,MONE,2006-06-30,SH,0.0,0.0,51961.0,372000.0,,0.0101,999999,139,-100.0,soldall,INFORMATION TECHNOLOGY,102983
CHILTON INVESTMENT COMPANY INC.,TODCO Class A,THE,2006-06-30,SH,0.0,0.0,356593.0,14053000.0,,0.3828,999999,57,-100.0,soldall,ENERGY,105726
