Filer Name,Stock Name,Stock Ticker,Quarter Date,Type of Security,Current Shares Held,Current Market Value,Previous Shares Held,Previous Market Value,Current % of Portfolio,Previous % of Portfolio,Current Rank,Previous Rank,Change in Shares,Type of Change,Sector,stock_id
CHILTON INVESTMENT COMPANY INC.,Sherwin-Williams Co.,SHW,2022-12-31,SH,1137482.0,269958604.0,1241957.0,254291000.0,8.2648,7.9199,1,1,-8.412127,reduction,MATERIALS,11358
CHILTON INVESTMENT COMPANY INC.,Microsoft Corp.,MSFT,2022-12-31,SH,1002643.0,240453844.0,1047612.0,243989000.0,7.3615,7.599,2,2,-4.292524,reduction,INFORMATION TECHNOLOGY,178
CHILTON INVESTMENT COMPANY INC.,Home Depot Inc. (The),HD,2022-12-31,SH,704121.0,222403659.0,747835.0,206358000.0,6.8089,6.427,3,4,-5.845407,reduction,CONSUMER DISCRETIONARY,354
CHILTON INVESTMENT COMPANY INC.,Canadian Pacific Railway Ltd. (2001),CP,2022-12-31,SH,2594097.0,193493695.0,3129640.0,208810000.0,5.9238,6.5034,4,3,-17.111968,reduction,TRANSPORTS,2507
CHILTON INVESTMENT COMPANY INC.,Costco Co.,COST,2022-12-31,SH,412659.0,188378834.0,422802.0,199677000.0,5.7672,6.219,5,5,-2.398995,reduction,CONSUMER STAPLES,393
CHILTON INVESTMENT COMPANY INC.,Republic Services Inc.,RSG,2022-12-31,SH,1377042.0,177624647.0,1386270.0,188588000.0,5.438,5.8736,6,6,-0.665671,reduction,INDUSTRIALS,5160
CHILTON INVESTMENT COMPANY INC.,Mettler-Toledo International Inc.,MTD,2022-12-31,SH,115477.0,166916229.0,122078.0,132347000.0,5.1101,4.122,7,9,-5.407199,reduction,INFORMATION TECHNOLOGY,5469
CHILTON INVESTMENT COMPANY INC.,Ball Corp.,BALL,2022-12-31,SH,3250294.0,166220035.0,3482041.0,168252000.0,5.0888,5.2402,8,7,-6.655493,reduction,MATERIALS,11340
CHILTON INVESTMENT COMPANY INC.,Union Pacific Corp.,UNP,2022-12-31,SH,780918.0,161704690.0,833698.0,162421000.0,4.9506,5.0586,9,8,-6.33083,reduction,TRANSPORTS,473
CHILTON INVESTMENT COMPANY INC.,Mastercard Inc,MA,2022-12-31,SH,356575.0,123991825.0,383511.0,109048000.0,3.796,3.3963,10,11,-7.023527,reduction,FINANCE,4044
CHILTON INVESTMENT COMPANY INC.,Cintas Corporation,CTAS,2022-12-31,SH,273109.0,123341486.0,311377.0,120873000.0,3.7761,3.7646,11,10,-12.289925,reduction,INDUSTRIALS,4809
CHILTON INVESTMENT COMPANY INC.,CSX Corp,CSX,2022-12-31,SH,3484082.0,107936860.0,3208119.0,85464000.0,3.3045,2.6618,12,14,8.602019,addition,TRANSPORTS,220
CHILTON INVESTMENT COMPANY INC.,Danaher Corp.,DHR,2022-12-31,SH,431229.89,101469004.0,463113.94,106044000.0,3.1065,3.3027,13,12,-6.88471,reduction,HEALTH CARE,4323
CHILTON INVESTMENT COMPANY INC.,Pool Corp,POOL,2022-12-31,SH,273663.0,82736535.0,286204.0,91073000.0,2.533,2.8365,14,13,-4.38184,reduction,CONSUMER DISCRETIONARY,3887
CHILTON INVESTMENT COMPANY INC.,Thermo Fisher Scientific Inc.,TMO,2022-12-31,SH,148305.0,81670081.0,156223.0,79235000.0,2.5003,2.4678,15,16,-5.068396,reduction,HEALTH CARE,468
CHILTON INVESTMENT COMPANY INC.,Moodys Corp,MCO,2022-12-31,SH,207607.0,57843462.0,209372.0,50900000.0,1.7709,1.5853,16,22,-0.842997,reduction,FINANCE,2707
CHILTON INVESTMENT COMPANY INC.,Intuit Inc.,INTU,2022-12-31,SH,147516.0,57416178.0,189812.0,73518000.0,1.7578,2.2897,17,17,-22.283101,reduction,INFORMATION TECHNOLOGY,793
CHILTON INVESTMENT COMPANY INC.,Skyline Champion Corp,SKY,2022-12-31,SH,1063333.0,54772282.0,1007320.0,53257000.0,1.6769,1.6587,18,20,5.560596,addition,CONSUMER DISCRETIONARY,7565
CHILTON INVESTMENT COMPANY INC.,Monster Beverage Corp.,MNST,2022-12-31,SH,999900.0,50759924.0,1179586.0,51288000.0,1.554,1.5974,19,21,-15.232972,reduction,CONSUMER STAPLES,3612
CHILTON INVESTMENT COMPANY INC.,Pepsico Inc. (Loft Inc.),PEP,2022-12-31,SH,259227.0,46831949.0,40089.0,6545000.0,1.4338,0.2038,20,40,546.628751,addition,CONSUMER STAPLES,264
CHILTON INVESTMENT COMPANY INC.,Deere & Co.,DE,2022-12-31,SH,107331.0,46019240.0,179276.0,59858000.0,1.4089,1.8643,21,18,-40.13086,reduction,INDUSTRIALS,222
CHILTON INVESTMENT COMPANY INC.,Hershey Company (The),HSY,2022-12-31,SH,180448.0,41786344.0,23212.0,5118000.0,1.2793,0.1594,22,45,677.391005,addition,CONSUMER STAPLES,2832
CHILTON INVESTMENT COMPANY INC.,UnitedHealth Group Inc.,UNH,2022-12-31,SH,67957.0,36029442.0,66093.0,33380000.0,1.103,1.0396,23,23,2.820268,addition,HEALTH CARE,153
CHILTON INVESTMENT COMPANY INC.,Berkshire Hathaway Inc Class B,BRK.B,2022-12-31,SH,90398.0,27923943.0,217638.0,58114000.0,0.8549,1.81,24,19,-58.464055,reduction,FINANCE,2827
CHILTON INVESTMENT COMPANY INC.,Brown & Brown Inc.,BRO,2022-12-31,SH,475185.0,27071290.0,240749.0,14560000.0,0.8288,0.4535,25,31,97.377767,addition,FINANCE,759
CHILTON INVESTMENT COMPANY INC.,Bank of America Corp. (North Carolina National Bank),BAC,2022-12-31,SH,766417.0,25383731.0,30337.0,916000.0,0.7771,0.0285,26,92,2426.344068,addition,FINANCE,205
CHILTON INVESTMENT COMPANY INC.,Blackstone Group Inc,BX,2022-12-31,SH,324226.0,24054327.0,374630.0,31357000.0,0.7364,0.9766,27,24,-13.454342,reduction,FINANCE,4162
CHILTON INVESTMENT COMPANY INC.,Berkeley (W.R.) Corp.,WRB,2022-12-31,SH,314869.0,22850043.0,303181.0,19579000.0,0.6996,0.6098,28,25,3.855123,addition,FINANCE,543
CHILTON INVESTMENT COMPANY INC.,Alphabet Inc. Class A,GOOGL,2022-12-31,SH,245802.0,21687111.0,885668.0,84714000.0,0.664,2.6384,29,15,-72.246711,reduction,COMMUNICATIONS,4112
CHILTON INVESTMENT COMPANY INC.,Aon PLC,AON,2022-12-31,SH,70369.0,21120551.0,21319.0,5711000.0,0.6466,0.1779,30,42,230.076458,addition,FINANCE,11339
CHILTON INVESTMENT COMPANY INC.,OReilly Automotive Inc.,ORLY,2022-12-31,SH,23952.0,20216207.0,23707.0,16674000.0,0.6189,0.5193,31,26,1.03345,addition,CONSUMER DISCRETIONARY,5148
CHILTON INVESTMENT COMPANY INC.,Booz Allen Hamilton Holding Corp,BAH,2022-12-31,SH,175446.0,18337616.0,171272.0,15817000.0,0.5614,0.4926,32,28,2.437059,addition,INFORMATION TECHNOLOGY,106917
CHILTON INVESTMENT COMPANY INC.,Tractor Supply Company,TSCO,2022-12-31,SH,55014.0,12376500.0,78471.0,14586000.0,0.3789,0.4543,33,30,-29.892572,reduction,CONSUMER DISCRETIONARY,5178
CHILTON INVESTMENT COMPANY INC.,Merck & Co,MRK,2022-12-31,SH,105241.0,11676489.0,123476.0,10634000.0,0.3575,0.3312,34,32,-14.768052,reduction,HEALTH CARE,431
CHILTON INVESTMENT COMPANY INC.,Zoetis Inc.,ZTS,2022-12-31,SH,74751.0,10954759.0,109850.0,16290000.0,0.3354,0.5074,35,27,-31.951752,reduction,HEALTH CARE,138718
CHILTON INVESTMENT COMPANY INC.,VISA Inc,V,2022-12-31,SH,51565.0,10713144.0,84847.0,15073000.0,0.328,0.4694,36,29,-39.225901,reduction,FINANCE,45920
CHILTON INVESTMENT COMPANY INC.,IDEXX Laboratories Inc.,IDXX,2022-12-31,SH,24655.0,10058254.0,25295.0,8241000.0,0.3079,0.2567,37,36,-2.530144,reduction,HEALTH CARE,4037
CHILTON INVESTMENT COMPANY INC.,McDonalds Corp.,MCD,2022-12-31,SH,38115.0,10044446.0,35742.0,8247000.0,0.3075,0.2569,38,35,6.639248,addition,CONSUMER DISCRETIONARY,250
CHILTON INVESTMENT COMPANY INC.,Dominos Pizza Inc,DPZ,2022-12-31,SH,26558.0,9199691.0,29793.0,9242000.0,0.2816,0.2878,39,33,-10.858255,reduction,CONSUMER DISCRETIONARY,776
CHILTON INVESTMENT COMPANY INC.,CVS Health Corp. (Melville Shoe),CVS,2022-12-31,SH,95835.0,8930864.0,76711.0,7316000.0,0.2734,0.2279,40,38,24.929932,addition,CONSUMER STAPLES,221
CHILTON INVESTMENT COMPANY INC.,Vanguard Total Stock Market Index Fund-ETF Shares,VTI,2022-12-31,SH,46078.0,8809653.0,46078.0,8270000.0,0.2697,0.2576,41,34,0.0,,FINANCE,4398
CHILTON INVESTMENT COMPANY INC.,Hasbro Inc.,HAS,2022-12-31,SH,142287.0,8680930.0,120906.0,8151000.0,0.2658,0.2539,42,37,17.683986,addition,CONSUMER DISCRETIONARY,2610
CHILTON INVESTMENT COMPANY INC.,Old Dominion Freight Line Inc,ODFL,2022-12-31,SH,24936.0,7076338.0,24955.0,6208000.0,0.2166,0.1933,43,41,-0.076137,reduction,TRANSPORTS,3917
CHILTON INVESTMENT COMPANY INC.,Apple Inc,AAPL,2022-12-31,SH,52565.0,6829770.0,50514.0,6981000.0,0.2091,0.2174,44,39,4.060261,addition,INFORMATION TECHNOLOGY,195
CHILTON INVESTMENT COMPANY INC.,iShares S&P Mid-Cap 400 Value ETF-iShares S&P Mid-Cap 400 Value ETF,IJJ,2022-12-31,SH,63073.0,6357758.0,63073.0,5677000.0,0.1946,0.1768,45,43,0.0,,FINANCE,4125
CHILTON INVESTMENT COMPANY INC.,BJs Wholesale Club Holdings Inc,BJ,2022-12-31,SH,78249.0,5176953.0,41126.0,2994000.0,0.1585,0.0932,46,61,90.266498,addition,CONSUMER DISCRETIONARY,206740
CHILTON INVESTMENT COMPANY INC.,SPDR S&P 500 ETF TRUST,SPY,2022-12-31,SH,13284.0,5080200.0,1058.0,378000.0,0.1555,0.0118,47,125,1155.57656,addition,FINANCE,3962
CHILTON INVESTMENT COMPANY INC.,Texas Instruments Inc.,TXN,2022-12-31,SH,30538.0,5045488.0,25489.0,3945000.0,0.1545,0.1229,48,51,19.808545,addition,INFORMATION TECHNOLOGY,128
CHILTON INVESTMENT COMPANY INC.,Medtronic Plc,MDT,2022-12-31,SH,62656.0,4869624.0,33176.0,2679000.0,0.1491,0.0834,49,65,88.859416,addition,HEALTH CARE,297
CHILTON INVESTMENT COMPANY INC.,Lockheed Martin Corp.,LMT,2022-12-31,SH,9777.0,4756413.0,8557.0,3305000.0,0.1456,0.1029,50,56,14.257333,addition,INDUSTRIALS,245
CHILTON INVESTMENT COMPANY INC.,iShares Russell 1000 ETF-iShares Russell 1000 ETF,IWB,2022-12-31,SH,21250.0,4473550.0,21250.0,4193000.0,0.137,0.1306,51,49,0.0,,FINANCE,4119
CHILTON INVESTMENT COMPANY INC.,Lands End Inc,LE,2022-12-31,SH,587201.0,4456856.0,707935.0,5465000.0,0.1364,0.1702,52,44,-17.054391,reduction,CONSUMER DISCRETIONARY,166946
CHILTON INVESTMENT COMPANY INC.,Alphabet Inc. Class C,GOOG,2022-12-31,SH,49537.0,4395418.0,49100.0,4721000.0,0.1346,0.147,53,48,0.89002,addition,COMMUNICATIONS,166886
CHILTON INVESTMENT COMPANY INC.,iShares Core S&P Small-Cap ETF-iShares Core S&P Small-Cap ETF,IJR,2022-12-31,SH,44518.0,4213184.0,44518.0,3882000.0,0.129,0.1209,54,52,0.0,,FINANCE,4127
CHILTON INVESTMENT COMPANY INC.,The Duckhorn Portfolio Inc,NAPA,2022-12-31,SH,243305.0,4031564.0,0.0,0.0,0.1234,,55,999999,,new,CONSUMER STAPLES,273649
CHILTON INVESTMENT COMPANY INC.,SPDR S&P MIDCAP 400 ETF TRUST,MDY,2022-12-31,SH,7773.0,3441807.0,7773.0,3122000.0,0.1054,0.0972,56,59,0.0,,FINANCE,4169
CHILTON INVESTMENT COMPANY INC.,Target Corp.,TGT,2022-12-31,SH,22606.0,3369198.0,23542.0,3493000.0,0.1031,0.1088,57,53,-3.975873,reduction,CONSUMER DISCRETIONARY,305
CHILTON INVESTMENT COMPANY INC.,Raymond James Financial Inc.,RJF,2022-12-31,SH,30649.0,3274846.0,0.0,0.0,0.1003,,58,999999,,new,FINANCE,3507
CHILTON INVESTMENT COMPANY INC.,Canada Goose Holdings Inc,GOOS,2022-12-31,SH,173360.0,3087542.0,169562.0,2584000.0,0.0945,0.0805,59,66,2.239889,addition,CONSUMER DISCRETIONARY,198643
CHILTON INVESTMENT COMPANY INC.,Mister Car Wash Inc,MCW,2022-12-31,SH,330110.0,3046915.0,218467.0,1874000.0,0.0933,0.0584,60,72,51.102913,addition,CONSUMER DISCRETIONARY,275815
CHILTON INVESTMENT COMPANY INC.,First of Long Island Corp,FLIC,2022-12-31,SH,162419.0,2923542.0,173711.0,2995000.0,0.0895,0.0933,61,60,-6.500452,reduction,FINANCE,9647
CHILTON INVESTMENT COMPANY INC.,TJX Companies Inc.,TJX,2022-12-31,SH,35770.0,2847292.0,35809.0,2224000.0,0.0872,0.0693,62,70,-0.108911,reduction,CONSUMER DISCRETIONARY,185
CHILTON INVESTMENT COMPANY INC.,Invesco S&P 500 Equal Weight ETF-Invesco S&P 500 Equal Weight ETF,RSP,2022-12-31,SH,19523.0,2757624.0,0.0,0.0,0.0844,,63,999999,,new,FINANCE,7539
CHILTON INVESTMENT COMPANY INC.,Churchill Downs Inc,CHDN,2022-12-31,SH,25658.0,2712436.0,0.0,0.0,0.083,,64,999999,,new,CONSUMER DISCRETIONARY,3975
CHILTON INVESTMENT COMPANY INC.,Automatic Data Processing Inc,ADP,2022-12-31,SH,10125.0,2418458.0,10125.0,2290000.0,0.074,0.0713,65,68,0.0,,INFORMATION TECHNOLOGY,201
CHILTON INVESTMENT COMPANY INC.,CDW Corp.,CDW,2022-12-31,SH,13380.0,2389400.0,21251.0,3317000.0,0.0732,0.1033,66,55,-37.038257,reduction,INFORMATION TECHNOLOGY,153919
CHILTON INVESTMENT COMPANY INC.,Coca Cola Co.,KO,2022-12-31,SH,35201.0,2239136.0,47952.0,2686000.0,0.0686,0.0837,67,64,-26.591175,reduction,CONSUMER STAPLES,386
CHILTON INVESTMENT COMPANY INC.,BlackRock Inc. Class A,BLK,2022-12-31,SH,2918.0,2067782.0,2918.0,1606000.0,0.0633,0.05,68,77,0.0,,FINANCE,5029
CHILTON INVESTMENT COMPANY INC.,Abbott Laboratories,ABT,2022-12-31,SH,17975.0,1973475.0,19362.0,1873000.0,0.0604,0.0583,69,73,-7.163516,reduction,HEALTH CARE,189
CHILTON INVESTMENT COMPANY INC.,SPDR Portfolio Developed World ex- US ETF-,SPDW,2022-12-31,SH,64657.0,1919666.0,64657.0,1668000.0,0.0588,0.0519,70,75,0.0,,FINANCE,10245
CHILTON INVESTMENT COMPANY INC.,iShares MSCI ACWI ETF-iShares MSCI ACWI ETF,ACWI,2022-12-31,SH,22283.0,1891381.0,22283.0,1734000.0,0.0579,0.054,71,74,0.0,,FINANCE,51110
CHILTON INVESTMENT COMPANY INC.,Analog Devices Inc,ADI,2022-12-31,SH,11463.0,1880276.0,11463.0,1597000.0,0.0576,0.0497,72,78,0.0,,INFORMATION TECHNOLOGY,194
CHILTON INVESTMENT COMPANY INC.,JPMorgan Chase & Co. (Chemical Bank),JPM,2022-12-31,SH,13435.0,1801634.0,13735.0,1435000.0,0.0552,0.0447,73,84,-2.184201,reduction,FINANCE,240
CHILTON INVESTMENT COMPANY INC.,Darling Ingredients Inc,DAR,2022-12-31,SH,27690.0,1733117.0,0.0,0.0,0.0531,,74,999999,,new,CONSUMER STAPLES,2734
CHILTON INVESTMENT COMPANY INC.,Linde Plc.,LIN,2022-12-31,SH,5282.0,1722883.0,5739.0,1547000.0,0.0527,0.0482,75,81,-7.96306,reduction,MATERIALS,269
CHILTON INVESTMENT COMPANY INC.,Johnson & Johnson Co.,JNJ,2022-12-31,SH,9560.0,1688774.0,9595.0,1567000.0,0.0517,0.0488,76,79,-0.364773,reduction,HEALTH CARE,239
CHILTON INVESTMENT COMPANY INC.,AutoZone Inc.,AZO,2022-12-31,SH,680.0,1677003.0,680.0,1457000.0,0.0513,0.0454,77,83,0.0,,CONSUMER DISCRETIONARY,2609
CHILTON INVESTMENT COMPANY INC.,AbbVie Inc,ABBV,2022-12-31,SH,9747.0,1575213.0,9747.0,1308000.0,0.0482,0.0407,78,86,0.0,,HEALTH CARE,133912
CHILTON INVESTMENT COMPANY INC.,Enterprise Products Partners LP,EPD,2022-12-31,SH,64814.0,1563314.0,64814.0,1541000.0,0.0479,0.048,79,82,0.0,,ENERGY,3822
CHILTON INVESTMENT COMPANY INC.,Amazon.com Inc.,AMZN,2022-12-31,SH,18460.0,1550640.0,20313.0,2295000.0,0.0475,0.0715,80,67,-9.122237,reduction,CONSUMER DISCRETIONARY,3573
CHILTON INVESTMENT COMPANY INC.,Wells Fargo & Co. 7.50% Non-Cumulative Perpetual Convertible Class A Preferred,WFCPRL,2022-12-31,SH,1300.0,1540500.0,1300.0,1565000.0,0.0472,0.0487,81,80,0.0,,FINANCE,73782
CHILTON INVESTMENT COMPANY INC.,The Utilities Select Sector SPDR Fund-,XLU,2022-12-31,SH,21500.0,1515750.0,21500.0,1408000.0,0.0464,0.0439,82,85,0.0,,UTILITIES AND TELECOMMUNICATIONS,5018
CHILTON INVESTMENT COMPANY INC.,Eaton Corp. (Torbenson Axle Co. - Eaton Axle & Spring),ETN,2022-12-31,SH,9628.0,1511115.0,3204.0,427000.0,0.0463,0.0133,83,116,200.499376,addition,CONSUMER DISCRETIONARY,226
CHILTON INVESTMENT COMPANY INC.,Copart Inc.,CPRT,2022-12-31,SH,38766.0,1180231.0,22912.0,609000.0,0.0361,0.019,84,108,69.195182,addition,INDUSTRIALS,2766
CHILTON INVESTMENT COMPANY INC.,Toro Co,TTC,2022-12-31,SH,9760.0,1104832.0,9760.0,844000.0,0.0338,0.0263,85,96,0.0,,INDUSTRIALS,5034
CHILTON INVESTMENT COMPANY INC.,Waste Management Inc.,WM,2022-12-31,SH,7032.0,1103180.0,0.0,0.0,0.0338,,86,999999,,new,INDUSTRIALS,474
CHILTON INVESTMENT COMPANY INC.,Ameriprise Financial Inc.,AMP,2022-12-31,SH,3373.0,1050251.0,3373.0,850000.0,0.0322,0.0265,87,95,0.0,,FINANCE,536
CHILTON INVESTMENT COMPANY INC.,S&P Global Inc. (McGraw-Hill Inc.),SPGI,2022-12-31,SH,3082.0,1032285.0,2834.0,865000.0,0.0316,0.0269,88,94,8.750882,addition,COMMUNICATIONS,251
CHILTON INVESTMENT COMPANY INC.,Chevron Corp. (Standard Oil of California),CVX,2022-12-31,SH,5708.0,1024529.0,2942.0,423000.0,0.0314,0.0132,89,117,94.017675,addition,ENERGY,214
CHILTON INVESTMENT COMPANY INC.,U.S. Bancorp (First National Bank of Cincinnati),USB,2022-12-31,SH,23186.0,1011141.0,10172.0,410000.0,0.031,0.0128,90,119,127.939442,addition,FINANCE,471
CHILTON INVESTMENT COMPANY INC.,Norfolk Southern Corp.,NSC,2022-12-31,SH,3923.0,966706.0,3923.0,822000.0,0.0296,0.0256,91,99,0.0,,TRANSPORTS,440
CHILTON INVESTMENT COMPANY INC.,American Public Education Inc,APEI,2022-12-31,SH,65521.0,805253.0,304080.0,2779000.0,0.0247,0.0866,92,63,-78.45271,reduction,CONSUMER DISCRETIONARY,5595
CHILTON INVESTMENT COMPANY INC.,The Financial Select Sector SPDR Fund-,XLF,2022-12-31,SH,23500.0,803700.0,23500.0,713000.0,0.0246,0.0222,93,102,0.0,,FINANCE,5963
CHILTON INVESTMENT COMPANY INC.,Stryker Corp.,SYK,2022-12-31,SH,3242.0,792637.0,3309.0,670000.0,0.0243,0.0209,94,103,-2.024781,reduction,HEALTH CARE,282
CHILTON INVESTMENT COMPANY INC.,Fastenal Co.,FAST,2022-12-31,SH,15970.0,755700.0,15970.0,735000.0,0.0231,0.0229,95,101,0.0,,INDUSTRIALS,3446
CHILTON INVESTMENT COMPANY INC.,Procter & Gamble Co. (OH) (1905),PG,2022-12-31,SH,4788.0,725669.0,4889.0,617000.0,0.0222,0.0192,96,106,-2.065862,reduction,CONSUMER STAPLES,272
CHILTON INVESTMENT COMPANY INC.,Occidental Petroleum Corp.,OXY,2022-12-31,SH,11098.0,699063.0,0.0,0.0,0.0214,,97,999999,,new,ENERGY,442
CHILTON INVESTMENT COMPANY INC.,Huntington Bancshares Inc. (Huntington National Bank Columbus OH),HBAN,2022-12-31,SH,46733.0,658935.0,46733.0,616000.0,0.0202,0.0192,98,107,0.0,,FINANCE,486
CHILTON INVESTMENT COMPANY INC.,Bristol-Myers Squibb Co,BMY,2022-12-31,SH,9156.0,658774.0,9156.0,651000.0,0.0202,0.0203,99,104,0.0,,HEALTH CARE,380
CHILTON INVESTMENT COMPANY INC.,Comcast Corp.  Class A,CMCSA,2022-12-31,SH,18406.0,643658.0,13179.0,387000.0,0.0197,0.0121,100,121,39.661583,addition,COMMUNICATIONS,3995
CHILTON INVESTMENT COMPANY INC.,Applied Materials Inc.,AMAT,2022-12-31,SH,6459.0,628977.0,6459.0,529000.0,0.0193,0.0165,101,113,0.0,,INFORMATION TECHNOLOGY,918
CHILTON INVESTMENT COMPANY INC.,PNC Financial Services Group Inc. (The) (Provident National Trust Co.),PNC,2022-12-31,SH,3816.0,602699.0,3816.0,570000.0,0.0185,0.0178,102,109,0.0,,FINANCE,3649
CHILTON INVESTMENT COMPANY INC.,NIKE Inc.,NKE,2022-12-31,SH,4840.0,566328.0,5049.0,420000.0,0.0173,0.0131,103,118,-4.139434,reduction,CONSUMER DISCRETIONARY,4000
CHILTON INVESTMENT COMPANY INC.,Truist Financial Corp,TFC,2022-12-31,SH,12950.0,557239.0,12950.0,564000.0,0.0171,0.0176,104,110,0.0,,FINANCE,11341
CHILTON INVESTMENT COMPANY INC.,Brown-Forman Corp. Class A,BF.A,2022-12-31,SH,7925.0,521148.0,7925.0,535000.0,0.016,0.0167,105,112,0.0,,CONSUMER STAPLES,8693
CHILTON INVESTMENT COMPANY INC.,NextEra Energy Inc.,NEE,2022-12-31,SH,5676.0,474514.0,5676.0,445000.0,0.0145,0.0139,106,114,0.0,,UTILITIES AND TELECOMMUNICATIONS,90500
CHILTON INVESTMENT COMPANY INC.,Yum! Brands Inc. (Tricon Global Restaurants),YUM,2022-12-31,SH,3634.0,465443.0,3634.0,386000.0,0.0142,0.012,107,122,0.0,,CONSUMER DISCRETIONARY,479
CHILTON INVESTMENT COMPANY INC.,Broadcom Ltd. (Avago Technologies),AVGO,2022-12-31,SH,767.0,428853.0,767.0,341000.0,0.0131,0.0106,108,129,0.0,,INFORMATION TECHNOLOGY,81122
CHILTON INVESTMENT COMPANY INC.,Raytheon Technologies Corp. (United Technologies),RTX,2022-12-31,SH,4092.0,412965.0,4092.0,335000.0,0.0126,0.0104,109,131,0.0,,INDUSTRIALS,285
CHILTON INVESTMENT COMPANY INC.,Lowes Companies Inc.,LOW,2022-12-31,SH,2065.0,411431.0,2038.0,383000.0,0.0126,0.0119,110,123,1.324828,addition,CONSUMER DISCRETIONARY,138
CHILTON INVESTMENT COMPANY INC.,Dollar General Corp.,DG,2022-12-31,SH,1581.0,389321.0,1581.0,379000.0,0.0119,0.0118,111,124,0.0,,CONSUMER DISCRETIONARY,85548
CHILTON INVESTMENT COMPANY INC.,Charles Schwab Corp,SCHW,2022-12-31,SH,4519.0,376252.0,4519.0,325000.0,0.0115,0.0101,112,133,0.0,,FINANCE,3661
CHILTON INVESTMENT COMPANY INC.,Amphenol Corp. (1987),APH,2022-12-31,SH,4868.0,370650.0,5018.0,336000.0,0.0113,0.0105,113,130,-2.989239,reduction,INFORMATION TECHNOLOGY,5048
CHILTON INVESTMENT COMPANY INC.,Accenture Plc,ACN,2022-12-31,SH,1381.0,368506.0,1406.0,362000.0,0.0113,0.0113,114,126,-1.778094,reduction,INFORMATION TECHNOLOGY,4409
CHILTON INVESTMENT COMPANY INC.,Honeywell International Inc. (Allied Chemical and Dye - Allied Signal),HON,2022-12-31,SH,1716.0,367739.0,1616.0,270000.0,0.0113,0.0084,115,141,6.188119,addition,INDUSTRIALS,416
CHILTON INVESTMENT COMPANY INC.,Roper Technologies Inc,ROP,2022-12-31,SH,820.0,354314.0,820.0,295000.0,0.0108,0.0092,116,138,0.0,,INDUSTRIALS,576
CHILTON INVESTMENT COMPANY INC.,New Mountain Finance Corp,NMFC,2022-12-31,SH,28263.0,349613.0,28263.0,326000.0,0.0107,0.0102,117,132,0.0,,INDUSTRIALS,112197
CHILTON INVESTMENT COMPANY INC.,Meta Platforms Inc,META,2022-12-31,SH,2876.0,346098.0,2876.0,390000.0,0.0106,0.0121,118,120,0.0,,COMMUNICATIONS,123861
CHILTON INVESTMENT COMPANY INC.,Lam Research Corp.,LRCX,2022-12-31,SH,813.0,341704.0,813.0,298000.0,0.0105,0.0093,119,137,0.0,,INFORMATION TECHNOLOGY,2661
CHILTON INVESTMENT COMPANY INC.,Marsh & McLennan Companies Inc.,MMC,2022-12-31,SH,2008.0,332284.0,2008.0,300000.0,0.0102,0.0093,120,136,0.0,,FINANCE,4352
CHILTON INVESTMENT COMPANY INC.,Verisk Analytics Inc,VRSK,2022-12-31,SH,1847.0,325848.0,1847.0,315000.0,0.01,0.0098,121,135,0.0,,INDUSTRIALS,83334
CHILTON INVESTMENT COMPANY INC.,Waters Corporation,WAT,2022-12-31,SH,942.0,322710.0,942.0,254000.0,0.0099,0.0079,122,145,0.0,,HEALTH CARE,3457
CHILTON INVESTMENT COMPANY INC.,PPG Industries Inc. (Pittsburgh Plate Glass),PPG,2022-12-31,SH,2565.0,322523.0,2565.0,284000.0,0.0099,0.0088,123,139,0.0,,MATERIALS,3701
CHILTON INVESTMENT COMPANY INC.,Walmart Inc,WMT,2022-12-31,SH,6306.0,298043.0,6306.0,273000.0,0.0091,0.0085,124,140,0.0,,CONSUMER STAPLES,345
CHILTON INVESTMENT COMPANY INC.,Trimble Navigation Ltd.,TRMB,2022-12-31,SH,5814.0,293956.0,5814.0,316000.0,0.009,0.0098,125,134,0.0,,INFORMATION TECHNOLOGY,5179
CHILTON INVESTMENT COMPANY INC.,United Parcel Service Inc. Class B,UPS,2022-12-31,SH,1591.0,276579.0,1591.0,257000.0,0.0085,0.008,126,144,0.0,,TRANSPORTS,3795
CHILTON INVESTMENT COMPANY INC.,Agilent Technologies Inc,A,2022-12-31,SH,1842.0,275655.0,1842.0,224000.0,0.0084,0.007,127,149,0.0,,INFORMATION TECHNOLOGY,4847
CHILTON INVESTMENT COMPANY INC.,ChampionX Corp,CHX,2022-12-31,SH,9200.0,266708.0,32521.0,636000.0,0.0082,0.0198,128,105,-71.710587,reduction,ENERGY,206548
CHILTON INVESTMENT COMPANY INC.,MSCI Inc,MSCI,2022-12-31,SH,559.0,260030.0,577.0,243000.0,0.008,0.0076,129,147,-3.119584,reduction,FINANCE,89238
CHILTON INVESTMENT COMPANY INC.,CME Group Inc,CME,2022-12-31,SH,1400.0,235424.0,1400.0,248000.0,0.0072,0.0077,130,146,0.0,,FINANCE,4861
CHILTON INVESTMENT COMPANY INC.,Adobe Systems Inc.,ADBE,2022-12-31,SH,690.0,232206.0,0.0,0.0,0.0071,,131,999999,,new,INFORMATION TECHNOLOGY,4294
CHILTON INVESTMENT COMPANY INC.,iShares Core Growth Allocation ETF-iShares Core Growth Allocation ETF,AOR,2022-12-31,SH,4609.0,217360.0,0.0,0.0,0.0067,,132,999999,,new,FINANCE,74851
CHILTON INVESTMENT COMPANY INC.,iShares MSCI EAFE ETF-iShares MSCI EAFE ETF,EFA,2022-12-31,SH,3281.0,215365.0,0.0,0.0,0.0066,,133,999999,,new,FINANCE,3952
CHILTON INVESTMENT COMPANY INC.,Brown-Forman Corp. Class B,BF.B,2022-12-31,SH,3230.0,212146.0,3230.0,215000.0,0.0065,0.0067,134,154,0.0,,CONSUMER STAPLES,5058
CHILTON INVESTMENT COMPANY INC.,Crown Castle International Corp,CCI,2022-12-31,SH,1500.0,203460.0,1500.0,217000.0,0.0062,0.0068,135,153,0.0,,UTILITIES AND TELECOMMUNICATIONS,2617
CHILTON INVESTMENT COMPANY INC.,3M Co. (Minnesota Mining & Manufacturing),MMM,2022-12-31,SH,0.0,0.0,18883.0,2087000.0,,0.065,999999,71,-100.0,soldall,INDUSTRIALS,188
CHILTON INVESTMENT COMPANY INC.,Best Buy Co. Inc.,BBY,2022-12-31,SH,0.0,0.0,19190.0,1215000.0,,0.0378,999999,89,-100.0,soldall,CONSUMER DISCRETIONARY,208
CHILTON INVESTMENT COMPANY INC.,NVIDIA Corp.,NVDA,2022-12-31,SH,0.0,0.0,3647.0,443000.0,,0.0138,999999,115,-100.0,soldall,INFORMATION TECHNOLOGY,261
CHILTON INVESTMENT COMPANY INC.,Starbucks Corp.,SBUX,2022-12-31,SH,0.0,0.0,26724.0,2252000.0,,0.0701,999999,69,-100.0,soldall,CONSUMER DISCRETIONARY,360
CHILTON INVESTMENT COMPANY INC.,Walt Disney Co. (The),DIS,2022-12-31,SH,0.0,0.0,2123.0,200000.0,,0.0062,999999,157,-100.0,soldall,COMMUNICATIONS,395
CHILTON INVESTMENT COMPANY INC.,Paychex Inc.,PAYX,2022-12-31,SH,0.0,0.0,43556.0,4887000.0,,0.1522,999999,46,-100.0,soldall,INFORMATION TECHNOLOGY,703
CHILTON INVESTMENT COMPANY INC.,Bath & Body Works Inc (L Brands),BBWI,2022-12-31,SH,0.0,0.0,29755.0,970000.0,,0.0302,999999,91,-100.0,soldall,CONSUMER DISCRETIONARY,1043
CHILTON INVESTMENT COMPANY INC.,Paramount Global,PARA,2022-12-31,SH,0.0,0.0,18747.0,357000.0,,0.0111,999999,127,-100.0,soldall,COMMUNICATIONS,2509
CHILTON INVESTMENT COMPANY INC.,NVR Inc,NVR,2022-12-31,SH,0.0,0.0,802.0,3198000.0,,0.0996,999999,58,-100.0,soldall,CONSUMER DISCRETIONARY,2611
CHILTON INVESTMENT COMPANY INC.,Darden Restaurants Inc,DRI,2022-12-31,SH,0.0,0.0,23691.0,2993000.0,,0.0932,999999,62,-100.0,soldall,CONSUMER DISCRETIONARY,2638
CHILTON INVESTMENT COMPANY INC.,Prudential Financial Inc,PRU,2022-12-31,SH,0.0,0.0,9773.0,838000.0,,0.0261,999999,97,-100.0,soldall,FINANCE,3652
CHILTON INVESTMENT COMPANY INC.,CBRE Group Inc Common Stock Class A,CBRE,2022-12-31,SH,0.0,0.0,47845.0,3230000.0,,0.1006,999999,57,-100.0,soldall,REAL ESTATE,4017
CHILTON INVESTMENT COMPANY INC.,iShares S&P 500 Growth ETF-iShares S&P 500 Growth ETF,IVW,2022-12-31,SH,0.0,0.0,3869.0,224000.0,,0.007,999999,150,-100.0,soldall,FINANCE,4118
CHILTON INVESTMENT COMPANY INC.,iShares Russell 1000 Growth ETF-iShares Russell 1000 Growth ETF,IWF,2022-12-31,SH,0.0,0.0,1260.0,265000.0,,0.0083,999999,142,-100.0,soldall,FINANCE,4120
CHILTON INVESTMENT COMPANY INC.,iShares Russell 1000 Value ETF-iShares Russell 1000 Value ETF,IWD,2022-12-31,SH,0.0,0.0,2592.0,352000.0,,0.011,999999,128,-100.0,soldall,FINANCE,4121
CHILTON INVESTMENT COMPANY INC.,Berkshire Hathaway Inc Class A,BRK.A,2022-12-31,SH,0.0,0.0,4.0,1626000.0,,0.0506,999999,76,-100.0,soldall,FINANCE,4161
CHILTON INVESTMENT COMPANY INC.,Zebra Technologies Corp,ZBRA,2022-12-31,SH,0.0,0.0,12769.0,3346000.0,,0.1042,999999,54,-100.0,soldall,INFORMATION TECHNOLOGY,4407
CHILTON INVESTMENT COMPANY INC.,American Tower Corp. Class A,AMT,2022-12-31,SH,0.0,0.0,968.0,208000.0,,0.0065,999999,155,-100.0,soldall,UTILITIES AND TELECOMMUNICATIONS,4850
CHILTON INVESTMENT COMPANY INC.,iShares S&P 500 Value ETF-iShares S&P 500 Value ETF,IVE,2022-12-31,SH,0.0,0.0,1572.0,202000.0,,0.0063,999999,156,-100.0,soldall,FINANCE,5115
CHILTON INVESTMENT COMPANY INC.,New York Times Co. Class A,NYT,2022-12-31,SH,0.0,0.0,43561.0,1252000.0,,0.039,999999,88,-100.0,soldall,COMMUNICATIONS,5142
CHILTON INVESTMENT COMPANY INC.,Clorox Co.,CLX,2022-12-31,SH,0.0,0.0,31904.0,4096000.0,,0.1276,999999,50,-100.0,soldall,CONSUMER STAPLES,11327
CHILTON INVESTMENT COMPANY INC.,Ecolab Inc.,ECL,2022-12-31,SH,0.0,0.0,3795.0,548000.0,,0.0171,999999,111,-100.0,soldall,MATERIALS,11345
CHILTON INVESTMENT COMPANY INC.,American Airlines Group Inc,AAL,2022-12-31,SH,0.0,0.0,72105.0,868000.0,,0.027,999999,93,-100.0,soldall,TRANSPORTS,164695
CHILTON INVESTMENT COMPANY INC.,AMC Entertainment Holdings Inc,AMC,2022-12-31,SH,0.0,0.0,1262.2,88000.0,,0.0027,999999,159,-100.0,soldall,CONSUMER DISCRETIONARY,164780
CHILTON INVESTMENT COMPANY INC.,ARK Innovation ETF-ARK Innovation ETF,ARKK,2022-12-31,SH,0.0,0.0,33181.0,1252000.0,,0.039,999999,87,-100.0,soldall,FINANCE,174851
CHILTON INVESTMENT COMPANY INC.,Floor & Decor Holdings Inc,FND,2022-12-31,SH,0.0,0.0,68530.0,4815000.0,,0.15,999999,47,-100.0,soldall,CONSUMER DISCRETIONARY,198898
CHILTON INVESTMENT COMPANY INC.,CarGurus Inc,CARG,2022-12-31,SH,0.0,0.0,13398.0,190000.0,,0.0059,999999,158,-100.0,soldall,CONSUMER DISCRETIONARY,203056
CHILTON INVESTMENT COMPANY INC.,MongoDB Inc,MDB,2022-12-31,SH,0.0,0.0,5419.0,1076000.0,,0.0335,999999,90,-100.0,soldall,INFORMATION TECHNOLOGY,203240
CHILTON INVESTMENT COMPANY INC.,DocuSign Inc,DOCU,2022-12-31,SH,0.0,0.0,4175.0,223000.0,,0.0069,999999,151,-100.0,soldall,INFORMATION TECHNOLOGY,206561
CHILTON INVESTMENT COMPANY INC.,Axa Equitable Holdings Inc,EQH,2022-12-31,SH,0.0,0.0,8600.0,227000.0,,0.0071,999999,148,-100.0,soldall,FINANCE,206567
CHILTON INVESTMENT COMPANY INC.,Crowdstrike Holdings Inc,CRWD,2022-12-31,SH,0.0,0.0,4892.0,806000.0,,0.0251,999999,100,-100.0,soldall,INFORMATION TECHNOLOGY,211634
CHILTON INVESTMENT COMPANY INC.,Snowflake Inc.,SNOW,2022-12-31,SH,0.0,0.0,4918.0,836000.0,,0.026,999999,98,-100.0,soldall,INFORMATION TECHNOLOGY,241987
CHILTON INVESTMENT COMPANY INC.,Warby Parker Inc,WRBY,2022-12-31,SH,0.0,0.0,16485.0,220000.0,,0.0069,999999,152,-100.0,soldall,CONSUMER DISCRETIONARY,277711
CHILTON INVESTMENT COMPANY INC.,Rivian Automotive Inc,RIVN,2022-12-31,SH,0.0,0.0,8034.0,264000.0,,0.0082,999999,143,-100.0,soldall,CONSUMER DISCRETIONARY,279289
