Filer Name,Stock Name,Stock Ticker,Quarter Date,Type of Security,Current Shares Held,Current Market Value,Previous Shares Held,Previous Market Value,Current % of Portfolio,Previous % of Portfolio,Current Rank,Previous Rank,Change in Shares,Type of Change,Sector,stock_id
CHILTON INVESTMENT COMPANY INC.,ALPHA NATURAL RESOURCES INC.,ANRZQ,2011-06-30,SH,4646277.0,211127000.0,3109897.0,184635000.0,3.7889,3.08,1,2,49.402922,addition,ENERGY,2763
CHILTON INVESTMENT COMPANY INC.,Mosaic Company (The),MOS,2011-06-30,SH,2648430.0,179378000.0,2021528.0,159195000.0,3.2192,2.6556,2,6,31.011294,addition,MATERIALS,11443
CHILTON INVESTMENT COMPANY INC.,Weatherford International plc,WFTIQ,2011-06-30,SH,9350199.0,175316000.0,9062225.0,204806000.0,3.1463,3.4165,3,1,3.177741,addition,ENERGY,2531
CHILTON INVESTMENT COMPANY INC.,Southwestern Energy Co.,SWN,2011-06-30,SH,3884682.0,166575000.0,3865577.0,166104000.0,2.9894,2.7709,4,3,0.494234,addition,ENERGY,3900
CHILTON INVESTMENT COMPANY INC.,EOG Resources Inc,EOG,2011-06-30,SH,2813560.0,147079000.0,2734388.0,162026000.0,2.6395,2.7029,5,5,2.895419,addition,ENERGY,4870
CHILTON INVESTMENT COMPANY INC.,Broadcom Ltd. (Avago Technologies),AVGO,2011-06-30,SH,3808191.0,144711000.0,3521491.0,109518000.0,2.597,1.8269,6,12,8.141438,addition,INFORMATION TECHNOLOGY,81122
CHILTON INVESTMENT COMPANY INC.,Patriot Coal Corp,PCXCQ,2011-06-30,SH,6487391.0,144409000.0,6304849.0,162854000.0,2.5916,2.7167,7,4,2.895264,addition,ENERGY,3452
CHILTON INVESTMENT COMPANY INC.,Agnico-Eagle Mines Ltd,AEM,2011-06-30,SH,1964954.0,124048000.0,1909809.0,126716000.0,2.2262,2.1138,8,8,2.887462,addition,MATERIALS,5500
CHILTON INVESTMENT COMPANY INC.,BTC iShares Silver Trust,SLV,2011-06-30,SH,3424922.0,115934000.0,3328555.0,122458000.0,2.0806,2.0428,9,9,2.89516,addition,FINANCE,5927
CHILTON INVESTMENT COMPANY INC.,WALTER ENERGY INC COM STK (DE),WLT,2011-06-30,SH,948173.0,109798000.0,1019492.0,138070000.0,1.9705,2.3032,10,7,-6.995543,reduction,INDUSTRIALS,4979
CHILTON INVESTMENT COMPANY INC.,Monsanto Co. (New),MON,2011-06-30,SH,1512371.0,109707000.0,1463418.0,105747000.0,1.9688,1.764,11,14,3.345114,addition,MATERIALS,16
CHILTON INVESTMENT COMPANY INC.,Marvell Technology Group Ltd,MRVL,2011-06-30,SH,7210253.0,106459000.0,5910126.0,91902000.0,1.9105,1.5331,12,19,21.998296,addition,INFORMATION TECHNOLOGY,3999
CHILTON INVESTMENT COMPANY INC.,Agrium Inc. - Merged with Potash,AGU,2011-06-30,SH,1206510.0,105883000.0,1172559.0,108180000.0,1.9002,1.8046,13,13,2.895462,addition,MATERIALS,11418
CHILTON INVESTMENT COMPANY INC.,Micron Technology Inc.,MU,2011-06-30,SH,14139767.0,105765000.0,7205792.0,82578000.0,1.8981,1.3775,14,26,96.227798,addition,INFORMATION TECHNOLOGY,488
CHILTON INVESTMENT COMPANY INC.,CNX Resources Corporation,CNX,2011-06-30,SH,2151763.0,104317000.0,2091223.0,112152000.0,1.8721,1.8709,15,11,2.894957,addition,ENERGY,1030
CHILTON INVESTMENT COMPANY INC.,Coterra Energy Inc,CTRA,2011-06-30,SH,6226484.0,103220000.0,6051320.0,80135000.0,1.8524,1.3368,16,27,2.894641,addition,ENERGY,2765
CHILTON INVESTMENT COMPANY INC.,Freeport-McMoRan Copper & Gold Inc,FCX,2011-06-30,SH,1834713.0,97056000.0,1575958.0,87544000.0,1.7418,1.4604,17,22,16.418902,addition,MATERIALS,652
CHILTON INVESTMENT COMPANY INC.,Cameco Corp.,CCJ,2011-06-30,SH,3633136.0,95733000.0,1575600.0,47331000.0,1.718,0.7896,18,48,130.587459,addition,ENERGY,156
CHILTON INVESTMENT COMPANY INC.,Patterson-UTI Energy Inc,PTEN,2011-06-30,SH,3006739.0,95043000.0,2922142.0,85882000.0,1.7057,1.4327,19,24,2.895034,addition,ENERGY,702
CHILTON INVESTMENT COMPANY INC.,Range Resources Corp.,RRC,2011-06-30,SH,1703045.0,94519000.0,1660977.0,97101000.0,1.6963,1.6198,20,15,2.532726,addition,ENERGY,3656
CHILTON INVESTMENT COMPANY INC.,Corning Inc.,GLW,2011-06-30,SH,5102784.0,92616000.0,4688741.0,96729000.0,1.6621,1.6136,21,17,8.830579,addition,MATERIALS,146
CHILTON INVESTMENT COMPANY INC.,Wheaton Precious Metals Corp,WPM,2011-06-30,SH,2663085.0,87975000.0,2588161.0,112535000.0,1.5788,1.8773,22,10,2.894874,addition,MATERIALS,5935
CHILTON INVESTMENT COMPANY INC.,LKQ Corp,LKQ,2011-06-30,SH,6628204.0,86465000.0,5763906.0,69455000.0,1.5517,1.1586,23,30,14.995005,addition,INDUSTRIALS,5610
CHILTON INVESTMENT COMPANY INC.,Entegris Inc.,ENTG,2011-06-30,SH,8508468.0,86106000.0,11054097.0,96944000.0,1.5453,1.6172,24,16,-23.028828,reduction,INFORMATION TECHNOLOGY,3717
CHILTON INVESTMENT COMPANY INC.,Suncor Energy Inc.,SU,2011-06-30,SH,2088295.0,81652000.0,2029549.0,91005000.0,1.4653,1.5181,25,20,2.894535,addition,ENERGY,127
CHILTON INVESTMENT COMPANY INC.,Hollywood Casino Corp. Class A,HWD,2011-06-30,SH,4658338.0,77452000.0,5964755.0,96188000.0,1.39,1.6046,26,18,-21.902274,reduction,CONSUMER DISCRETIONARY,5539
CHILTON INVESTMENT COMPANY INC.,MOLYCORP INC COM STK,MCPIQ,2011-06-30,SH,1243880.0,75951000.0,1199033.0,71966000.0,1.363,1.2005,27,29,3.740264,addition,MATERIALS,91630
CHILTON INVESTMENT COMPANY INC.,Nutrien Ltd,NTR,2011-06-30,SH,1245260.0,70967000.0,1410212.0,83104000.0,1.2736,1.3863,28,25,-11.696965,reduction,MATERIALS,267
CHILTON INVESTMENT COMPANY INC.,ARCH COAL INC. (XNYS TO: XNAS),ACIIQ,2011-06-30,SH,247206.2,65905000.0,240250.4,86586000.0,1.1827,1.4444,29,23,2.895229,addition,ENERGY,4851
CHILTON INVESTMENT COMPANY INC.,Dollar Tree Inc.,DLTR,2011-06-30,SH,1935950.0,64486000.0,2049968.0,56907000.0,1.1573,0.9493,30,35,-5.56194,reduction,CONSUMER DISCRETIONARY,2640
CHILTON INVESTMENT COMPANY INC.,Dollar General Corp.,DG,2011-06-30,SH,1890216.0,64059000.0,1587200.0,49759000.0,1.1496,0.8301,31,43,19.09123,addition,CONSUMER DISCRETIONARY,85548
CHILTON INVESTMENT COMPANY INC.,Vivus Inc,VVUS,2011-06-30,SH,737410.3,60025000.0,777381.7,48120000.0,1.0772,0.8027,32,46,-5.141798,reduction,HEALTH CARE,7680
CHILTON INVESTMENT COMPANY INC.,Yum! Brands Inc. (Tricon Global Restaurants),YUM,2011-06-30,SH,1046182.0,57791000.0,1107589.0,56908000.0,1.0371,0.9493,33,34,-5.544205,reduction,CONSUMER DISCRETIONARY,479
CHILTON INVESTMENT COMPANY INC.,NovaGold Resources Inc,NG,2011-06-30,SH,6004168.0,55238000.0,5835214.0,75858000.0,0.9913,1.2654,34,28,2.895421,addition,MATERIALS,4095
CHILTON INVESTMENT COMPANY INC.,Home Depot Inc. (The),HD,2011-06-30,SH,1521973.0,55126000.0,2389942.0,88571000.0,0.9893,1.4775,35,21,-36.317576,reduction,CONSUMER DISCRETIONARY,354
CHILTON INVESTMENT COMPANY INC.,Iamgold Corp,IAG,2011-06-30,SH,2821945.0,52940000.0,2734730.0,60219000.0,0.9501,1.0046,36,32,3.189163,addition,MATERIALS,117
CHILTON INVESTMENT COMPANY INC.,Intrepid Potash Inc,IPI,2011-06-30,SH,159029.1,51684000.0,154115.2,53663000.0,0.9275,0.8952,37,38,3.188459,addition,MATERIALS,46046
CHILTON INVESTMENT COMPANY INC.,CF Industries Holdings Inc,CF,2011-06-30,SH,1754665.0,49717000.0,1700375.0,46519000.0,0.8922,0.776,38,49,3.192825,addition,MATERIALS,4
CHILTON INVESTMENT COMPANY INC.,Baytex Energy Corp,BTEGF,2011-06-30,SH,905384.0,49539000.0,877411.0,51347000.0,0.889,0.8566,39,40,3.18813,addition,ENERGY,6978
CHILTON INVESTMENT COMPANY INC.,Bally Technologies Inc.,BYI,2011-06-30,SH,1215248.0,49436000.0,1447806.0,54799000.0,0.8872,0.9141,40,36,-16.062787,reduction,INDUSTRIALS,3924
CHILTON INVESTMENT COMPANY INC.,Helmerich & Payne Inc.,HP,2011-06-30,SH,740492.0,48961000.0,717602.0,49292000.0,0.8787,0.8223,41,44,3.18979,addition,ENERGY,5001
CHILTON INVESTMENT COMPANY INC.,American Express Co,AXP,2011-06-30,SH,937388.0,48463000.0,1062388.0,48020000.0,0.8697,0.8011,42,47,-11.765946,reduction,FINANCE,368
CHILTON INVESTMENT COMPANY INC.,McMorAn Exploration Co,MMR,2011-06-30,SH,2573079.0,47550000.0,2493560.0,44161000.0,0.8533,0.7367,43,53,3.188975,addition,ENERGY,5132
CHILTON INVESTMENT COMPANY INC.,Airgas Inc.,ARG,2011-06-30,SH,670624.0,46971000.0,0.0,0.0,0.843,,44,999999,,new,MATERIALS,5042
CHILTON INVESTMENT COMPANY INC.,Raytheon Technologies Corp. (United Technologies),RTX,2011-06-30,SH,833128.59,46407000.0,858552.59,45737000.0,0.8328,0.763,45,50,-2.961263,reduction,INDUSTRIALS,285
CHILTON INVESTMENT COMPANY INC.,Cloud Peak Energy Inc,CLDPQ,2011-06-30,SH,2087115.0,44456000.0,2017061.0,43548000.0,0.7978,0.7265,46,54,3.473073,addition,ENERGY,85582
CHILTON INVESTMENT COMPANY INC.,Transocean Ltd,RIG,2011-06-30,SH,681518.0,43999000.0,660467.0,51483000.0,0.7896,0.8588,47,39,3.18729,addition,ENERGY,4160
CHILTON INVESTMENT COMPANY INC.,Concho Resources Inc,CXO,2011-06-30,SH,463747.0,42595000.0,449431.0,48224000.0,0.7644,0.8045,48,45,3.185361,addition,ENERGY,6018
CHILTON INVESTMENT COMPANY INC.,NVR Inc,NVR,2011-06-30,SH,55131.0,39996000.0,76512.0,57843000.0,0.7178,0.9649,49,33,-27.944636,reduction,CONSUMER DISCRETIONARY,2611
CHILTON INVESTMENT COMPANY INC.,SSR Mining,SSRM,2011-06-30,SH,1466259.0,39134000.0,1420931.0,44589000.0,0.7023,0.7438,50,52,3.190021,addition,MATERIALS,5569
CHILTON INVESTMENT COMPANY INC.,AutoZone Inc.,AZO,2011-06-30,SH,121300.0,35765000.0,0.0,0.0,0.6418,,51,999999,,new,CONSUMER DISCRETIONARY,2609
CHILTON INVESTMENT COMPANY INC.,ATMEL CORP;COM USD0.001,ATML,2011-06-30,SH,2540104.0,35739000.0,1663189.0,22669000.0,0.6414,0.3782,52,77,52.724916,addition,INFORMATION TECHNOLOGY,5051
CHILTON INVESTMENT COMPANY INC.,McDonalds Corp.,MCD,2011-06-30,SH,418516.0,35289000.0,468516.0,35649000.0,0.6333,0.5947,53,58,-10.671994,reduction,CONSUMER DISCRETIONARY,250
CHILTON INVESTMENT COMPANY INC.,Popeyes Louisiana Kitchen Inc.,PLKI,2011-06-30,SH,2141554.0,35229000.0,2048007.0,30986000.0,0.6322,0.5169,54,64,4.567709,addition,CONSUMER DISCRETIONARY,6078
CHILTON INVESTMENT COMPANY INC.,MeadWestvaco Corporation,MWV,2011-06-30,SH,1053050.0,35077000.0,213250.0,6468000.0,0.6295,0.1079,55,124,393.810082,addition,MATERIALS,3629
CHILTON INVESTMENT COMPANY INC.,Sherwin-Williams Co.,SHW,2011-06-30,SH,1238475.0,34624000.0,1373475.0,38453000.0,0.6214,0.6415,56,57,-9.829083,reduction,MATERIALS,11358
CHILTON INVESTMENT COMPANY INC.,Booking Holdings Inc. (Priceline),BKNG,2011-06-30,SH,66100.0,33839000.0,54000.0,27348000.0,0.6073,0.4562,57,70,22.407407,addition,CONSUMER DISCRETIONARY,4288
CHILTON INVESTMENT COMPANY INC.,Baidu Inc ADR,BIDU,2011-06-30,SH,218022.0,30551000.0,216080.0,29778000.0,0.5483,0.4967,58,66,0.898741,addition,COMMUNICATIONS,4807
CHILTON INVESTMENT COMPANY INC.,Walt Disney Co. (The),DIS,2011-06-30,SH,780110.0,30455000.0,98000.0,4223000.0,0.5466,0.0704,59,134,696.030612,addition,COMMUNICATIONS,395
CHILTON INVESTMENT COMPANY INC.,SSgA SPDR Gold Shares,GLD,2011-06-30,SH,205410.0,29986000.0,173622.0,24276000.0,0.5381,0.405,60,75,18.30874,addition,MATERIALS,3418
CHILTON INVESTMENT COMPANY INC.,Advantage Oil & Gas Ltd,AAVVF,2011-06-30,SH,3720680.0,29502000.0,3605687.0,32383000.0,0.5294,0.5402,61,61,3.189212,addition,ENERGY,5346
CHILTON INVESTMENT COMPANY INC.,Occidental Petroleum Corp.,OXY,2011-06-30,SH,282279.06,29318000.0,108183.6,11285000.0,0.5261,0.1883,62,108,160.925926,addition,ENERGY,442
CHILTON INVESTMENT COMPANY INC.,Costco Co.,COST,2011-06-30,SH,354176.0,28773000.0,408176.0,29927000.0,0.5164,0.4992,63,65,-13.229587,reduction,CONSUMER STAPLES,393
CHILTON INVESTMENT COMPANY INC.,Brightpoint Inc.,CELL,2011-06-30,SH,3487756.0,28286000.0,4188026.0,45398000.0,0.5076,0.7573,64,51,-16.720765,reduction,INFORMATION TECHNOLOGY,5682
CHILTON INVESTMENT COMPANY INC.,Deere & Co.,DE,2011-06-30,SH,340200.0,28049000.0,358200.0,34706000.0,0.5034,0.579,65,60,-5.025126,reduction,INDUSTRIALS,222
CHILTON INVESTMENT COMPANY INC.,Valassis Communications Inc.,VCI,2011-06-30,SH,909426.0,27556000.0,869706.0,25343000.0,0.4945,0.4228,66,72,4.567061,addition,CONSUMER DISCRETIONARY,3831
CHILTON INVESTMENT COMPANY INC.,Cenovus Energy Inc,CVE,2011-06-30,SH,700024.0,26445000.0,678377.0,26821000.0,0.4746,0.4474,67,71,3.190999,addition,ENERGY,85646
CHILTON INVESTMENT COMPANY INC.,Tivo Corporation,TIVO,2011-06-30,SH,452194.0,25938000.0,234706.0,12592000.0,0.4655,0.2101,68,103,92.664014,addition,INFORMATION TECHNOLOGY,51057
CHILTON INVESTMENT COMPANY INC.,Cummins Inc,CMI,2011-06-30,SH,250050.0,25878000.0,0.0,0.0,0.4644,,69,999999,,new,INDUSTRIALS,4863
CHILTON INVESTMENT COMPANY INC.,Coca Cola Co.,KO,2011-06-30,SH,759308.0,25547000.0,149308.0,4953000.0,0.4585,0.0826,70,131,408.551451,addition,CONSUMER STAPLES,386
CHILTON INVESTMENT COMPANY INC.,Pan American Silver Corp,PAAS,2011-06-30,SH,813872.0,25141000.0,788690.0,29284000.0,0.4512,0.4885,71,67,3.192889,addition,MATERIALS,181
CHILTON INVESTMENT COMPANY INC.,Interline Brands Inc,IBI,2011-06-30,SH,1328900.0,24412000.0,1389993.0,28356000.0,0.4381,0.473,72,68,-4.395202,reduction,INDUSTRIALS,6168
CHILTON INVESTMENT COMPANY INC.,QUICKSILVER RESOURCES INC,KWKAQ,2011-06-30,SH,1440321.0,21259000.0,1395797.0,19974000.0,0.3815,0.3332,73,80,3.189862,addition,ENERGY,5156
CHILTON INVESTMENT COMPANY INC.,Destination XL Group Inc.,DXLG,2011-06-30,SH,5041342.0,20922000.0,5698684.0,27981000.0,0.3755,0.4668,74,69,-11.534979,reduction,CONSUMER DISCRETIONARY,988
CHILTON INVESTMENT COMPANY INC.,China Kanghui Holdings Sponsored ADR,KH,2011-06-30,SH,810024.0,18995000.0,810024.0,14184000.0,0.3409,0.2366,75,98,0.0,,HEALTH CARE,97438
CHILTON INVESTMENT COMPANY INC.,Platinum Group Metals Ltd,PLG,2011-06-30,SH,105124.7,18330000.0,101501.25,19908000.0,0.329,0.3321,76,81,3.569858,addition,MATERIALS,11994
CHILTON INVESTMENT COMPANY INC.,NIKE Inc.,NKE,2011-06-30,SH,803600.0,18077000.0,817600.0,15473000.0,0.3244,0.2581,77,91,-1.712329,reduction,CONSUMER DISCRETIONARY,4000
CHILTON INVESTMENT COMPANY INC.,Amphenol Corp. (1987),APH,2011-06-30,SH,1297908.0,17519000.0,0.0,0.0,0.3144,,78,999999,,new,INFORMATION TECHNOLOGY,5048
CHILTON INVESTMENT COMPANY INC.,Freightcar America Inc,RAIL,2011-06-30,SH,690060.0,17486000.0,390508.0,12695000.0,0.3138,0.2118,79,102,76.708288,addition,INDUSTRIALS,2768
CHILTON INVESTMENT COMPANY INC.,Kodiak Oil & Gas Corp.,KOG,2011-06-30,SH,3022343.0,17443000.0,2960591.0,19844000.0,0.313,0.331,80,82,2.0858,addition,ENERGY,120
CHILTON INVESTMENT COMPANY INC.,Randgold Resources Ltd ADR,GOLD,2011-06-30,SH,206498.0,17356000.0,200126.0,16318000.0,0.3115,0.2722,81,88,3.183994,addition,MATERIALS,5563
CHILTON INVESTMENT COMPANY INC.,7 Days Group Holdings Limited,SVN,2011-06-30,SH,887517.0,17156000.0,887517.0,17999000.0,0.3079,0.3003,82,86,0.0,,CONSUMER DISCRETIONARY,7610
CHILTON INVESTMENT COMPANY INC.,Trip.com Group Ltd,TCOM,2011-06-30,SH,795146.0,17127000.0,795146.0,16495000.0,0.3074,0.2752,83,87,0.0,,CONSUMER DISCRETIONARY,6019
CHILTON INVESTMENT COMPANY INC.,Robert Half International Inc.,RHI,2011-06-30,SH,591280.0,15982000.0,374127.0,11448000.0,0.2868,0.191,84,107,58.04259,addition,INDUSTRIALS,815
CHILTON INVESTMENT COMPANY INC.,Medtronic Plc,MDT,2011-06-30,SH,403968.0,15565000.0,802728.0,31587000.0,0.2793,0.5269,85,62,-49.675606,reduction,HEALTH CARE,297
CHILTON INVESTMENT COMPANY INC.,North American Palladium Ltd,PALDF,2011-06-30,SH,3722437.0,15262000.0,3628347.0,23548000.0,0.2739,0.3928,86,76,2.593192,addition,MATERIALS,8102
CHILTON INVESTMENT COMPANY INC.,Baidu Inc ADR,BIDU,2011-06-30,CALL,108000.0,15134000.0,108000.0,14883000.0,0.2716,0.2483,87,94,0.0,,COMMUNICATIONS,4807
CHILTON INVESTMENT COMPANY INC.,Ascena Retail Group Inc,ASNAQ,2011-06-30,SH,22206.05,15122000.0,76860.4,49821000.0,0.2714,0.8311,88,42,-71.108594,reduction,CONSUMER DISCRETIONARY,109584
CHILTON INVESTMENT COMPANY INC.,GLOBE SPECIALTY METALS INC COM STK,11G.OLD:FWB2,2011-06-30,SH,651342.0,14603000.0,637613.0,14512000.0,0.2621,0.2421,89,97,2.153187,addition,MATERIALS,79437
CHILTON INVESTMENT COMPANY INC.,Microchip Technology Inc,MCHP,2011-06-30,SH,759092.0,14389000.0,966702.0,18372000.0,0.2582,0.3065,90,85,-21.476112,reduction,INFORMATION TECHNOLOGY,255
CHILTON INVESTMENT COMPANY INC.,Vca Inc,WOOF,2011-06-30,SH,669996.0,14204000.0,546959.0,13772000.0,0.2549,0.2297,91,99,22.494739,addition,HEALTH CARE,5184
CHILTON INVESTMENT COMPANY INC.,Verisk Analytics Inc,VRSK,2011-06-30,SH,406011.0,14056000.0,0.0,0.0,0.2523,,92,999999,,new,INDUSTRIALS,83334
CHILTON INVESTMENT COMPANY INC.,Augusta Resource Corp.,AZC,2011-06-30,SH,2930518.0,13534000.0,2704142.0,13706000.0,0.2429,0.2286,93,100,8.371454,addition,MATERIALS,4186
CHILTON INVESTMENT COMPANY INC.,P M C SIERRA INC,PMCS,2011-06-30,SH,1669532.0,12638000.0,1097188.0,8229000.0,0.2268,0.1373,94,117,52.164624,addition,INFORMATION TECHNOLOGY,941
CHILTON INVESTMENT COMPANY INC.,AutoNavi Holdings Ltd. Sponsored ADR,AMAP,2011-06-30,SH,843410.0,12525000.0,868410.0,15380000.0,0.2248,0.2566,95,93,-2.878825,reduction,INFORMATION TECHNOLOGY,92610
CHILTON INVESTMENT COMPANY INC.,Cobalt International Energy Inc,CIE,2011-06-30,SH,59995.65,12260000.0,58141.39,14653000.0,0.22,0.2444,96,96,3.189225,addition,ENERGY,85714
CHILTON INVESTMENT COMPANY INC.,Great Panther Silver Ltd,GPL,2011-06-30,SH,361212.0,12109000.0,341351.5,14659000.0,0.2173,0.2445,97,95,5.818196,addition,MATERIALS,111616
CHILTON INVESTMENT COMPANY INC.,Nevsun Resources Ltd,NSU,2011-06-30,SH,1491930.0,9043000.0,1460248.0,8291000.0,0.1623,0.1383,98,116,2.169631,addition,MATERIALS,5551
CHILTON INVESTMENT COMPANY INC.,Avalon Advanced Materials Inc,AVLNF,2011-06-30,SH,1244652.0,8655000.0,1218214.0,9834000.0,0.1553,0.164,99,109,2.170226,addition,MATERIALS,84355
CHILTON INVESTMENT COMPANY INC.,Dine Brands Global Inc,DIN,2011-06-30,SH,157000.0,8206000.0,129500.0,7120000.0,0.1473,0.1188,100,121,21.235521,addition,CONSUMER DISCRETIONARY,46044
CHILTON INVESTMENT COMPANY INC.,St. Jude Medical,STJ,2011-06-30,SH,158451.0,7555000.0,151400.0,7761000.0,0.1356,0.1295,101,119,4.657199,addition,HEALTH CARE,495
CHILTON INVESTMENT COMPANY INC.,Alexco Resource Corp,AXU,2011-06-30,SH,1005106.0,7247000.0,983770.0,8706000.0,0.1301,0.1452,102,113,2.1688,addition,MATERIALS,5501
CHILTON INVESTMENT COMPANY INC.,Heartland Payment Systems Inc,HPY,2011-06-30,SH,350297.0,7216000.0,289058.0,5067000.0,0.1295,0.0845,103,130,21.185714,addition,INFORMATION TECHNOLOGY,3417
CHILTON INVESTMENT COMPANY INC.,PSS World Medical Inc.,PSSI,2011-06-30,SH,247214.0,6924000.0,591032.0,16047000.0,0.1243,0.2677,104,89,-58.172485,reduction,HEALTH CARE,6216
CHILTON INVESTMENT COMPANY INC.,Ford Motor Co.,F,2011-06-30,SH,500000.0,6895000.0,0.0,0.0,0.1237,,105,999999,,new,CONSUMER DISCRETIONARY,4032
CHILTON INVESTMENT COMPANY INC.,Gartner Inc.,IT,2011-06-30,SH,170000.0,6849000.0,201500.0,8397000.0,0.1229,0.1401,106,115,-15.632754,reduction,INFORMATION TECHNOLOGY,3868
CHILTON INVESTMENT COMPANY INC.,Mountain Province Diamonds Inc,MPVDF,2011-06-30,SH,1240289.0,6758000.0,1221000.0,7500000.0,0.1213,0.1251,107,120,1.579771,addition,MATERIALS,434
CHILTON INVESTMENT COMPANY INC.,Aeroflex Holding Co.,ARX,2011-06-30,SH,345328.0,6268000.0,445208.0,8107000.0,0.1125,0.1352,108,118,-22.434458,reduction,INFORMATION TECHNOLOGY,107979
CHILTON INVESTMENT COMPANY INC.,NeoPhotonics Corp,NPTN,2011-06-30,SH,850305.0,5884000.0,822320.0,9300000.0,0.1056,0.1551,109,110,3.403176,addition,INFORMATION TECHNOLOGY,110226
CHILTON INVESTMENT COMPANY INC.,Kimber Resources Inc,KBX,2011-06-30,SH,3442531.0,5680000.0,3331883.0,5598000.0,0.1019,0.0934,110,126,3.320885,addition,MATERIALS,10192
CHILTON INVESTMENT COMPANY INC.,Patterson Companies Inc.,PDCO,2011-06-30,SH,164379.0,5406000.0,356672.0,11481000.0,0.097,0.1915,111,106,-53.913119,reduction,HEALTH CARE,4900
CHILTON INVESTMENT COMPANY INC.,Triangle Petroleum Corp,TPLM,2011-06-30,SH,803846.0,5193000.0,804692.0,6679000.0,0.0932,0.1114,112,123,-0.105133,reduction,ENERGY,9407
CHILTON INVESTMENT COMPANY INC.,Newell Brands Inc,NWL,2011-06-30,SH,300000.0,4734000.0,0.0,0.0,0.085,,113,999999,,new,CONSUMER DISCRETIONARY,3635
CHILTON INVESTMENT COMPANY INC.,PERICOM SEMICONDUCTOR CORP COM STK,PSEM,2011-06-30,SH,517661.0,4628000.0,495749.0,5141000.0,0.0831,0.0858,114,129,4.419979,addition,INFORMATION TECHNOLOGY,5768
CHILTON INVESTMENT COMPANY INC.,Le Gaga Holdings Limited,GAGA,2011-06-30,SH,523065.0,4054000.0,523065.0,4781000.0,0.0728,0.0798,115,133,0.0,,CONSUMER STAPLES,108029
CHILTON INVESTMENT COMPANY INC.,Excel Trust Inc,EXL,2011-06-30,SH,323300.0,3566000.0,53300.0,628000.0,0.064,0.0105,116,162,506.566604,addition,REAL ESTATE,88978
CHILTON INVESTMENT COMPANY INC.,TAL Education Group American Depositary ADR,TAL,2011-06-30,SH,1959576.0,3544000.0,1959576.0,3570000.0,0.0636,0.0596,117,136,0.0,,CONSUMER DISCRETIONARY,96103
CHILTON INVESTMENT COMPANY INC.,Bitauto Holdings Ltd,BITA,2011-06-30,SH,437758.0,3415000.0,437758.0,5249000.0,0.0613,0.0876,118,128,0.0,,COMMUNICATIONS,107991
CHILTON INVESTMENT COMPANY INC.,Big Lots Inc,BIG,2011-06-30,SH,100000.0,3315000.0,0.0,0.0,0.0595,,119,999999,,new,CONSUMER DISCRETIONARY,756
CHILTON INVESTMENT COMPANY INC.,Molex Inc.,MOLX,2011-06-30,SH,126700.0,3265000.0,0.0,0.0,0.0586,,120,999999,,new,INFORMATION TECHNOLOGY,801
CHILTON INVESTMENT COMPANY INC.,TE Connectivity Ltd,TEL,2011-06-30,SH,88400.0,3250000.0,0.0,0.0,0.0583,,121,999999,,new,INFORMATION TECHNOLOGY,4411
CHILTON INVESTMENT COMPANY INC.,PLX TECHNOLOGY INC,PLXT,2011-06-30,SH,918372.0,3187000.0,877328.0,3202000.0,0.0572,0.0534,122,138,4.678296,addition,INFORMATION TECHNOLOGY,7451
CHILTON INVESTMENT COMPANY INC.,Cognizant Technology Solutions Corp,CTSH,2011-06-30,SH,84000.0,3080000.0,0.0,0.0,0.0553,,123,999999,,new,INFORMATION TECHNOLOGY,3996
CHILTON INVESTMENT COMPANY INC.,ChinaCache International Holdings Ltd,CCIH,2011-06-30,SH,328041.0,3038000.0,328041.0,5980000.0,0.0545,0.0998,124,125,0.0,,COMMUNICATIONS,95641
CHILTON INVESTMENT COMPANY INC.,Youku Tudou Inc,YOKU,2011-06-30,SH,74000.0,2542000.0,0.0,0.0,0.0456,,125,999999,,new,CONSUMER DISCRETIONARY,107780
CHILTON INVESTMENT COMPANY INC.,Noah Holdings Ltd ADR,NOAH,2011-06-30,SH,217179.0,2441000.0,217179.0,3177000.0,0.0438,0.053,126,139,0.0,,FINANCE,108034
CHILTON INVESTMENT COMPANY INC.,TD Ameritrade Holding Corp Class A,AMTD,2011-06-30,SH,120000.0,2341000.0,120000.0,2504000.0,0.042,0.0418,127,142,0.0,,FINANCE,2821
CHILTON INVESTMENT COMPANY INC.,Verizon Communications (Bell Atlantic Corp.),VZ,2011-06-30,SH,55800.0,2077000.0,644100.0,24824000.0,0.0373,0.4141,128,73,-91.336749,reduction,UTILITIES AND TELECOMMUNICATIONS,286
CHILTON INVESTMENT COMPANY INC.,Warner Bros.Discovery Inc,WBD,2011-06-30,SH,50000.0,2048000.0,0.0,0.0,0.0368,,129,999999,,new,COMMUNICATIONS,3595
CHILTON INVESTMENT COMPANY INC.,Apple Inc,AAPL,2011-06-30,SH,166600.0,1997000.0,2828000.0,35193000.0,0.0358,0.5871,130,59,-94.108911,reduction,INFORMATION TECHNOLOGY,195
CHILTON INVESTMENT COMPANY INC.,National Instruments Corp,NATI,2011-06-30,SH,66129.0,1963000.0,63236.0,2072000.0,0.0352,0.0346,131,144,4.574926,addition,INFORMATION TECHNOLOGY,5139
CHILTON INVESTMENT COMPANY INC.,Global X Emerging Markets Great Consumer ETF-,EMC,2011-06-30,SH,53800.0,1482000.0,711700.0,18896000.0,0.0266,0.3152,132,84,-92.440635,reduction,INFORMATION TECHNOLOGY,398
CHILTON INVESTMENT COMPANY INC.,EchoStar Corp.,SATS,2011-06-30,SH,49360.0,1457000.0,49360.0,1514000.0,0.0261,0.0253,133,145,0.0,,CONSUMER DISCRETIONARY,11307
CHILTON INVESTMENT COMPANY INC.,Amazon.com Inc.,AMZN,2011-06-30,SH,142000.0,1452000.0,2322000.0,20913000.0,0.0261,0.3489,134,79,-93.884582,reduction,CONSUMER DISCRETIONARY,3573
CHILTON INVESTMENT COMPANY INC.,Fidelity National Information Services Inc,FIS,2011-06-30,SH,46023.0,1417000.0,46023.0,1504000.0,0.0254,0.0251,135,147,0.0,,FINANCE,2403
CHILTON INVESTMENT COMPANY INC.,Casella Waste Systems Inc,CWST,2011-06-30,SH,210000.0,1281000.0,210000.0,1506000.0,0.023,0.0251,136,146,0.0,,INDUSTRIALS,6821
CHILTON INVESTMENT COMPANY INC.,Teva Pharmaceutical Industries Ltd ADR,TEVA,2011-06-30,SH,26195.0,1263000.0,0.0,0.0,0.0227,,137,999999,,new,HEALTH CARE,3839
CHILTON INVESTMENT COMPANY INC.,VanEck Gold Miners ETF-VanEck Gold Miners ETF,GDX,2011-06-30,SH,23108.0,1261000.0,23108.0,1388000.0,0.0226,0.0232,138,148,0.0,,FINANCE,7342
CHILTON INVESTMENT COMPANY INC.,Covanta Holding Corp.,CVA,2011-06-30,SH,68961.0,1137000.0,48961.0,836000.0,0.0204,0.0139,139,159,40.848839,addition,INDUSTRIALS,5438
CHILTON INVESTMENT COMPANY INC.,iSoftStone Holdings Ltd,ISS,2011-06-30,SH,72905.0,1116000.0,72905.0,1349000.0,0.02,0.0225,140,149,0.0,,INFORMATION TECHNOLOGY,108023
CHILTON INVESTMENT COMPANY INC.,Colgate-Palmolive Co.,CL,2011-06-30,SH,25500.0,1114000.0,220500.0,8904000.0,0.02,0.1485,141,111,-88.435374,reduction,CONSUMER STAPLES,217
CHILTON INVESTMENT COMPANY INC.,Valaris Class A,VALPQ,2011-06-30,SH,5067.5,1080000.0,92342.5,21364000.0,0.0194,0.3564,142,78,-94.512278,reduction,ENERGY,2736
CHILTON INVESTMENT COMPANY INC.,Wells Fargo & Co.  (Northwest Bancorporation),WFC,2011-06-30,SH,38146.0,1070000.0,40120.0,1272000.0,0.0192,0.0212,143,151,-4.920239,reduction,FINANCE,309
CHILTON INVESTMENT COMPANY INC.,VISA Inc,V,2011-06-30,SH,50724.0,1069000.0,50724.0,934000.0,0.0192,0.0156,144,156,0.0,,FINANCE,45920
CHILTON INVESTMENT COMPANY INC.,Sonoco Products Co.,SON,2011-06-30,SH,30000.0,1066000.0,30000.0,1087000.0,0.0191,0.0181,145,153,0.0,,MATERIALS,457
CHILTON INVESTMENT COMPANY INC.,CBIZ Inc,CBZ,2011-06-30,SH,136726.0,1006000.0,157026.0,1132000.0,0.0181,0.0189,146,152,-12.927795,reduction,INDUSTRIALS,7034
CHILTON INVESTMENT COMPANY INC.,Western Union Co (The),WU,2011-06-30,SH,49250.0,986000.0,49250.0,1023000.0,0.0177,0.0171,147,154,0.0,,FINANCE,23
CHILTON INVESTMENT COMPANY INC.,CBRE Group Inc Common Stock Class A,CBRE,2011-06-30,SH,32792.0,823000.0,32792.0,876000.0,0.0148,0.0146,148,157,0.0,,REAL ESTATE,4017
CHILTON INVESTMENT COMPANY INC.,E-Commerce China Dangdang Inc,DANG,2011-06-30,SH,63521.0,736000.0,63521.0,1310000.0,0.0132,0.0219,149,150,0.0,,CONSUMER DISCRETIONARY,107776
CHILTON INVESTMENT COMPANY INC.,Microsoft Corp.,MSFT,2011-06-30,SH,27800.0,723000.0,1650631.0,41860000.0,0.013,0.6983,150,56,-98.315796,reduction,INFORMATION TECHNOLOGY,178
CHILTON INVESTMENT COMPANY INC.,Barrick Gold Corp,GOLD,2011-06-30,SH,15880.0,719000.0,1163673.0,60406000.0,0.0129,1.0077,151,31,-98.635355,reduction,MATERIALS,11423
CHILTON INVESTMENT COMPANY INC.,QUALCOMM Inc.,QCOM,2011-06-30,SH,12000.0,681000.0,567000.0,31089000.0,0.0122,0.5186,152,63,-97.883598,reduction,INFORMATION TECHNOLOGY,273
CHILTON INVESTMENT COMPANY INC.,Goldman Sachs Group Inc,GS,2011-06-30,SH,5100.0,679000.0,0.0,0.0,0.0122,,153,999999,,new,FINANCE,232
CHILTON INVESTMENT COMPANY INC.,RDA Microelectronics,RDA,2011-06-30,SH,72750.0,654000.0,70303.0,1007000.0,0.0117,0.0168,154,155,3.480648,addition,INFORMATION TECHNOLOGY,108046
CHILTON INVESTMENT COMPANY INC.,Diageo Plc ADR,DEO,2011-06-30,SH,7542.0,617000.0,4542.0,346000.0,0.0111,0.0058,155,169,66.050198,addition,CONSUMER STAPLES,4107
CHILTON INVESTMENT COMPANY INC.,Sensata Technologies Holding N.V.,ST,2011-06-30,SH,13060.0,492000.0,13060.0,454000.0,0.0088,0.0076,156,164,0.0,,INFORMATION TECHNOLOGY,71922
CHILTON INVESTMENT COMPANY INC.,Boingo Wireless Inc,WIFI,2011-06-30,SH,52167.0,474000.0,0.0,0.0,0.0085,,157,999999,,new,COMMUNICATIONS,111783
CHILTON INVESTMENT COMPANY INC.,Starbucks Corp.,SBUX,2011-06-30,SH,23800.0,470000.0,0.0,0.0,0.0084,,158,999999,,new,CONSUMER DISCRETIONARY,360
CHILTON INVESTMENT COMPANY INC.,Danaher Corp.,DHR,2011-06-30,SH,9588.0,450000.0,0.0,0.0,0.0081,,159,999999,,new,HEALTH CARE,4323
CHILTON INVESTMENT COMPANY INC.,Oracle Corp,ORCL,2011-06-30,SH,12855.0,423000.0,12855.0,429000.0,0.0076,0.0072,160,166,0.0,,INFORMATION TECHNOLOGY,20
CHILTON INVESTMENT COMPANY INC.,Aon PLC,AON,2011-06-30,SH,8100.0,416000.0,8100.0,429000.0,0.0075,0.0072,161,165,0.0,,FINANCE,11339
CHILTON INVESTMENT COMPANY INC.,SPS Commerce Inc,SPSC,2011-06-30,SH,46000.0,409000.0,0.0,0.0,0.0073,,162,999999,,new,INFORMATION TECHNOLOGY,88634
CHILTON INVESTMENT COMPANY INC.,Alphabet Inc. Class A,GOOGL,2011-06-30,SH,12800.0,324000.0,12800.0,375000.0,0.0058,0.0063,163,168,0.0,,COMMUNICATIONS,4112
CHILTON INVESTMENT COMPANY INC.,Pepsico Inc. (Loft Inc.),PEP,2011-06-30,SH,4150.0,292000.0,4150.0,267000.0,0.0052,0.0045,164,172,0.0,,CONSUMER STAPLES,264
CHILTON INVESTMENT COMPANY INC.,Becton Dickinson and Co.,BDX,2011-06-30,SH,3023.75,254000.0,5434.55,422000.0,0.0046,0.007,165,167,-44.360619,reduction,HEALTH CARE,4305
CHILTON INVESTMENT COMPANY INC.,Remark Holdings Inc,MARK,2011-06-30,SH,4219.9,242000.0,4219.9,134000.0,0.0043,0.0022,166,173,0.0,,INFORMATION TECHNOLOGY,7225
CHILTON INVESTMENT COMPANY INC.,Ciena Corp,CIEN,2011-06-30,SH,11882.0,218000.0,0.0,0.0,0.0039,,167,999999,,new,INFORMATION TECHNOLOGY,59
CHILTON INVESTMENT COMPANY INC.,Wyndham Destinations Inc,TNL,2011-06-30,SH,6000.0,202000.0,0.0,0.0,0.0036,,168,999999,,new,CONSUMER DISCRETIONARY,1078
CHILTON INVESTMENT COMPANY INC.,JPMorgan Chase & Co. (Chemical Bank),JPM,2011-06-30,SH,4900.0,201000.0,0.0,0.0,0.0036,,169,999999,,new,FINANCE,240
CHILTON INVESTMENT COMPANY INC.,Crocs Inc,CROX,2011-06-30,SH,0.0,0.0,17380.0,310000.0,,0.0052,999999,170,-100.0,soldall,CONSUMER DISCRETIONARY,5
CHILTON INVESTMENT COMPANY INC.,Blackberry Ltd,BB,2011-06-30,SH,0.0,0.0,963007.0,54477000.0,,0.9088,999999,37,-100.0,soldall,INFORMATION TECHNOLOGY,21
CHILTON INVESTMENT COMPANY INC.,Time Warner Inc. (New),TWX,2011-06-30,SH,0.0,0.0,334800.0,11952000.0,,0.1994,999999,105,-100.0,soldall,COMMUNICATIONS,284
CHILTON INVESTMENT COMPANY INC.,MetLife Inc.,MET,2011-06-30,SH,0.0,0.0,219912.0,8767000.0,,0.1462,999999,112,-100.0,soldall,FINANCE,432
CHILTON INVESTMENT COMPANY INC.,Thor Industries Inc.,THO,2011-06-30,SH,0.0,0.0,369000.0,12314000.0,,0.2054,999999,104,-100.0,soldall,CONSUMER DISCRETIONARY,469
CHILTON INVESTMENT COMPANY INC.,Union Pacific Corp.,UNP,2011-06-30,SH,0.0,0.0,60000.0,2950000.0,,0.0492,999999,140,-100.0,soldall,TRANSPORTS,473
CHILTON INVESTMENT COMPANY INC.,Cleveland-Cliffs Inc,CLF,2011-06-30,SH,0.0,0.0,440297.0,43272000.0,,0.7219,999999,55,-100.0,soldall,MATERIALS,768
CHILTON INVESTMENT COMPANY INC.,Paramount Global,PARA,2011-06-30,SH,0.0,0.0,787000.0,19706000.0,,0.3287,999999,83,-100.0,soldall,COMMUNICATIONS,2509
CHILTON INVESTMENT COMPANY INC.,Strategic Education Inc. (Strayer Education),STRA,2011-06-30,SH,0.0,0.0,98450.0,12847000.0,,0.2143,999999,101,-100.0,soldall,CONSUMER DISCRETIONARY,3456
CHILTON INVESTMENT COMPANY INC.,iShares Core S&P Small-Cap ETF-iShares Core S&P Small-Cap ETF,IJR,2011-06-30,SH,0.0,0.0,101108.0,3719000.0,,0.062,999999,135,-100.0,soldall,FINANCE,4127
CHILTON INVESTMENT COMPANY INC.,Equinix Inc,EQIX,2011-06-30,SH,0.0,0.0,3000.0,273000.0,,0.0046,999999,171,-100.0,soldall,INFORMATION TECHNOLOGY,4818
CHILTON INVESTMENT COMPANY INC.,International Flavors and Fragrances Inc.,IFF,2011-06-30,SH,0.0,0.0,247288.0,15406000.0,,0.257,999999,92,-100.0,soldall,MATERIALS,5111
CHILTON INVESTMENT COMPANY INC.,Ralph Lauren Corp. Class A,RL,2011-06-30,SH,0.0,0.0,39000.0,4822000.0,,0.0804,999999,132,-100.0,soldall,CONSUMER DISCRETIONARY,5153
CHILTON INVESTMENT COMPANY INC.,SEI Investments Co.,SEIC,2011-06-30,SH,0.0,0.0,28400.0,678000.0,,0.0113,999999,161,-100.0,soldall,FINANCE,5163
CHILTON INVESTMENT COMPANY INC.,WMS Industries,WMS,2011-06-30,SH,0.0,0.0,157475.0,5567000.0,,0.0929,999999,127,-100.0,soldall,CONSUMER DISCRETIONARY,5623
CHILTON INVESTMENT COMPANY INC.,Fanhua Inc ADR,FANH,2011-06-30,SH,0.0,0.0,264176.0,3424000.0,,0.0571,999999,137,-100.0,soldall,FINANCE,6275
CHILTON INVESTMENT COMPANY INC.,Knight Transportation Inc.,KNX,2011-06-30,SH,0.0,0.0,442400.0,8516000.0,,0.1421,999999,114,-100.0,soldall,TRANSPORTS,6510
CHILTON INVESTMENT COMPANY INC.,Bronco Drilling Co Inc,BRNC,2011-06-30,SH,0.0,0.0,1369934.0,15480000.0,,0.2582,999999,90,-100.0,soldall,ENERGY,7015
CHILTON INVESTMENT COMPANY INC.,Adtalem Global Education Inc. (Kellery & Taylor Corp. -Devry Inc.),ATGE,2011-06-30,SH,0.0,0.0,442000.0,24341000.0,,0.406,999999,74,-100.0,soldall,CONSUMER DISCRETIONARY,11384
CHILTON INVESTMENT COMPANY INC.,Keurig Dr Pepper Inc,KDP,2011-06-30,SH,0.0,0.0,15300.0,569000.0,,0.0095,999999,163,-100.0,soldall,CONSUMER STAPLES,45986
CHILTON INVESTMENT COMPANY INC.,ProShares UltraShort 20+ Year Treasury-ProShares UltraShort 20+ Year Treasury,TBT,2011-06-30,SH,0.0,0.0,341881.0,51200000.0,,0.8541,999999,41,-100.0,soldall,FINANCE,46162
CHILTON INVESTMENT COMPANY INC.,Seahawk Drilling,HAWKQ,2011-06-30,SH,0.0,0.0,1098336.0,6733000.0,,0.1123,999999,122,-100.0,soldall,ENERGY,82986
CHILTON INVESTMENT COMPANY INC.,MakeMyTrip Ltd,MMYT,2011-06-30,SH,0.0,0.0,97100.0,2846000.0,,0.0475,999999,141,-100.0,soldall,CONSUMER DISCRETIONARY,92611
CHILTON INVESTMENT COMPANY INC.,Country Style Cooking Restaurant Chain C,CCSC,2011-06-30,SH,0.0,0.0,51059.0,843000.0,,0.0141,999999,158,-100.0,soldall,CONSUMER DISCRETIONARY,95626
CHILTON INVESTMENT COMPANY INC.,SemiLEDS Corp,LEDS,2011-06-30,SH,0.0,0.0,14625.4,2302000.0,,0.0384,999999,143,-100.0,soldall,INFORMATION TECHNOLOGY,97141
CHILTON INVESTMENT COMPANY INC.,Epocrates Inc,EPOC,2011-06-30,SH,0.0,0.0,35000.0,693000.0,,0.0116,999999,160,-100.0,soldall,INFORMATION TECHNOLOGY,110102
