Filer Name,Stock Name,Stock Ticker,Quarter Date,Type of Security,Current Shares Held,Current Market Value,Previous Shares Held,Previous Market Value,Current % of Portfolio,Previous % of Portfolio,Current Rank,Previous Rank,Change in Shares,Type of Change,Sector,stock_id
CHILTON INVESTMENT COMPANY INC.,Broadcom Ltd. (Avago Technologies),AVGO,2011-09-30,SH,4139430.0,135649120.0,3808191.0,144711000.0,3.1444,2.597,1,6,8.698067,addition,INFORMATION TECHNOLOGY,81122
CHILTON INVESTMENT COMPANY INC.,Southwestern Energy Co.,SWN,2011-09-30,SH,3404893.0,113485080.0,3884682.0,166575000.0,2.6307,2.9894,2,4,-12.350792,reduction,ENERGY,3900
CHILTON INVESTMENT COMPANY INC.,Nutrien Ltd,NTR,2011-09-30,SH,2571072.0,111121730.0,1245260.0,70967000.0,2.5759,1.2736,3,28,106.468689,addition,MATERIALS,267
CHILTON INVESTMENT COMPANY INC.,Mosaic Company (The),MOS,2011-09-30,SH,2258193.0,110583710.0,2648430.0,179378000.0,2.5634,3.2192,4,2,-14.734654,reduction,MATERIALS,11443
CHILTON INVESTMENT COMPANY INC.,Marvell Technology Group Ltd,MRVL,2011-09-30,SH,7000840.0,101722210.0,7210253.0,106459000.0,2.358,1.9105,5,12,-2.904378,reduction,INFORMATION TECHNOLOGY,3999
CHILTON INVESTMENT COMPANY INC.,Agnico-Eagle Mines Ltd,AEM,2011-09-30,SH,1673969.0,99634630.0,1964954.0,124048000.0,2.3096,2.2262,6,8,-14.808744,reduction,MATERIALS,5500
CHILTON INVESTMENT COMPANY INC.,Weatherford International plc,WFTIQ,2011-09-30,SH,7935853.0,96896770.0,9350199.0,175316000.0,2.2461,3.1463,7,3,-15.126373,reduction,ENERGY,2531
CHILTON INVESTMENT COMPANY INC.,LKQ Corp,LKQ,2011-09-30,SH,7976376.0,96354620.0,6628204.0,86465000.0,2.2336,1.5517,8,23,20.339929,addition,INDUSTRIALS,5610
CHILTON INVESTMENT COMPANY INC.,EOG Resources Inc,EOG,2011-09-30,SH,2398456.0,85157180.0,2813560.0,147079000.0,1.974,2.6395,9,5,-14.753693,reduction,ENERGY,4870
CHILTON INVESTMENT COMPANY INC.,Range Resources Corp.,RRC,2011-09-30,SH,1451416.0,84849780.0,1703045.0,94519000.0,1.9669,1.6963,10,20,-14.775241,reduction,ENERGY,3656
CHILTON INVESTMENT COMPANY INC.,Agrium Inc. - Merged with Potash,AGU,2011-09-30,SH,1267109.0,84465490.0,1206510.0,105883000.0,1.958,1.9002,11,13,5.022669,addition,MATERIALS,11418
CHILTON INVESTMENT COMPANY INC.,BTC iShares Silver Trust,SLV,2011-09-30,SH,2914455.0,84315180.0,3424922.0,115934000.0,1.9545,2.0806,12,9,-14.904485,reduction,FINANCE,5927
CHILTON INVESTMENT COMPANY INC.,Coterra Energy Inc,CTRA,2011-09-30,SH,5305740.0,82119590.0,6226484.0,103220000.0,1.9036,1.8524,13,16,-14.787543,reduction,ENERGY,2765
CHILTON INVESTMENT COMPANY INC.,Corning Inc.,GLW,2011-09-30,SH,6019060.0,74395580.0,5102784.0,92616000.0,1.7245,1.6621,14,21,17.956394,addition,MATERIALS,146
CHILTON INVESTMENT COMPANY INC.,ALPHA NATURAL RESOURCES INC.,ANRZQ,2011-09-30,SH,4060768.0,71834990.0,4646277.0,211127000.0,1.6652,3.7889,15,1,-12.601681,reduction,ENERGY,2763
CHILTON INVESTMENT COMPANY INC.,Dollar General Corp.,DG,2011-09-30,SH,1884359.0,71153400.0,1890216.0,64059000.0,1.6494,1.1496,16,31,-0.309859,reduction,CONSUMER DISCRETIONARY,85548
CHILTON INVESTMENT COMPANY INC.,SANDISK CORP,SNDK,2011-09-30,SH,1680921.0,67825160.0,0.0,0.0,1.5722,,17,999999,,new,INFORMATION TECHNOLOGY,943
CHILTON INVESTMENT COMPANY INC.,Airgas Inc.,ARG,2011-09-30,SH,1055711.0,67375480.0,670624.0,46971000.0,1.5618,0.843,18,44,57.422192,addition,MATERIALS,5042
CHILTON INVESTMENT COMPANY INC.,Wheaton Precious Metals Corp,WPM,2011-09-30,SH,2266927.0,67178070.0,2663085.0,87975000.0,1.5572,1.5788,19,22,-14.875905,reduction,MATERIALS,5935
CHILTON INVESTMENT COMPANY INC.,Vivus Inc,VVUS,2011-09-30,SH,819478.3,66131900.0,737410.3,60025000.0,1.533,1.0772,20,32,11.129218,addition,HEALTH CARE,7680
CHILTON INVESTMENT COMPANY INC.,AutoZone Inc.,AZO,2011-09-30,SH,196550.0,62736790.0,121300.0,35765000.0,1.4543,0.6418,21,51,62.036274,addition,CONSUMER DISCRETIONARY,2609
CHILTON INVESTMENT COMPANY INC.,CNX Resources Corporation,CNX,2011-09-30,SH,1832975.0,62192840.0,2151763.0,104317000.0,1.4417,1.8721,22,15,-14.8152,reduction,ENERGY,1030
CHILTON INVESTMENT COMPANY INC.,Home Depot Inc. (The),HD,2011-09-30,SH,1849773.0,60802040.0,1521973.0,55126000.0,1.4094,0.9893,23,35,21.537833,addition,CONSUMER DISCRETIONARY,354
CHILTON INVESTMENT COMPANY INC.,Yum! Brands Inc. (Tricon Global Restaurants),YUM,2011-09-30,SH,1103499.0,54501820.0,1046182.0,57791000.0,1.2634,1.0371,24,33,5.478683,addition,CONSUMER DISCRETIONARY,479
CHILTON INVESTMENT COMPANY INC.,Brightpoint Inc.,CELL,2011-09-30,SH,5620221.0,51762240.0,3487756.0,28286000.0,1.1999,0.5076,25,64,61.141462,addition,INFORMATION TECHNOLOGY,5682
CHILTON INVESTMENT COMPANY INC.,Cameco Corp.,CCJ,2011-09-30,SH,2812216.0,51519800.0,3633136.0,95733000.0,1.1943,1.718,26,18,-22.595356,reduction,ENERGY,156
CHILTON INVESTMENT COMPANY INC.,Entegris Inc.,ENTG,2011-09-30,SH,7885803.0,50311420.0,8508468.0,86106000.0,1.1663,1.5453,27,24,-7.31818,reduction,INFORMATION TECHNOLOGY,3717
CHILTON INVESTMENT COMPANY INC.,WALTER ENERGY INC COM STK (DE),WLT,2011-09-30,SH,806545.0,48400770.0,948173.0,109798000.0,1.122,1.9705,28,10,-14.936937,reduction,INDUSTRIALS,4979
CHILTON INVESTMENT COMPANY INC.,Iamgold Corp,IAG,2011-09-30,SH,2403463.0,47540500.0,2821945.0,52940000.0,1.102,0.9501,29,36,-14.829559,reduction,MATERIALS,117
CHILTON INVESTMENT COMPANY INC.,Patriot Coal Corp,PCXCQ,2011-09-30,SH,5524550.0,46737690.0,6487391.0,144409000.0,1.0834,2.5916,30,7,-14.841729,reduction,ENERGY,3452
CHILTON INVESTMENT COMPANY INC.,Bally Technologies Inc.,BYI,2011-09-30,SH,1680680.0,45344750.0,1215248.0,49436000.0,1.0511,0.8872,31,40,38.299343,addition,INDUSTRIALS,3924
CHILTON INVESTMENT COMPANY INC.,Suncor Energy Inc.,SU,2011-09-30,SH,1778801.0,45252700.0,2088295.0,81652000.0,1.049,1.4653,32,25,-14.820416,reduction,ENERGY,127
CHILTON INVESTMENT COMPANY INC.,Patterson-UTI Energy Inc,PTEN,2011-09-30,SH,2562614.0,44435730.0,3006739.0,95043000.0,1.03,1.7057,33,19,-14.770986,reduction,ENERGY,702
CHILTON INVESTMENT COMPANY INC.,EQT Corporation (Equitable Gas Co.),EQT,2011-09-30,SH,822727.0,43900710.0,0.0,0.0,1.0176,,34,999999,,new,UTILITIES AND TELECOMMUNICATIONS,3739
CHILTON INVESTMENT COMPANY INC.,Costco Co.,COST,2011-09-30,SH,523313.0,42974460.0,354176.0,28773000.0,0.9962,0.5164,35,63,47.755071,addition,CONSUMER STAPLES,393
CHILTON INVESTMENT COMPANY INC.,Raytheon Technologies Corp. (United Technologies),RTX,2011-09-30,SH,938320.39,41548280.0,833128.59,46407000.0,0.9631,0.8328,36,45,12.626118,addition,INDUSTRIALS,285
CHILTON INVESTMENT COMPANY INC.,Dollar Tree Inc.,DLTR,2011-09-30,SH,1105632.0,41522010.0,1935950.0,64486000.0,0.9625,1.1573,37,30,-42.889434,reduction,CONSUMER DISCRETIONARY,2640
CHILTON INVESTMENT COMPANY INC.,ATMEL CORP;COM USD0.001,ATML,2011-09-30,SH,5132842.0,41422030.0,2540104.0,35739000.0,0.9602,0.6414,38,52,102.07212,addition,INFORMATION TECHNOLOGY,5051
CHILTON INVESTMENT COMPANY INC.,SSgA SPDR Gold Shares,GLD,2011-09-30,SH,259364.0,41000260.0,205410.0,29986000.0,0.9504,0.5381,39,60,26.266491,addition,MATERIALS,3418
CHILTON INVESTMENT COMPANY INC.,Hollywood Casino Corp. Class A,HWD,2011-09-30,SH,4005588.0,40897160.0,4658338.0,77452000.0,0.948,1.39,40,26,-14.012508,reduction,CONSUMER DISCRETIONARY,5539
CHILTON INVESTMENT COMPANY INC.,Sherwin-Williams Co.,SHW,2011-09-30,SH,1612275.0,39941430.0,1238475.0,34624000.0,0.9259,0.6214,41,56,30.182281,addition,MATERIALS,11358
CHILTON INVESTMENT COMPANY INC.,FedEx Corporation,FDX,2011-09-30,SH,571300.0,38665580.0,0.0,0.0,0.8963,,42,999999,,new,TRANSPORTS,485
CHILTON INVESTMENT COMPANY INC.,American Express Co,AXP,2011-09-30,SH,859690.0,38600080.0,937388.0,48463000.0,0.8948,0.8697,43,42,-8.288777,reduction,FINANCE,368
CHILTON INVESTMENT COMPANY INC.,CF Industries Holdings Inc,CF,2011-09-30,SH,1493680.0,36861040.0,1754665.0,49717000.0,0.8545,0.8922,44,38,-14.873779,reduction,MATERIALS,4
CHILTON INVESTMENT COMPANY INC.,Freeport-McMoRan Copper & Gold Inc,FCX,2011-09-30,SH,1208985.0,36813590.0,1834713.0,97056000.0,0.8534,1.7418,45,17,-34.104953,reduction,MATERIALS,652
CHILTON INVESTMENT COMPANY INC.,McDonalds Corp.,MCD,2011-09-30,SH,418516.0,36754080.0,418516.0,35289000.0,0.852,0.6333,46,53,0.0,,CONSUMER DISCRETIONARY,250
CHILTON INVESTMENT COMPANY INC.,Baytex Energy Corp,BTEGF,2011-09-30,SH,828450.0,34762360.0,905384.0,49539000.0,0.8058,0.889,47,39,-8.497389,reduction,ENERGY,6978
CHILTON INVESTMENT COMPANY INC.,MOLYCORP INC COM STK,MCPIQ,2011-09-30,SH,1052805.0,34605700.0,1243880.0,75951000.0,0.8022,1.363,48,27,-15.361208,reduction,MATERIALS,91630
CHILTON INVESTMENT COMPANY INC.,ARCH COAL INC. (XNYS TO: XNAS),ACIIQ,2011-09-30,SH,237048.4,34561660.0,247206.2,65905000.0,0.8012,1.1827,49,29,-4.109039,reduction,ENERGY,4851
CHILTON INVESTMENT COMPANY INC.,Intrepid Potash Inc,IPI,2011-09-30,SH,135537.2,33708100.0,159029.1,51684000.0,0.7814,0.9275,50,37,-14.772076,reduction,MATERIALS,46046
CHILTON INVESTMENT COMPANY INC.,NovaGold Resources Inc,NG,2011-09-30,SH,5115583.0,32995510.0,6004168.0,55238000.0,0.7649,0.9913,51,34,-14.799469,reduction,MATERIALS,4095
CHILTON INVESTMENT COMPANY INC.,Cloud Peak Energy Inc,CLDPQ,2011-09-30,SH,1914087.0,32443770.0,2087115.0,44456000.0,0.7521,0.7978,52,46,-8.290295,reduction,ENERGY,85582
CHILTON INVESTMENT COMPANY INC.,Amphenol Corp. (1987),APH,2011-09-30,SH,3170336.0,32313650.0,1297908.0,17519000.0,0.7491,0.3144,53,78,144.265079,addition,INFORMATION TECHNOLOGY,5048
CHILTON INVESTMENT COMPANY INC.,Concho Resources Inc,CXO,2011-09-30,SH,423911.0,30157030.0,463747.0,42595000.0,0.6991,0.7644,54,48,-8.590029,reduction,ENERGY,6018
CHILTON INVESTMENT COMPANY INC.,Occidental Petroleum Corp.,OXY,2011-09-30,SH,412700.4,29458000.0,282279.06,29318000.0,0.6829,0.5261,55,62,46.202981,addition,ENERGY,442
CHILTON INVESTMENT COMPANY INC.,Booking Holdings Inc. (Priceline),BKNG,2011-09-30,SH,64000.0,28765440.0,66100.0,33839000.0,0.6668,0.6073,56,57,-3.177005,reduction,CONSUMER DISCRETIONARY,4288
CHILTON INVESTMENT COMPANY INC.,Helmerich & Payne Inc.,HP,2011-09-30,SH,708407.0,28761320.0,740492.0,48961000.0,0.6667,0.8787,57,41,-4.33293,reduction,ENERGY,5001
CHILTON INVESTMENT COMPANY INC.,Coca Cola Co.,KO,2011-09-30,SH,829308.0,28014020.0,759308.0,25547000.0,0.6494,0.4585,58,70,9.21892,addition,CONSUMER STAPLES,386
CHILTON INVESTMENT COMPANY INC.,NVR Inc,NVR,2011-09-30,SH,45970.0,27764960.0,55131.0,39996000.0,0.6436,0.7178,59,49,-16.616785,reduction,CONSUMER DISCRETIONARY,2611
CHILTON INVESTMENT COMPANY INC.,SSR Mining,SSRM,2011-09-30,SH,1512234.0,27749490.0,1466259.0,39134000.0,0.6433,0.7023,60,50,3.135531,addition,MATERIALS,5569
CHILTON INVESTMENT COMPANY INC.,Popeyes Louisiana Kitchen Inc.,PLKI,2011-09-30,SH,2311221.0,27341740.0,2141554.0,35229000.0,0.6338,0.6322,61,54,7.922611,addition,CONSUMER DISCRETIONARY,6078
CHILTON INVESTMENT COMPANY INC.,Micron Technology Inc.,MU,2011-09-30,SH,5383772.0,27134210.0,14139767.0,105765000.0,0.629,1.8981,62,14,-61.924606,reduction,INFORMATION TECHNOLOGY,488
CHILTON INVESTMENT COMPANY INC.,McMorAn Exploration Co,MMR,2011-09-30,SH,2647558.0,26290250.0,2573079.0,47550000.0,0.6094,0.8533,63,43,2.894548,addition,ENERGY,5132
CHILTON INVESTMENT COMPANY INC.,MeadWestvaco Corporation,MWV,2011-09-30,SH,1063050.0,26108510.0,1053050.0,35077000.0,0.6052,0.6295,64,55,0.949623,addition,MATERIALS,3629
CHILTON INVESTMENT COMPANY INC.,Ascena Retail Group Inc,ASNAQ,2011-09-30,SH,46829.9,25353710.0,22206.05,15122000.0,0.5877,0.2714,65,88,110.888024,addition,CONSUMER DISCRETIONARY,109584
CHILTON INVESTMENT COMPANY INC.,Walt Disney Co. (The),DIS,2011-09-30,SH,800640.0,24147300.0,780110.0,30455000.0,0.5598,0.5466,66,59,2.63168,addition,COMMUNICATIONS,395
CHILTON INVESTMENT COMPANY INC.,United Parcel Service Inc. Class B,UPS,2011-09-30,SH,366750.0,23160260.0,0.0,0.0,0.5369,,67,999999,,new,TRANSPORTS,3795
CHILTON INVESTMENT COMPANY INC.,Pan American Silver Corp,PAAS,2011-09-30,SH,837425.0,22417870.0,813872.0,25141000.0,0.5197,0.4512,68,71,2.893944,addition,MATERIALS,181
CHILTON INVESTMENT COMPANY INC.,Cenovus Energy Inc,CVE,2011-09-30,SH,720285.0,22262450.0,700024.0,26445000.0,0.5161,0.4746,69,67,2.894329,addition,ENERGY,85646
CHILTON INVESTMENT COMPANY INC.,Baker Hughes Company,BKR,2011-09-30,SH,482000.0,22249120.0,0.0,0.0,0.5157,,70,999999,,new,ENERGY,2502
CHILTON INVESTMENT COMPANY INC.,Randgold Resources Ltd ADR,GOLD,2011-09-30,SH,212293.0,20532980.0,206498.0,17356000.0,0.476,0.3115,71,81,2.806323,addition,MATERIALS,5563
CHILTON INVESTMENT COMPANY INC.,Halliburton Co.,HAL,2011-09-30,SH,650000.0,19838000.0,0.0,0.0,0.4599,,72,999999,,new,ENERGY,411
CHILTON INVESTMENT COMPANY INC.,Linde Plc.,LIN,2011-09-30,SH,208500.0,19490580.0,0.0,0.0,0.4518,,73,999999,,new,MATERIALS,269
CHILTON INVESTMENT COMPANY INC.,Cummins Inc,CMI,2011-09-30,SH,236850.0,19341170.0,250050.0,25878000.0,0.4483,0.4644,74,69,-5.278944,reduction,INDUSTRIALS,4863
CHILTON INVESTMENT COMPANY INC.,Tivo Corporation,TIVO,2011-09-30,SH,437571.0,18806800.0,452194.0,25938000.0,0.436,0.4655,75,68,-3.233789,reduction,INFORMATION TECHNOLOGY,51057
CHILTON INVESTMENT COMPANY INC.,Interline Brands Inc,IBI,2011-09-30,SH,1428157.0,18380380.0,1328900.0,24412000.0,0.4261,0.4381,76,72,7.46911,addition,INDUSTRIALS,6168
CHILTON INVESTMENT COMPANY INC.,Alphabet Inc. Class A,GOOGL,2011-09-30,SH,712800.0,18332500.0,12800.0,324000.0,0.425,0.0058,77,163,5468.75,addition,COMMUNICATIONS,4112
CHILTON INVESTMENT COMPANY INC.,Valassis Communications Inc.,VCI,2011-09-30,SH,976985.0,18308700.0,909426.0,27556000.0,0.4244,0.4945,78,66,7.428752,addition,CONSUMER DISCRETIONARY,3831
CHILTON INVESTMENT COMPANY INC.,Destination XL Group Inc.,DXLG,2011-09-30,SH,4731921.0,17792020.0,5041342.0,20922000.0,0.4124,0.3755,79,74,-6.137671,reduction,CONSUMER DISCRETIONARY,988
CHILTON INVESTMENT COMPANY INC.,Deere & Co.,DE,2011-09-30,SH,270292.0,17452750.0,340200.0,28049000.0,0.4046,0.5034,80,65,-20.549089,reduction,INDUSTRIALS,222
CHILTON INVESTMENT COMPANY INC.,Freightcar America Inc,RAIL,2011-09-30,SH,1174668.0,16926970.0,690060.0,17486000.0,0.3924,0.3138,81,79,70.226937,addition,INDUSTRIALS,2768
CHILTON INVESTMENT COMPANY INC.,Kodiak Oil & Gas Corp.,KOG,2011-09-30,SH,3078350.0,16016870.0,3022343.0,17443000.0,0.3713,0.313,82,80,1.853099,addition,ENERGY,120
CHILTON INVESTMENT COMPANY INC.,NIKE Inc.,NKE,2011-09-30,SH,742352.0,15869630.0,803600.0,18077000.0,0.3679,0.3244,83,77,-7.621702,reduction,CONSUMER DISCRETIONARY,4000
CHILTON INVESTMENT COMPANY INC.,Walmart Inc,WMT,2011-09-30,SH,903000.0,15621900.0,0.0,0.0,0.3621,,84,999999,,new,CONSUMER STAPLES,345
CHILTON INVESTMENT COMPANY INC.,North American Palladium Ltd,PALDF,2011-09-30,SH,5863333.0,14951500.0,3722437.0,15262000.0,0.3466,0.2739,85,86,57.51329,addition,MATERIALS,8102
CHILTON INVESTMENT COMPANY INC.,Advantage Oil & Gas Ltd,AAVVF,2011-09-30,SH,3828382.0,14318050.0,3720680.0,29502000.0,0.3319,0.5294,86,61,2.894686,addition,ENERGY,5346
CHILTON INVESTMENT COMPANY INC.,P M C SIERRA INC,PMCS,2011-09-30,SH,2166236.0,12954090.0,1669532.0,12638000.0,0.3003,0.2268,87,94,29.751092,addition,INFORMATION TECHNOLOGY,941
CHILTON INVESTMENT COMPANY INC.,Platinum Group Metals Ltd,PLG,2011-09-30,SH,108471.74,11739910.0,105124.7,18330000.0,0.2721,0.329,88,76,3.183876,addition,MATERIALS,11994
CHILTON INVESTMENT COMPANY INC.,GLOBE SPECIALTY METALS INC COM STK,11G.OLD:FWB2,2011-09-30,SH,800359.0,11621210.0,651342.0,14603000.0,0.2694,0.2621,89,89,22.878457,addition,MATERIALS,79437
CHILTON INVESTMENT COMPANY INC.,Vca Inc,WOOF,2011-09-30,SH,724077.0,11570750.0,669996.0,14204000.0,0.2682,0.2549,90,91,8.071839,addition,HEALTH CARE,5184
CHILTON INVESTMENT COMPANY INC.,AutoNavi Holdings Ltd. Sponsored ADR,AMAP,2011-09-30,SH,843410.0,11487240.0,843410.0,12525000.0,0.2663,0.2248,91,95,0.0,,INFORMATION TECHNOLOGY,92610
CHILTON INVESTMENT COMPANY INC.,Becton Dickinson and Co.,BDX,2011-09-30,SH,159326.0,11396860.0,3023.75,254000.0,0.2642,0.0046,92,165,5169.152542,addition,HEALTH CARE,4305
CHILTON INVESTMENT COMPANY INC.,7 Days Group Holdings Limited,SVN,2011-09-30,SH,887517.0,11235970.0,887517.0,17156000.0,0.2605,0.3079,93,82,0.0,,CONSUMER DISCRETIONARY,7610
CHILTON INVESTMENT COMPANY INC.,QUICKSILVER RESOURCES INC,KWKAQ,2011-09-30,SH,1480710.0,11223780.0,1440321.0,21259000.0,0.2602,0.3815,94,73,2.804167,addition,ENERGY,5156
CHILTON INVESTMENT COMPANY INC.,Baidu Inc ADR,BIDU,2011-09-30,SH,103650.0,11081220.0,218022.0,30551000.0,0.2569,0.5483,95,58,-52.458926,reduction,COMMUNICATIONS,4807
CHILTON INVESTMENT COMPANY INC.,China Kanghui Holdings Sponsored ADR,KH,2011-09-30,SH,548190.0,10689710.0,810024.0,18995000.0,0.2478,0.3409,96,75,-32.324227,reduction,HEALTH CARE,97438
CHILTON INVESTMENT COMPANY INC.,Excel Trust Inc,EXL,2011-09-30,SH,1093800.0,10522360.0,323300.0,3566000.0,0.2439,0.064,97,116,238.323539,addition,REAL ESTATE,88978
CHILTON INVESTMENT COMPANY INC.,Endeavour Silver Corp,EXK,2011-09-30,SH,1079000.0,9755810.0,0.0,0.0,0.2261,,98,999999,,new,MATERIALS,5523
CHILTON INVESTMENT COMPANY INC.,Chevron Corp. (Standard Oil of California),CVX,2011-09-30,SH,102500.0,9483300.0,0.0,0.0,0.2198,,99,999999,,new,ENERGY,214
CHILTON INVESTMENT COMPANY INC.,Sina Corp,SINA,2011-09-30,SH,132000.0,9452520.0,0.0,0.0,0.2191,,100,999999,,new,COMMUNICATIONS,5478
CHILTON INVESTMENT COMPANY INC.,Great Panther Silver Ltd,GPL,2011-09-30,SH,374022.5,9421570.0,361212.0,12109000.0,0.2184,0.2173,101,97,3.546532,addition,MATERIALS,111616
CHILTON INVESTMENT COMPANY INC.,Dine Brands Global Inc,DIN,2011-09-30,SH,243600.0,9376160.0,157000.0,8206000.0,0.2173,0.1473,102,100,55.159236,addition,CONSUMER DISCRETIONARY,46044
CHILTON INVESTMENT COMPANY INC.,Hospira Inc.,HSP,2011-09-30,SH,252159.0,9329880.0,0.0,0.0,0.2163,,103,999999,,new,HEALTH CARE,1056
CHILTON INVESTMENT COMPANY INC.,Augusta Resource Corp.,AZC,2011-09-30,SH,3011541.0,8941700.0,2930518.0,13534000.0,0.2073,0.2429,104,93,2.764801,addition,MATERIALS,4186
CHILTON INVESTMENT COMPANY INC.,Verisk Analytics Inc,VRSK,2011-09-30,SH,225326.0,7834590.0,406011.0,14056000.0,0.1816,0.2523,105,92,-44.502489,reduction,INDUSTRIALS,83334
CHILTON INVESTMENT COMPANY INC.,Nevsun Resources Ltd,NSU,2011-09-30,SH,1549072.0,7833850.0,1491930.0,9043000.0,0.1816,0.1623,106,98,3.830072,addition,MATERIALS,5551
CHILTON INVESTMENT COMPANY INC.,Gartner Inc.,IT,2011-09-30,SH,219500.0,7653970.0,170000.0,6849000.0,0.1774,0.1229,107,106,29.117647,addition,INFORMATION TECHNOLOGY,3868
CHILTON INVESTMENT COMPANY INC.,Trip.com Group Ltd,TCOM,2011-09-30,SH,460000.0,7396800.0,795146.0,17127000.0,0.1715,0.3074,108,83,-42.148989,reduction,CONSUMER DISCRETIONARY,6019
CHILTON INVESTMENT COMPANY INC.,Alexco Resource Corp,AXU,2011-09-30,SH,1043602.0,7075620.0,1005106.0,7247000.0,0.164,0.1301,109,102,3.830044,addition,MATERIALS,5501
CHILTON INVESTMENT COMPANY INC.,Brown-Forman Corp. Class B,BF.B,2011-09-30,SH,375000.0,7014000.0,0.0,0.0,0.1626,,110,999999,,new,CONSUMER STAPLES,5058
CHILTON INVESTMENT COMPANY INC.,Newell Brands Inc,NWL,2011-09-30,SH,581400.0,6901220.0,300000.0,4734000.0,0.16,0.085,111,113,93.8,addition,CONSUMER DISCRETIONARY,3635
CHILTON INVESTMENT COMPANY INC.,Robert Half International Inc.,RHI,2011-09-30,SH,319476.0,6779280.0,591280.0,15982000.0,0.1571,0.2868,112,84,-45.968746,reduction,INDUSTRIALS,815
CHILTON INVESTMENT COMPANY INC.,Global X Emerging Markets Great Consumer ETF-,EMC,2011-09-30,SH,313400.0,6578270.0,53800.0,1482000.0,0.1525,0.0266,113,132,482.527881,addition,INFORMATION TECHNOLOGY,398
CHILTON INVESTMENT COMPANY INC.,NeoPhotonics Corp,NPTN,2011-09-30,SH,912466.0,6277770.0,850305.0,5884000.0,0.1455,0.1056,114,109,7.310436,addition,INFORMATION TECHNOLOGY,110226
CHILTON INVESTMENT COMPANY INC.,PSS World Medical Inc.,PSSI,2011-09-30,SH,267180.0,5260770.0,247214.0,6924000.0,0.1219,0.1243,115,104,8.076403,addition,HEALTH CARE,6216
CHILTON INVESTMENT COMPANY INC.,Mountain Province Diamonds Inc,MPVDF,2011-09-30,SH,1287793.0,5229760.0,1240289.0,6758000.0,0.1212,0.1213,116,107,3.830075,addition,MATERIALS,434
CHILTON INVESTMENT COMPANY INC.,Patterson Companies Inc.,PDCO,2011-09-30,SH,177657.0,5086320.0,164379.0,5406000.0,0.1179,0.097,117,111,8.077674,addition,HEALTH CARE,4900
CHILTON INVESTMENT COMPANY INC.,Microsoft Corp.,MSFT,2011-09-30,CALL,200000.0,4978000.0,0.0,0.0,0.1154,,118,999999,,new,INFORMATION TECHNOLOGY,178
CHILTON INVESTMENT COMPANY INC.,Kimber Resources Inc,KBX,2011-09-30,SH,3574382.0,4718180.0,3442531.0,5680000.0,0.1094,0.1019,119,110,3.83006,addition,MATERIALS,10192
CHILTON INVESTMENT COMPANY INC.,Heartland Payment Systems Inc,HPY,2011-09-30,SH,236481.0,4663410.0,350297.0,7216000.0,0.1081,0.1295,120,103,-32.491286,reduction,INFORMATION TECHNOLOGY,3417
CHILTON INVESTMENT COMPANY INC.,Avalon Advanced Materials Inc,AVLNF,2011-09-30,SH,1722858.0,4570870.0,1244652.0,8655000.0,0.106,0.1553,121,99,38.42086,addition,MATERIALS,84355
CHILTON INVESTMENT COMPANY INC.,Focus Media Holdings Inc,FMCN,2011-09-30,SH,264772.0,4445520.0,0.0,0.0,0.1031,,122,999999,,new,CONSUMER DISCRETIONARY,4819
CHILTON INVESTMENT COMPANY INC.,PERFECT WORLD CO LTD SPONSORED ADR,PWRD,2011-09-30,SH,384782.0,4294170.0,0.0,0.0,0.0995,,123,999999,,new,INFORMATION TECHNOLOGY,8762
CHILTON INVESTMENT COMPANY INC.,PERICOM SEMICONDUCTOR CORP COM STK,PSEM,2011-09-30,SH,557280.0,4129440.0,517661.0,4628000.0,0.0957,0.0831,124,114,7.653464,addition,INFORMATION TECHNOLOGY,5768
CHILTON INVESTMENT COMPANY INC.,Amazon.com Inc.,AMZN,2011-09-30,SH,372000.0,4021880.0,142000.0,1452000.0,0.0932,0.0261,125,134,161.971831,addition,CONSUMER DISCRETIONARY,3573
CHILTON INVESTMENT COMPANY INC.,Applied Micro Circuits Inc.,AMCC,2011-09-30,SH,656879.0,3527440.0,0.0,0.0,0.0818,,126,999999,,new,INFORMATION TECHNOLOGY,5671
CHILTON INVESTMENT COMPANY INC.,Aeroflex Holding Co.,ARX,2011-09-30,SH,375007.0,3412560.0,345328.0,6268000.0,0.0791,0.1125,127,108,8.594438,addition,INFORMATION TECHNOLOGY,107979
CHILTON INVESTMENT COMPANY INC.,Wells Fargo & Co. 7.50% Non-Cumulative Perpetual Convertible Class A Preferred,WFCPRL,2011-09-30,SH,3032.0,3129020.0,0.0,0.0,0.0725,,128,999999,,new,FINANCE,73782
CHILTON INVESTMENT COMPANY INC.,First Horizon,FHN,2011-09-30,SH,523000.0,3117080.0,0.0,0.0,0.0723,,129,999999,,new,FINANCE,3603
CHILTON INVESTMENT COMPANY INC.,IMAX Corp,IMAX,2011-09-30,SH,215200.0,3116100.0,0.0,0.0,0.0722,,130,999999,,new,COMMUNICATIONS,6853
CHILTON INVESTMENT COMPANY INC.,TAL Education Group American Depositary ADR,TAL,2011-09-30,SH,1959576.0,3112460.0,1959576.0,3544000.0,0.0721,0.0636,131,117,0.0,,CONSUMER DISCRETIONARY,96103
CHILTON INVESTMENT COMPANY INC.,Le Gaga Holdings Limited,GAGA,2011-09-30,SH,523065.0,3080850.0,523065.0,4054000.0,0.0714,0.0728,132,115,0.0,,CONSUMER STAPLES,108029
CHILTON INVESTMENT COMPANY INC.,PLX TECHNOLOGY INC,PLXT,2011-09-30,SH,992601.0,2987730.0,918372.0,3187000.0,0.0693,0.0572,133,122,8.082672,addition,INFORMATION TECHNOLOGY,7451
CHILTON INVESTMENT COMPANY INC.,Triangle Petroleum Corp,TPLM,2011-09-30,SH,823691.0,2677070.0,803846.0,5193000.0,0.0621,0.0932,134,112,2.468756,addition,ENERGY,9407
CHILTON INVESTMENT COMPANY INC.,Bitauto Holdings Ltd,BITA,2011-09-30,SH,437758.0,2670320.0,437758.0,3415000.0,0.0619,0.0613,135,118,0.0,,COMMUNICATIONS,107991
CHILTON INVESTMENT COMPANY INC.,Cognizant Technology Solutions Corp,CTSH,2011-09-30,SH,84000.0,2633400.0,84000.0,3080000.0,0.061,0.0553,136,123,0.0,,INFORMATION TECHNOLOGY,3996
CHILTON INVESTMENT COMPANY INC.,TotalEnergies SE,TTE,2011-09-30,SH,56000.0,2456720.0,0.0,0.0,0.0569,,137,999999,,new,ENERGY,4389
CHILTON INVESTMENT COMPANY INC.,Intuit Inc.,INTU,2011-09-30,SH,50000.0,2372000.0,0.0,0.0,0.055,,138,999999,,new,INFORMATION TECHNOLOGY,793
CHILTON INVESTMENT COMPANY INC.,Apple Inc,AAPL,2011-09-30,SH,155400.0,2115550.0,166600.0,1997000.0,0.049,0.0358,139,130,-6.722689,reduction,INFORMATION TECHNOLOGY,195
CHILTON INVESTMENT COMPANY INC.,Noah Holdings Ltd ADR,NOAH,2011-09-30,SH,217179.0,1998050.0,217179.0,2441000.0,0.0463,0.0438,140,126,0.0,,FINANCE,108034
CHILTON INVESTMENT COMPANY INC.,National Instruments Corp,NATI,2011-09-30,SH,71316.0,1630280.0,66129.0,1963000.0,0.0378,0.0352,141,131,7.84376,addition,INFORMATION TECHNOLOGY,5139
CHILTON INVESTMENT COMPANY INC.,TD Ameritrade Holding Corp Class A,AMTD,2011-09-30,SH,109000.0,1602850.0,120000.0,2341000.0,0.0372,0.042,142,127,-9.166667,reduction,FINANCE,2821
CHILTON INVESTMENT COMPANY INC.,ChinaCache International Holdings Ltd,CCIH,2011-09-30,SH,328041.0,1489310.0,328041.0,3038000.0,0.0345,0.0545,143,124,0.0,,COMMUNICATIONS,95641
CHILTON INVESTMENT COMPANY INC.,Hub Group Inc. Class A,HUBG,2011-09-30,SH,102400.0,1447420.0,0.0,0.0,0.0336,,144,999999,,new,TRANSPORTS,6508
CHILTON INVESTMENT COMPANY INC.,Simpson Manufacturing Co. Inc.,SSD,2011-09-30,SH,55700.0,1388600.0,0.0,0.0,0.0322,,145,999999,,new,INDUSTRIALS,6430
CHILTON INVESTMENT COMPANY INC.,Hunt (J.B.) Transport Services Inc.,JBHT,2011-09-30,SH,37700.0,1361720.0,0.0,0.0,0.0316,,146,999999,,new,TRANSPORTS,5103
CHILTON INVESTMENT COMPANY INC.,VanEck Gold Miners ETF-VanEck Gold Miners ETF,GDX,2011-09-30,SH,23108.0,1275330.0,23108.0,1261000.0,0.0296,0.0226,147,138,0.0,,FINANCE,7342
CHILTON INVESTMENT COMPANY INC.,Colgate-Palmolive Co.,CL,2011-09-30,SH,25500.0,1130670.0,25500.0,1114000.0,0.0262,0.02,148,141,0.0,,CONSUMER STAPLES,217
CHILTON INVESTMENT COMPANY INC.,Fidelity National Information Services Inc,FIS,2011-09-30,SH,46023.0,1119280.0,46023.0,1417000.0,0.0259,0.0254,149,135,0.0,,FINANCE,2403
CHILTON INVESTMENT COMPANY INC.,VISA Inc,V,2011-09-30,SH,50724.0,1087020.0,50724.0,1069000.0,0.0252,0.0192,150,144,0.0,,FINANCE,45920
CHILTON INVESTMENT COMPANY INC.,Casella Waste Systems Inc,CWST,2011-09-30,SH,200000.0,1052000.0,210000.0,1281000.0,0.0244,0.023,151,136,-4.761905,reduction,INDUSTRIALS,6821
CHILTON INVESTMENT COMPANY INC.,Sensata Technologies Holding N.V.,ST,2011-09-30,SH,36060.0,954150.0,13060.0,492000.0,0.0221,0.0088,152,156,176.11026,addition,INFORMATION TECHNOLOGY,71922
CHILTON INVESTMENT COMPANY INC.,Wells Fargo & Co.  (Northwest Bancorporation),WFC,2011-09-30,SH,38146.0,920080.0,38146.0,1070000.0,0.0213,0.0192,153,143,0.0,,FINANCE,309
CHILTON INVESTMENT COMPANY INC.,CBIZ Inc,CBZ,2011-09-30,SH,131726.0,868070.0,136726.0,1006000.0,0.0201,0.0181,154,146,-3.656949,reduction,INDUSTRIALS,7034
CHILTON INVESTMENT COMPANY INC.,Sonoco Products Co.,SON,2011-09-30,SH,30000.0,846900.0,30000.0,1066000.0,0.0196,0.0191,155,145,0.0,,MATERIALS,457
CHILTON INVESTMENT COMPANY INC.,Lowes Companies Inc.,LOW,2011-09-30,SH,42700.0,825820.0,0.0,0.0,0.0191,,156,999999,,new,CONSUMER DISCRETIONARY,138
CHILTON INVESTMENT COMPANY INC.,Valaris Class A,VALPQ,2011-09-30,SH,5067.5,819520.0,5067.5,1080000.0,0.019,0.0194,157,142,0.0,,ENERGY,2736
CHILTON INVESTMENT COMPANY INC.,EchoStar Corp.,SATS,2011-09-30,SH,43190.0,791350.0,49360.0,1457000.0,0.0183,0.0261,158,133,-12.5,reduction,CONSUMER DISCRETIONARY,11307
CHILTON INVESTMENT COMPANY INC.,Western Union Co (The),WU,2011-09-30,SH,49250.0,753030.0,49250.0,986000.0,0.0175,0.0177,159,147,0.0,,FINANCE,23
CHILTON INVESTMENT COMPANY INC.,Barrick Gold Corp,GOLD,2011-09-30,SH,15880.0,740800.0,15880.0,719000.0,0.0172,0.0129,160,151,0.0,,MATERIALS,11423
CHILTON INVESTMENT COMPANY INC.,QUALCOMM Inc.,QCOM,2011-09-30,SH,15000.0,729450.0,12000.0,681000.0,0.0169,0.0122,161,152,25.0,addition,INFORMATION TECHNOLOGY,273
CHILTON INVESTMENT COMPANY INC.,Cadence Design Systems Inc.,CDNS,2011-09-30,SH,67000.0,619080.0,0.0,0.0,0.0144,,162,999999,,new,INFORMATION TECHNOLOGY,947
CHILTON INVESTMENT COMPANY INC.,Diageo Plc ADR,DEO,2011-09-30,SH,6542.0,496730.0,7542.0,617000.0,0.0115,0.0111,163,155,-13.259082,reduction,CONSUMER STAPLES,4107
CHILTON INVESTMENT COMPANY INC.,Verizon Communications (Bell Atlantic Corp.),VZ,2011-09-30,SH,13300.0,489440.0,55800.0,2077000.0,0.0113,0.0373,164,128,-76.164875,reduction,UTILITIES AND TELECOMMUNICATIONS,286
CHILTON INVESTMENT COMPANY INC.,iSoftStone Holdings Ltd,ISS,2011-09-30,SH,72905.0,473150.0,72905.0,1116000.0,0.011,0.02,165,140,0.0,,INFORMATION TECHNOLOGY,108023
CHILTON INVESTMENT COMPANY INC.,Starbucks Corp.,SBUX,2011-09-30,SH,23800.0,443750.0,23800.0,470000.0,0.0103,0.0084,166,158,0.0,,CONSUMER DISCRETIONARY,360
CHILTON INVESTMENT COMPANY INC.,Tudou Holdings Ltd ADR,TUDO,2011-09-30,SH,30000.0,409500.0,0.0,0.0,0.0095,,167,999999,,new,INFORMATION TECHNOLOGY,113640
CHILTON INVESTMENT COMPANY INC.,Teva Pharmaceutical Industries Ltd ADR,TEVA,2011-09-30,SH,10768.0,400780.0,26195.0,1263000.0,0.0093,0.0227,168,137,-58.892918,reduction,HEALTH CARE,3839
CHILTON INVESTMENT COMPANY INC.,Oracle Corp,ORCL,2011-09-30,SH,12855.0,369450.0,12855.0,423000.0,0.0086,0.0076,169,160,0.0,,INFORMATION TECHNOLOGY,20
CHILTON INVESTMENT COMPANY INC.,Microchip Technology Inc,MCHP,2011-09-30,SH,20000.0,311100.0,759092.0,14389000.0,0.0072,0.2582,170,90,-97.365273,reduction,INFORMATION TECHNOLOGY,255
CHILTON INVESTMENT COMPANY INC.,CBRE Group Inc Common Stock Class A,CBRE,2011-09-30,SH,22792.0,306780.0,32792.0,823000.0,0.0071,0.0148,171,148,-30.495243,reduction,REAL ESTATE,4017
CHILTON INVESTMENT COMPANY INC.,SunCoke Energy Inc,SXC,2011-09-30,SH,25000.0,275000.0,0.0,0.0,0.0064,,172,999999,,new,ENERGY,114510
CHILTON INVESTMENT COMPANY INC.,E-Commerce China Dangdang Inc,DANG,2011-09-30,SH,46940.0,231880.0,63521.0,736000.0,0.0054,0.0132,173,149,-26.103178,reduction,CONSUMER DISCRETIONARY,107776
CHILTON INVESTMENT COMPANY INC.,SPS Commerce Inc,SPSC,2011-09-30,SH,26000.0,211770.0,46000.0,409000.0,0.0049,0.0073,174,162,-43.478261,reduction,INFORMATION TECHNOLOGY,88634
CHILTON INVESTMENT COMPANY INC.,RDA Microelectronics,RDA,2011-09-30,SH,20000.0,169000.0,72750.0,654000.0,0.0039,0.0117,175,154,-72.508591,reduction,INFORMATION TECHNOLOGY,108046
CHILTON INVESTMENT COMPANY INC.,Ciena Corp,CIEN,2011-09-30,SH,13000.0,145600.0,11882.0,218000.0,0.0034,0.0039,176,167,9.40919,addition,INFORMATION TECHNOLOGY,59
CHILTON INVESTMENT COMPANY INC.,Remark Holdings Inc,MARK,2011-09-30,SH,4219.9,123640.0,4219.9,242000.0,0.0029,0.0043,177,166,0.0,,INFORMATION TECHNOLOGY,7225
CHILTON INVESTMENT COMPANY INC.,Monsanto Co. (New),MON,2011-09-30,SH,0.0,0.0,1512371.0,109707000.0,,1.9688,999999,11,-100.0,soldall,MATERIALS,16
CHILTON INVESTMENT COMPANY INC.,Microsoft Corp.,MSFT,2011-09-30,SH,0.0,0.0,27800.0,723000.0,,0.013,999999,150,-100.0,soldall,INFORMATION TECHNOLOGY,178
CHILTON INVESTMENT COMPANY INC.,Goldman Sachs Group Inc,GS,2011-09-30,SH,0.0,0.0,5100.0,679000.0,,0.0122,999999,153,-100.0,soldall,FINANCE,232
CHILTON INVESTMENT COMPANY INC.,JPMorgan Chase & Co. (Chemical Bank),JPM,2011-09-30,SH,0.0,0.0,4900.0,201000.0,,0.0036,999999,169,-100.0,soldall,FINANCE,240
CHILTON INVESTMENT COMPANY INC.,Pepsico Inc. (Loft Inc.),PEP,2011-09-30,SH,0.0,0.0,4150.0,292000.0,,0.0052,999999,164,-100.0,soldall,CONSUMER STAPLES,264
CHILTON INVESTMENT COMPANY INC.,Medtronic Plc,MDT,2011-09-30,SH,0.0,0.0,403968.0,15565000.0,,0.2793,999999,85,-100.0,soldall,HEALTH CARE,297
CHILTON INVESTMENT COMPANY INC.,St. Jude Medical,STJ,2011-09-30,SH,0.0,0.0,158451.0,7555000.0,,0.1356,999999,101,-100.0,soldall,HEALTH CARE,495
CHILTON INVESTMENT COMPANY INC.,Big Lots Inc,BIG,2011-09-30,SH,0.0,0.0,100000.0,3315000.0,,0.0595,999999,119,-100.0,soldall,CONSUMER DISCRETIONARY,756
CHILTON INVESTMENT COMPANY INC.,Molex Inc.,MOLX,2011-09-30,SH,0.0,0.0,126700.0,3265000.0,,0.0586,999999,120,-100.0,soldall,INFORMATION TECHNOLOGY,801
CHILTON INVESTMENT COMPANY INC.,Wyndham Destinations Inc,TNL,2011-09-30,SH,0.0,0.0,6000.0,202000.0,,0.0036,999999,168,-100.0,soldall,CONSUMER DISCRETIONARY,1078
CHILTON INVESTMENT COMPANY INC.,Warner Bros.Discovery Inc,WBD,2011-09-30,SH,0.0,0.0,50000.0,2048000.0,,0.0368,999999,129,-100.0,soldall,COMMUNICATIONS,3595
CHILTON INVESTMENT COMPANY INC.,Ford Motor Co.,F,2011-09-30,SH,0.0,0.0,500000.0,6895000.0,,0.1237,999999,105,-100.0,soldall,CONSUMER DISCRETIONARY,4032
CHILTON INVESTMENT COMPANY INC.,Transocean Ltd,RIG,2011-09-30,SH,0.0,0.0,681518.0,43999000.0,,0.7896,999999,47,-100.0,soldall,ENERGY,4160
CHILTON INVESTMENT COMPANY INC.,Danaher Corp.,DHR,2011-09-30,SH,0.0,0.0,9588.0,450000.0,,0.0081,999999,159,-100.0,soldall,HEALTH CARE,4323
CHILTON INVESTMENT COMPANY INC.,TE Connectivity Ltd,TEL,2011-09-30,SH,0.0,0.0,88400.0,3250000.0,,0.0583,999999,121,-100.0,soldall,INFORMATION TECHNOLOGY,4411
CHILTON INVESTMENT COMPANY INC.,Baidu Inc ADR,BIDU,2011-09-30,CALL,0.0,0.0,108000.0,15134000.0,,0.2716,999999,87,-100.0,soldall,COMMUNICATIONS,4807
CHILTON INVESTMENT COMPANY INC.,Covanta Holding Corp.,CVA,2011-09-30,SH,0.0,0.0,68961.0,1137000.0,,0.0204,999999,139,-100.0,soldall,INDUSTRIALS,5438
CHILTON INVESTMENT COMPANY INC.,Aon PLC,AON,2011-09-30,SH,0.0,0.0,8100.0,416000.0,,0.0075,999999,161,-100.0,soldall,FINANCE,11339
CHILTON INVESTMENT COMPANY INC.,Cobalt International Energy Inc,CIE,2011-09-30,SH,0.0,0.0,59995.65,12260000.0,,0.22,999999,96,-100.0,soldall,ENERGY,85714
CHILTON INVESTMENT COMPANY INC.,Youku Tudou Inc,YOKU,2011-09-30,SH,0.0,0.0,74000.0,2542000.0,,0.0456,999999,125,-100.0,soldall,CONSUMER DISCRETIONARY,107780
CHILTON INVESTMENT COMPANY INC.,Boingo Wireless Inc,WIFI,2011-09-30,SH,0.0,0.0,52167.0,474000.0,,0.0085,999999,157,-100.0,soldall,COMMUNICATIONS,111783
