Filer Name,Stock Name,Stock Ticker,Quarter Date,Type of Security,Current Shares Held,Current Market Value,Previous Shares Held,Previous Market Value,Current % of Portfolio,Previous % of Portfolio,Current Rank,Previous Rank,Change in Shares,Type of Change,Sector,stock_id
CHILTON INVESTMENT COMPANY INC.,Grace (W.R.) & Co. (DE),GRA,2013-12-31,SH,2481899.0,245385000.0,2480531.0,216798000.0,7.124,5.992,1,1,0.055149,addition,MATERIALS,881
CHILTON INVESTMENT COMPANY INC.,Dollar General Corp.,DG,2013-12-31,SH,2114255.0,127532000.0,2544359.0,143655000.0,3.7025,3.9705,2,3,-16.904218,reduction,CONSUMER DISCRETIONARY,85548
CHILTON INVESTMENT COMPANY INC.,Sherwin-Williams Co.,SHW,2013-12-31,SH,1885263.0,115315000.0,2426751.0,147369000.0,3.3478,4.0731,3,2,-22.31329,reduction,MATERIALS,11358
CHILTON INVESTMENT COMPANY INC.,Costco Co.,COST,2013-12-31,SH,915873.0,109000000.0,887765.0,102200000.0,3.1645,2.8247,4,4,3.166153,addition,CONSUMER STAPLES,393
CHILTON INVESTMENT COMPANY INC.,Anheuser-Busch Inbev SA ADR,BUD,2013-12-31,SH,939877.0,100060000.0,855555.0,84871000.0,2.9049,2.3457,5,8,9.855825,addition,CONSUMER STAPLES,372
CHILTON INVESTMENT COMPANY INC.,Airgas Inc.,ARG,2013-12-31,SH,807734.0,90345000.0,932769.0,98920000.0,2.6229,2.734,6,5,-13.404712,reduction,MATERIALS,5042
CHILTON INVESTMENT COMPANY INC.,Mastercard Inc,MA,2013-12-31,SH,1074220.0,89746000.0,1029840.0,69286000.0,2.6055,1.915,7,14,4.309407,addition,FINANCE,4044
CHILTON INVESTMENT COMPANY INC.,Diageo Plc ADR,DEO,2013-12-31,SH,670705.0,88814000.0,629960.0,80055000.0,2.5785,2.2126,8,10,6.467871,addition,CONSUMER STAPLES,4107
CHILTON INVESTMENT COMPANY INC.,Brown-Forman Corp. Class B,BF.B,2013-12-31,SH,2931247.5,88606000.0,2982695.0,81284000.0,2.5724,2.2466,9,9,-1.724866,reduction,CONSUMER STAPLES,5058
CHILTON INVESTMENT COMPANY INC.,Union Pacific Corp.,UNP,2013-12-31,SH,968740.0,81374000.0,909542.0,70644000.0,2.3625,1.9525,10,12,6.50855,addition,TRANSPORTS,473
CHILTON INVESTMENT COMPANY INC.,United Parcel Service Inc. Class B,UPS,2013-12-31,SH,725843.0,75961000.0,744781.0,68051000.0,2.2053,1.8808,11,15,-2.542761,reduction,TRANSPORTS,3795
CHILTON INVESTMENT COMPANY INC.,FleetCor Technologies Inc,FLT,2013-12-31,SH,638495.0,74812000.0,858344.0,94555000.0,2.1719,2.6134,12,6,-25.613157,reduction,INFORMATION TECHNOLOGY,106914
CHILTON INVESTMENT COMPANY INC.,Moodys Corp,MCO,2013-12-31,SH,930403.0,73008000.0,1019847.0,71726000.0,2.1196,1.9824,13,11,-8.770335,reduction,FINANCE,2707
CHILTON INVESTMENT COMPANY INC.,Walmart Inc,WMT,2013-12-31,SH,2747127.0,72057000.0,2835396.0,69902000.0,2.092,1.932,14,13,-3.11311,reduction,CONSUMER STAPLES,345
CHILTON INVESTMENT COMPANY INC.,Tiffany & Co. (DE),TIF,2013-12-31,SH,770981.0,71532000.0,784486.0,60107000.0,2.0767,1.6613,15,18,-1.721509,reduction,CONSUMER DISCRETIONARY,3676
CHILTON INVESTMENT COMPANY INC.,Home Depot Inc. (The),HD,2013-12-31,SH,819285.0,67460000.0,1165644.0,88414000.0,1.9585,2.4437,16,7,-29.713961,reduction,CONSUMER DISCRETIONARY,354
CHILTON INVESTMENT COMPANY INC.,Becton Dickinson and Co.,BDX,2013-12-31,SH,570862.48,61536000.0,546966.65,53373000.0,1.7865,1.4752,17,21,4.368791,addition,HEALTH CARE,4305
CHILTON INVESTMENT COMPANY INC.,Ecolab Inc.,ECL,2013-12-31,SH,576037.0,60064000.0,594027.0,58666000.0,1.7438,1.6215,18,19,-3.028482,reduction,MATERIALS,11345
CHILTON INVESTMENT COMPANY INC.,Wells Fargo & Co.  (Northwest Bancorporation),WFC,2013-12-31,SH,1272296.0,57762000.0,1213749.0,50152000.0,1.677,1.3861,19,24,4.82365,addition,FINANCE,309
CHILTON INVESTMENT COMPANY INC.,ATMEL CORP;COM USD0.001,ATML,2013-12-31,SH,7217187.0,56511000.0,3094424.0,23023000.0,1.6406,0.6363,20,53,133.232001,addition,INFORMATION TECHNOLOGY,5051
CHILTON INVESTMENT COMPANY INC.,Walt Disney Co. (The),DIS,2013-12-31,SH,720947.0,55081000.0,677749.0,43708000.0,1.5991,1.208,21,31,6.373746,addition,COMMUNICATIONS,395
CHILTON INVESTMENT COMPANY INC.,Dominos Pizza Inc,DPZ,2013-12-31,SH,777177.0,54131000.0,764708.0,51962000.0,1.5715,1.4362,22,22,1.630557,addition,CONSUMER DISCRETIONARY,776
CHILTON INVESTMENT COMPANY INC.,LKQ Corp,LKQ,2013-12-31,SH,1621078.0,53333000.0,2007940.0,63973000.0,1.5484,1.7681,23,17,-19.266612,reduction,INDUSTRIALS,5610
CHILTON INVESTMENT COMPANY INC.,Verisk Analytics Inc,VRSK,2013-12-31,SH,759984.0,49946000.0,990315.0,64331000.0,1.45,1.778,24,16,-23.258357,reduction,INDUSTRIALS,83334
CHILTON INVESTMENT COMPANY INC.,Air Products & Chemicals Inc,APD,2013-12-31,SH,472388.35,48847000.0,58834.51,5800000.0,1.4181,0.1603,25,95,702.910316,addition,MATERIALS,363
CHILTON INVESTMENT COMPANY INC.,Colgate-Palmolive Co.,CL,2013-12-31,SH,744478.0,48547000.0,756112.0,44837000.0,1.4094,1.2392,26,28,-1.538661,reduction,CONSUMER STAPLES,217
CHILTON INVESTMENT COMPANY INC.,Toro Co,TTC,2013-12-31,SH,1402028.0,44584000.0,1159872.0,31520000.0,1.2944,0.8712,27,43,20.877821,addition,INDUSTRIALS,5034
CHILTON INVESTMENT COMPANY INC.,Spansion Inc,CODE,2013-12-31,SH,2910979.0,40434000.0,3607142.0,36396000.0,1.1739,1.0059,28,37,-19.299573,reduction,INFORMATION TECHNOLOGY,89278
CHILTON INVESTMENT COMPANY INC.,Abbott Laboratories,ABT,2013-12-31,SH,1019167.0,39065000.0,0.0,0.0,1.1341,,29,999999,,new,HEALTH CARE,189
CHILTON INVESTMENT COMPANY INC.,Nov Inc,NOV,2013-12-31,SH,486333.0,38678000.0,736189.0,57504000.0,1.1229,1.5893,30,20,-33.939111,reduction,ENERGY,17
CHILTON INVESTMENT COMPANY INC.,Schlumberger Ltd.,SLB,2013-12-31,SH,416594.0,37539000.0,561742.0,49636000.0,1.0898,1.3719,31,26,-25.838908,reduction,ENERGY,276
CHILTON INVESTMENT COMPANY INC.,EOG Resources Inc,EOG,2013-12-31,SH,433902.0,36413000.0,580472.0,49131000.0,1.0571,1.3579,32,27,-25.250141,reduction,ENERGY,4870
CHILTON INVESTMENT COMPANY INC.,MSC Industrial Direct Inc.,MSM,2013-12-31,SH,439862.0,35572000.0,625747.0,50905000.0,1.0327,1.407,33,23,-29.706095,reduction,INDUSTRIALS,5127
CHILTON INVESTMENT COMPANY INC.,Pioneer Natural Resources Co.,PXD,2013-12-31,SH,178787.0,32909000.0,265604.0,50146000.0,0.9554,1.386,34,25,-32.686631,reduction,ENERGY,2612
CHILTON INVESTMENT COMPANY INC.,U.S. Bancorp (First National Bank of Cincinnati),USB,2013-12-31,SH,787861.0,31830000.0,0.0,0.0,0.9241,,35,999999,,new,FINANCE,471
CHILTON INVESTMENT COMPANY INC.,Range Resources Corp.,RRC,2013-12-31,SH,373180.0,31463000.0,505447.0,38358000.0,0.9134,1.0602,36,35,-26.168322,reduction,ENERGY,3656
CHILTON INVESTMENT COMPANY INC.,Dollar Tree Inc.,DLTR,2013-12-31,SH,556516.0,31399000.0,627154.0,35848000.0,0.9116,0.9908,37,38,-11.263262,reduction,CONSUMER DISCRETIONARY,2640
CHILTON INVESTMENT COMPANY INC.,CST Brands Inc,CST,2013-12-31,SH,842061.0,30920000.0,205741.0,6131000.0,0.8977,0.1695,38,92,309.282059,addition,CONSUMER DISCRETIONARY,140176
CHILTON INVESTMENT COMPANY INC.,Southwestern Energy Co.,SWN,2013-12-31,SH,771851.0,30357000.0,819187.0,29802000.0,0.8813,0.8237,39,45,-5.778412,reduction,ENERGY,3900
CHILTON INVESTMENT COMPANY INC.,KKR & Co. Inc,KKR,2013-12-31,SH,1232754.0,30005000.0,2162169.0,44497000.0,0.8711,1.2298,40,29,-42.985308,reduction,FINANCE,92493
CHILTON INVESTMENT COMPANY INC.,Broadcom Ltd. (Avago Technologies),AVGO,2013-12-31,SH,550609.0,29122000.0,1001441.0,43182000.0,0.8455,1.1935,41,32,-45.018329,reduction,INFORMATION TECHNOLOGY,81122
CHILTON INVESTMENT COMPANY INC.,Baker Hughes Company,BKR,2013-12-31,SH,503663.0,27832000.0,681795.0,33476000.0,0.808,0.9252,42,42,-26.126915,reduction,ENERGY,2502
CHILTON INVESTMENT COMPANY INC.,Occidental Petroleum Corp.,OXY,2013-12-31,SH,291421.58,27667000.0,394793.01,36866000.0,0.8032,1.0189,43,36,-26.183703,reduction,ENERGY,442
CHILTON INVESTMENT COMPANY INC.,Halliburton Co.,HAL,2013-12-31,SH,544941.0,27656000.0,736611.0,35468000.0,0.8029,0.9803,44,39,-26.020518,reduction,ENERGY,411
CHILTON INVESTMENT COMPANY INC.,Freeport-McMoRan Copper & Gold Inc,FCX,2013-12-31,SH,719322.0,27147000.0,418671.0,13850000.0,0.7881,0.3828,45,65,71.810801,addition,MATERIALS,652
CHILTON INVESTMENT COMPANY INC.,Coterra Energy Inc,CTRA,2013-12-31,SH,694620.0,26923000.0,936241.0,34941000.0,0.7816,0.9657,46,40,-25.807565,reduction,ENERGY,2765
CHILTON INVESTMENT COMPANY INC.,Macys Inc,M,2013-12-31,SH,496589.0,26518000.0,0.0,0.0,0.7699,,47,999999,,new,CONSUMER DISCRETIONARY,427
CHILTON INVESTMENT COMPANY INC.,TransDigm Group Inc,TDG,2013-12-31,SH,162292.0,26132000.0,0.0,0.0,0.7587,,48,999999,,new,INDUSTRIALS,2714
CHILTON INVESTMENT COMPANY INC.,Fluor Corp.,FLR,2013-12-31,SH,310506.0,24931000.0,418148.0,29672000.0,0.7238,0.8201,49,46,-25.74256,reduction,INDUSTRIALS,407
CHILTON INVESTMENT COMPANY INC.,Designer Brands Inc,DBI,2013-12-31,SH,563527.0,24080000.0,637828.0,27210000.0,0.6991,0.7521,50,49,-11.649065,reduction,CONSUMER DISCRETIONARY,641
CHILTON INVESTMENT COMPANY INC.,Berkshire Hathaway Inc Class B,BRK.B,2013-12-31,SH,201566.0,23898000.0,267052.0,30313000.0,0.6938,0.8378,51,44,-24.521816,reduction,FINANCE,2827
CHILTON INVESTMENT COMPANY INC.,Chevron Corp. (Standard Oil of California),CVX,2013-12-31,SH,156668.0,19569000.0,227893.0,27689000.0,0.5681,0.7653,52,47,-31.253702,reduction,ENERGY,214
CHILTON INVESTMENT COMPANY INC.,CF Industries Holdings Inc,CF,2013-12-31,SH,411110.0,19161000.0,553480.0,23338000.0,0.5563,0.645,53,52,-25.7227,reduction,MATERIALS,4
CHILTON INVESTMENT COMPANY INC.,Coca Cola Co.,KO,2013-12-31,SH,414851.0,17138000.0,527588.0,19985000.0,0.4976,0.5524,54,55,-21.368378,reduction,CONSUMER STAPLES,386
CHILTON INVESTMENT COMPANY INC.,Lazard Inc.,LAZ,2013-12-31,SH,377308.0,17100000.0,261472.0,9418000.0,0.4964,0.2603,55,76,44.301493,addition,FINANCE,6025
CHILTON INVESTMENT COMPANY INC.,Popeyes Louisiana Kitchen Inc.,PLKI,2013-12-31,SH,442924.0,17053000.0,630073.0,27465000.0,0.4951,0.7591,56,48,-29.702749,reduction,CONSUMER DISCRETIONARY,6078
CHILTON INVESTMENT COMPANY INC.,Helmerich & Payne Inc.,HP,2013-12-31,SH,198449.0,16686000.0,268848.0,18537000.0,0.4844,0.5123,57,56,-26.185428,reduction,ENERGY,5001
CHILTON INVESTMENT COMPANY INC.,Nordstrom Inc.,JWN,2013-12-31,SH,265459.0,16405000.0,0.0,0.0,0.4763,,58,999999,,new,CONSUMER DISCRETIONARY,258
CHILTON INVESTMENT COMPANY INC.,Robert Half International Inc.,RHI,2013-12-31,SH,373455.0,15681000.0,463009.0,18071000.0,0.4553,0.4995,59,57,-19.341741,reduction,INDUSTRIALS,815
CHILTON INVESTMENT COMPANY INC.,Signet Jewelers Ltd,SIG,2013-12-31,SH,189196.0,14890000.0,164887.0,11814000.0,0.4323,0.3265,60,72,14.742824,addition,CONSUMER DISCRETIONARY,8531
CHILTON INVESTMENT COMPANY INC.,Gulfport Energy Corp,GPORQ,2013-12-31,SH,233114.0,14721000.0,315253.0,20283000.0,0.4274,0.5606,61,54,-26.054946,reduction,ENERGY,6156
CHILTON INVESTMENT COMPANY INC.,Norfolk Southern Corp.,NSC,2013-12-31,SH,148014.0,13740000.0,346768.0,26823000.0,0.3989,0.7414,62,50,-57.316131,reduction,TRANSPORTS,440
CHILTON INVESTMENT COMPANY INC.,Tenet Healthcare Corp.,THC,2013-12-31,SH,313350.0,13199000.0,0.0,0.0,0.3832,,63,999999,,new,HEALTH CARE,831
CHILTON INVESTMENT COMPANY INC.,McDonalds Corp.,MCD,2013-12-31,SH,131724.0,12781000.0,427299.0,41110000.0,0.3711,1.1362,64,34,-69.172874,reduction,CONSUMER DISCRETIONARY,250
CHILTON INVESTMENT COMPANY INC.,Micron Technology Inc.,MU,2013-12-31,SH,585790.0,12747000.0,2545415.0,44468000.0,0.3701,1.229,65,30,-76.986464,reduction,INFORMATION TECHNOLOGY,488
CHILTON INVESTMENT COMPANY INC.,Timken (Roller Bearing Axle) Co.,TKR,2013-12-31,SH,231043.0,12724000.0,0.0,0.0,0.3694,,66,999999,,new,INDUSTRIALS,11404
CHILTON INVESTMENT COMPANY INC.,First Horizon,FHN,2013-12-31,SH,981199.0,11431000.0,1216081.0,13365000.0,0.3319,0.3694,67,67,-19.314667,reduction,FINANCE,3603
CHILTON INVESTMENT COMPANY INC.,Dryships Inc,DRYS,2013-12-31,SH,1.44,11330000.0,1.96,11618000.0,0.3289,0.3211,68,74,-26.530612,reduction,TRANSPORTS,11439
CHILTON INVESTMENT COMPANY INC.,Suncor Energy Inc.,SU,2013-12-31,SH,313755.0,10997000.0,421980.0,15098000.0,0.3193,0.4173,69,63,-25.64695,reduction,ENERGY,127
CHILTON INVESTMENT COMPANY INC.,Anheuser-Busch Inbev SA ADR,BUD,2013-12-31,CALL,100600.0,10710000.0,0.0,0.0,0.3109,,70,999999,,new,CONSUMER STAPLES,372
CHILTON INVESTMENT COMPANY INC.,Concho Resources Inc,CXO,2013-12-31,SH,95870.0,10354000.0,129710.0,14114000.0,0.3006,0.3901,71,64,-26.088968,reduction,ENERGY,6018
CHILTON INVESTMENT COMPANY INC.,SFX ENTERTAINMENT INC COM,SFXEQ,2013-12-31,SH,854450.0,10253000.0,0.0,0.0,0.2977,,72,999999,,new,CONSUMER DISCRETIONARY,163445
CHILTON INVESTMENT COMPANY INC.,GLOBE SPECIALTY METALS INC COM STK,11G.OLD:FWB2,2013-12-31,SH,568197.0,10233000.0,880148.0,13563000.0,0.2971,0.3749,73,66,-35.443016,reduction,MATERIALS,79437
CHILTON INVESTMENT COMPANY INC.,BTC iShares Silver Trust,SLV,2013-12-31,SH,544211.0,10182000.0,733225.0,15317000.0,0.2956,0.4233,74,62,-25.778445,reduction,FINANCE,5927
CHILTON INVESTMENT COMPANY INC.,Monsanto Co. (New),MON,2013-12-31,SH,84325.0,9828000.0,114469.0,11947000.0,0.2853,0.3302,75,71,-26.333767,reduction,MATERIALS,16
CHILTON INVESTMENT COMPANY INC.,EQT Corporation (Equitable Gas Co.),EQT,2013-12-31,SH,109301.0,9813000.0,146624.0,13008000.0,0.2849,0.3595,76,68,-25.454905,reduction,UTILITIES AND TELECOMMUNICATIONS,3739
CHILTON INVESTMENT COMPANY INC.,Apache Corp,APA,2013-12-31,SH,109286.0,9392000.0,147856.0,12588000.0,0.2727,0.3479,77,70,-26.086192,reduction,ENERGY,373
CHILTON INVESTMENT COMPANY INC.,Mosaic Company (The),MOS,2013-12-31,SH,191961.0,9074000.0,259568.0,11167000.0,0.2634,0.3086,78,75,-26.045969,reduction,MATERIALS,11443
CHILTON INVESTMENT COMPANY INC.,Blackstone Group Inc,BX,2013-12-31,SH,266425.0,8392000.0,723009.0,17996000.0,0.2436,0.4974,79,60,-63.150528,reduction,FINANCE,4162
CHILTON INVESTMENT COMPANY INC.,SunTrust Banks Inc.,STI,2013-12-31,SH,225006.0,8282000.0,276920.0,8978000.0,0.2404,0.2481,80,79,-18.746931,reduction,FINANCE,11359
CHILTON INVESTMENT COMPANY INC.,Infoblox Inc,BLOX,2013-12-31,SH,240145.0,7930000.0,171997.0,7193000.0,0.2302,0.1988,81,87,39.621621,addition,INFORMATION TECHNOLOGY,122608
CHILTON INVESTMENT COMPANY INC.,Blount International Inc. Class A,BLT,2013-12-31,SH,543726.0,7868000.0,1488063.0,18020000.0,0.2284,0.4981,82,59,-63.460821,reduction,INDUSTRIALS,2504
CHILTON INVESTMENT COMPANY INC.,Diana Shipping Inc,DSX,2013-12-31,SH,567293.0,7539000.0,712999.0,8606000.0,0.2189,0.2379,83,80,-20.435653,reduction,TRANSPORTS,62
CHILTON INVESTMENT COMPANY INC.,Silver Spring Networks Inc.,SSNI,2013-12-31,SH,358410.0,7527000.0,411764.0,7136000.0,0.2185,0.1972,84,88,-12.957422,reduction,ENERGY,139639
CHILTON INVESTMENT COMPANY INC.,Diamondback Energy Inc,FANG,2013-12-31,SH,139895.0,7395000.0,187437.0,7992000.0,0.2147,0.2209,85,83,-25.364256,reduction,ENERGY,131984
CHILTON INVESTMENT COMPANY INC.,FedEx Corporation,FDX,2013-12-31,SH,51385.0,7388000.0,103241.0,11781000.0,0.2145,0.3256,86,73,-50.228107,reduction,TRANSPORTS,485
CHILTON INVESTMENT COMPANY INC.,Maxim Integrated Products Inc,MXIM,2013-12-31,SH,245385.0,6849000.0,605372.0,18040000.0,0.1988,0.4986,87,58,-59.46542,reduction,INFORMATION TECHNOLOGY,429
CHILTON INVESTMENT COMPANY INC.,Nutrien Ltd,NTR,2013-12-31,SH,197917.0,6523000.0,261501.0,8180000.0,0.1894,0.2261,88,81,-24.315012,reduction,MATERIALS,267
CHILTON INVESTMENT COMPANY INC.,Athlon Energy Inc.,ATHL,2013-12-31,SH,198813.0,6014000.0,275947.0,9023000.0,0.1746,0.2494,89,77,-27.952469,reduction,ENERGY,161714
CHILTON INVESTMENT COMPANY INC.,Vital Energy Inc.,VTLE,2013-12-31,SH,10268.6,5687000.0,0.0,0.0,0.1651,,90,999999,,new,ENERGY,116228
CHILTON INVESTMENT COMPANY INC.,Wells Fargo & Co. 7.50% Non-Cumulative Perpetual Convertible Class A Preferred,WFCPRL,2013-12-31,SH,4966.0,5512000.0,7076.0,8049000.0,0.16,0.2225,91,82,-29.819107,reduction,FINANCE,73782
CHILTON INVESTMENT COMPANY INC.,ExxonMobil Corp. (Standard Oil of New Jersey),XOM,2013-12-31,SH,52171.0,5280000.0,74726.0,6429000.0,0.1533,0.1777,92,91,-30.183604,reduction,ENERGY,228
CHILTON INVESTMENT COMPANY INC.,VanEck Gold Miners ETF-VanEck Gold Miners ETF,GDX,2013-12-31,SH,240712.0,5084000.0,314416.0,7879000.0,0.1476,0.2178,93,84,-23.441555,reduction,FINANCE,7342
CHILTON INVESTMENT COMPANY INC.,Mountain Province Diamonds Inc,MPVDF,2013-12-31,SH,881605.0,4365000.0,777605.0,4128000.0,0.1267,0.1141,94,107,13.3744,addition,MATERIALS,434
CHILTON INVESTMENT COMPANY INC.,Burlington Stores Inc,BURL,2013-12-31,SH,130419.0,4173000.0,0.0,0.0,0.1212,,95,999999,,new,CONSUMER DISCRETIONARY,162667
CHILTON INVESTMENT COMPANY INC.,Carters Inc,CRI,2013-12-31,SH,54988.0,3947000.0,0.0,0.0,0.1146,,96,999999,,new,CONSUMER DISCRETIONARY,5450
CHILTON INVESTMENT COMPANY INC.,Mellanox Technologies Ltd,MLNX,2013-12-31,SH,95129.0,3802000.0,0.0,0.0,0.1104,,97,999999,,new,INFORMATION TECHNOLOGY,4191
CHILTON INVESTMENT COMPANY INC.,IMAX Corp,IMAX,2013-12-31,SH,125813.0,3709000.0,76881.0,2325000.0,0.1077,0.0643,98,114,63.646415,addition,COMMUNICATIONS,6853
CHILTON INVESTMENT COMPANY INC.,PERICOM SEMICONDUCTOR CORP COM STK,PSEM,2013-12-31,SH,389243.0,3449000.0,573159.0,4471000.0,0.1001,0.1236,99,105,-32.088129,reduction,INFORMATION TECHNOLOGY,5768
CHILTON INVESTMENT COMPANY INC.,International Business Machines Corp.,IBM,2013-12-31,SH,18023.0,3381000.0,15946.0,2953000.0,0.0982,0.0816,100,112,13.02521,addition,INFORMATION TECHNOLOGY,237
CHILTON INVESTMENT COMPANY INC.,Community Health Systems Inc.,CYH,2013-12-31,SH,75000.0,2945000.0,0.0,0.0,0.0855,,101,999999,,new,HEALTH CARE,3590
CHILTON INVESTMENT COMPANY INC.,Noah Holdings Ltd ADR,NOAH,2013-12-31,SH,159627.0,2873000.0,156343.0,2666000.0,0.0834,0.0737,102,113,2.10051,addition,FINANCE,108034
CHILTON INVESTMENT COMPANY INC.,Thor Industries Inc.,THO,2013-12-31,SH,51259.0,2831000.0,0.0,0.0,0.0822,,103,999999,,new,CONSUMER DISCRETIONARY,469
CHILTON INVESTMENT COMPANY INC.,Bausch Health Companies,BHC,2013-12-31,SH,24010.0,2819000.0,0.0,0.0,0.0818,,104,999999,,new,HEALTH CARE,5185
CHILTON INVESTMENT COMPANY INC.,Raytheon Technologies Corp. (United Technologies),RTX,2013-12-31,SH,38118.52,2730000.0,96555.59,6552000.0,0.0793,0.1811,105,90,-60.521685,reduction,INDUSTRIALS,285
CHILTON INVESTMENT COMPANY INC.,Pepsico Inc. (Loft Inc.),PEP,2013-12-31,SH,32597.0,2704000.0,70252.0,5585000.0,0.0785,0.1544,106,97,-53.599898,reduction,CONSUMER STAPLES,264
CHILTON INVESTMENT COMPANY INC.,Wynn Resorts Ltd,WYNN,2013-12-31,SH,12994.0,2524000.0,12834.0,2028000.0,0.0733,0.0561,107,116,1.246688,addition,CONSUMER DISCRETIONARY,839
CHILTON INVESTMENT COMPANY INC.,Johnson & Johnson Co.,JNJ,2013-12-31,SH,19570.0,1792000.0,68053.0,5900000.0,0.052,0.1631,108,94,-71.243002,reduction,HEALTH CARE,239
CHILTON INVESTMENT COMPANY INC.,Cummins Inc,CMI,2013-12-31,SH,10842.0,1528000.0,67829.0,9012000.0,0.0444,0.2491,109,78,-84.015687,reduction,INDUSTRIALS,4863
CHILTON INVESTMENT COMPANY INC.,United Technologies Corp. 7.50% Corporate Units,UTX+A1,2013-12-31,SH,22500.0,1473000.0,80750.0,5232000.0,0.0428,0.1446,110,100,-72.136223,reduction,INDUSTRIALS,128147
CHILTON INVESTMENT COMPANY INC.,Linde Plc.,LIN,2013-12-31,SH,10930.0,1421000.0,43287.0,5204000.0,0.0413,0.1438,111,101,-74.749925,reduction,MATERIALS,269
CHILTON INVESTMENT COMPANY INC.,TJX Companies Inc.,TJX,2013-12-31,SH,43386.0,1383000.0,0.0,0.0,0.0402,,112,999999,,new,CONSUMER DISCRETIONARY,185
CHILTON INVESTMENT COMPANY INC.,Berkshire Hathaway Inc Class A,BRK.A,2013-12-31,SH,7.0,1245000.0,0.0,0.0,0.0361,,113,999999,,new,FINANCE,4161
CHILTON INVESTMENT COMPANY INC.,Yum! Brands Inc. (Tricon Global Restaurants),YUM,2013-12-31,SH,16328.0,1235000.0,17076.0,1219000.0,0.0359,0.0337,114,120,-4.380417,reduction,CONSUMER DISCRETIONARY,479
CHILTON INVESTMENT COMPANY INC.,Walgreens Boots Alliance Inc.,WBA,2013-12-31,SH,21240.0,1220000.0,124740.0,6711000.0,0.0354,0.1855,115,89,-82.972583,reduction,CONSUMER STAPLES,308
CHILTON INVESTMENT COMPANY INC.,Procter & Gamble Co. (OH) (1905),PG,2013-12-31,SH,13742.0,1119000.0,69257.0,5235000.0,0.0325,0.1447,116,99,-80.157962,reduction,CONSUMER STAPLES,272
CHILTON INVESTMENT COMPANY INC.,Sonoco Products Co.,SON,2013-12-31,SH,25846.0,1078000.0,19645.0,765000.0,0.0313,0.0211,117,122,31.565284,addition,MATERIALS,457
CHILTON INVESTMENT COMPANY INC.,Automatic Data Processing Inc,ADP,2013-12-31,SH,13332.0,1077000.0,82582.0,5977000.0,0.0313,0.1652,118,93,-83.856046,reduction,INFORMATION TECHNOLOGY,201
CHILTON INVESTMENT COMPANY INC.,TAL Education Group American Depositary ADR,TAL,2013-12-31,SH,274614.0,1006000.0,166896.0,403000.0,0.0292,0.0111,119,128,64.54199,addition,CONSUMER DISCRETIONARY,96103
CHILTON INVESTMENT COMPANY INC.,Eagle Bulk Shipping Inc,EGLE,2013-12-31,SH,85.55,999000.0,115.28,2106000.0,0.029,0.0582,120,115,-25.789382,reduction,TRANSPORTS,6633
CHILTON INVESTMENT COMPANY INC.,Franklin Resources Inc,BEN,2013-12-31,SH,15529.0,896000.0,25815.0,1305000.0,0.026,0.0361,121,119,-39.845051,reduction,FINANCE,2808
CHILTON INVESTMENT COMPANY INC.,Kellogg Co.,K,2013-12-31,SH,15001.59,860000.0,62394.09,3441000.0,0.025,0.0951,122,108,-75.956713,reduction,CONSUMER STAPLES,2538
CHILTON INVESTMENT COMPANY INC.,General Mills Co.,GIS,2013-12-31,SH,16898.0,843000.0,67346.0,3227000.0,0.0245,0.0892,123,110,-74.908681,reduction,CONSUMER STAPLES,524
CHILTON INVESTMENT COMPANY INC.,Target Corp.,TGT,2013-12-31,SH,13255.0,839000.0,80455.0,5148000.0,0.0244,0.1423,124,102,-83.524952,reduction,CONSUMER DISCRETIONARY,305
CHILTON INVESTMENT COMPANY INC.,Mead Johnson Nutrition Co.,MJN,2013-12-31,SH,9034.0,757000.0,0.0,0.0,0.022,,125,999999,,new,CONSUMER STAPLES,73084
CHILTON INVESTMENT COMPANY INC.,Philip Morris International Inc,PM,2013-12-31,SH,8220.0,716000.0,3690.0,320000.0,0.0208,0.0088,126,131,122.764228,addition,CONSUMER STAPLES,45788
CHILTON INVESTMENT COMPANY INC.,CVS Health Corp. (Melville Shoe),CVS,2013-12-31,SH,9860.0,706000.0,4340.0,246000.0,0.0205,0.0068,127,136,127.18894,addition,CONSUMER STAPLES,221
CHILTON INVESTMENT COMPANY INC.,Precision Castparts Corp.,PCP,2013-12-31,SH,2568.0,692000.0,0.0,0.0,0.0201,,128,999999,,new,INDUSTRIALS,270
CHILTON INVESTMENT COMPANY INC.,Cadence Design Systems Inc.,CDNS,2013-12-31,CALL,48800.0,684000.0,0.0,0.0,0.0199,,129,999999,,new,INFORMATION TECHNOLOGY,947
CHILTON INVESTMENT COMPANY INC.,Lowes Companies Inc.,LOW,2013-12-31,SH,13469.0,667000.0,71069.0,3384000.0,0.0194,0.0935,130,109,-81.047996,reduction,CONSUMER DISCRETIONARY,138
CHILTON INVESTMENT COMPANY INC.,Fastenal Co.,FAST,2013-12-31,SH,27040.0,642000.0,0.0,0.0,0.0186,,131,999999,,new,INDUSTRIALS,3446
CHILTON INVESTMENT COMPANY INC.,Huazhu Grp Ltd ADS ADR,HTHT,2013-12-31,SH,80000.0,609000.0,80000.0,380000.0,0.0177,0.0105,132,130,0.0,,CONSUMER DISCRETIONARY,89141
CHILTON INVESTMENT COMPANY INC.,Marsh & McLennan Companies Inc.,MMC,2013-12-31,SH,11343.0,549000.0,0.0,0.0,0.0159,,133,999999,,new,FINANCE,4352
CHILTON INVESTMENT COMPANY INC.,Alphabet Inc. Class A,GOOGL,2013-12-31,SH,9520.0,533000.0,0.0,0.0,0.0155,,134,999999,,new,COMMUNICATIONS,4112
CHILTON INVESTMENT COMPANY INC.,Fang Holdings Ltd,SFUNY,2013-12-31,SH,628.9,518000.0,0.0,0.0,0.015,,135,999999,,new,REAL ESTATE,11560
CHILTON INVESTMENT COMPANY INC.,Verizon Communications (Bell Atlantic Corp.),VZ,2013-12-31,SH,9780.0,481000.0,0.0,0.0,0.014,,136,999999,,new,UTILITIES AND TELECOMMUNICATIONS,286
CHILTON INVESTMENT COMPANY INC.,Merck & Co,MRK,2013-12-31,SH,9342.92,446000.0,32818.12,1491000.0,0.0129,0.0412,137,117,-71.531215,reduction,HEALTH CARE,431
CHILTON INVESTMENT COMPANY INC.,BlackRock Inc. Class A,BLK,2013-12-31,SH,1370.0,434000.0,0.0,0.0,0.0126,,138,999999,,new,FINANCE,5029
CHILTON INVESTMENT COMPANY INC.,PacWest Bancorp (DE),PACW,2013-12-31,SH,9985.0,422000.0,0.0,0.0,0.0123,,139,999999,,new,FINANCE,45974
CHILTON INVESTMENT COMPANY INC.,Ameriprise Financial Inc.,AMP,2013-12-31,SH,3648.0,420000.0,0.0,0.0,0.0122,,140,999999,,new,FINANCE,536
CHILTON INVESTMENT COMPANY INC.,Cadence Design Systems Inc.,CDNS,2013-12-31,SH,29660.0,416000.0,0.0,0.0,0.0121,,141,999999,,new,INFORMATION TECHNOLOGY,947
CHILTON INVESTMENT COMPANY INC.,Novartis AG ADS,NVS,2013-12-31,SH,5742.94,414000.0,5742.94,395000.0,0.012,0.0109,142,129,0.0,,HEALTH CARE,4136
CHILTON INVESTMENT COMPANY INC.,IDEXX Laboratories Inc.,IDXX,2013-12-31,SH,7698.0,409000.0,0.0,0.0,0.0119,,143,999999,,new,HEALTH CARE,4037
CHILTON INVESTMENT COMPANY INC.,Sanofi SA,SNY,2013-12-31,SH,7388.0,396000.0,11881.0,602000.0,0.0115,0.0166,144,124,-37.816682,reduction,HEALTH CARE,4377
CHILTON INVESTMENT COMPANY INC.,Advance Auto Parts Inc.,AAP,2013-12-31,SH,3332.0,369000.0,0.0,0.0,0.0107,,145,999999,,new,CONSUMER DISCRETIONARY,3562
CHILTON INVESTMENT COMPANY INC.,AbbVie Inc,ABBV,2013-12-31,SH,6900.0,364000.0,0.0,0.0,0.0106,,146,999999,,new,HEALTH CARE,133912
CHILTON INVESTMENT COMPANY INC.,Unilever N.V. ADR,UN,2013-12-31,SH,8325.0,335000.0,191939.0,7240000.0,0.0097,0.2001,147,86,-95.662684,reduction,CONSUMER STAPLES,6451
CHILTON INVESTMENT COMPANY INC.,Apple Inc,AAPL,2013-12-31,SH,15736.0,315000.0,15736.0,268000.0,0.0091,0.0074,148,135,0.0,,INFORMATION TECHNOLOGY,195
CHILTON INVESTMENT COMPANY INC.,Bristol-Myers Squibb Co,BMY,2013-12-31,SH,5829.0,310000.0,5829.0,270000.0,0.009,0.0075,149,134,0.0,,HEALTH CARE,380
CHILTON INVESTMENT COMPANY INC.,TotalEnergies SE,TTE,2013-12-31,SH,4858.0,298000.0,4858.0,281000.0,0.0087,0.0078,150,133,0.0,,ENERGY,4389
CHILTON INVESTMENT COMPANY INC.,Pall Corp.,PLL,2013-12-31,SH,3388.0,289000.0,0.0,0.0,0.0084,,151,999999,,new,INDUSTRIALS,447
CHILTON INVESTMENT COMPANY INC.,Mohawk Industries Inc.,MHK,2013-12-31,SH,1804.0,269000.0,0.0,0.0,0.0078,,152,999999,,new,CONSUMER DISCRETIONARY,5137
CHILTON INVESTMENT COMPANY INC.,McKesson Corp.,MCK,2013-12-31,SH,1662.0,268000.0,1911.0,245000.0,0.0078,0.0068,153,137,-13.029827,reduction,HEALTH CARE,252
CHILTON INVESTMENT COMPANY INC.,OReilly Automotive Inc.,ORLY,2013-12-31,SH,2000.0,257000.0,0.0,0.0,0.0075,,154,999999,,new,CONSUMER DISCRETIONARY,5148
CHILTON INVESTMENT COMPANY INC.,Allergan Inc.,AGN,2013-12-31,SH,2307.0,256000.0,4614.0,417000.0,0.0074,0.0115,155,127,-50.0,reduction,HEALTH CARE,3531
CHILTON INVESTMENT COMPANY INC.,Qihoo 360 Technology Co. Ltd,QIHU,2013-12-31,SH,3090.0,254000.0,0.0,0.0,0.0074,,156,999999,,new,INFORMATION TECHNOLOGY,111476
CHILTON INVESTMENT COMPANY INC.,Oracle Corp,ORCL,2013-12-31,SH,6431.0,246000.0,0.0,0.0,0.0071,,157,999999,,new,INFORMATION TECHNOLOGY,20
CHILTON INVESTMENT COMPANY INC.,Smucker (J.M.) Co.,SJM,2013-12-31,SH,2375.0,246000.0,0.0,0.0,0.0071,,158,999999,,new,CONSUMER STAPLES,4381
CHILTON INVESTMENT COMPANY INC.,SPDR S&P 500 ETF TRUST,SPY,2013-12-31,SH,1328.0,245000.0,0.0,0.0,0.0071,,159,999999,,new,FINANCE,3962
CHILTON INVESTMENT COMPANY INC.,The Consumer Staples Select Sector SPDR Fund-,XLP,2013-12-31,SH,5612.0,241000.0,5185.0,206000.0,0.007,0.0057,160,144,8.235294,addition,CONSUMER STAPLES,6764
CHILTON INVESTMENT COMPANY INC.,Microsoft Corp.,MSFT,2013-12-31,SH,6424.0,240000.0,7104.0,237000.0,0.007,0.0066,161,138,-9.572072,reduction,INFORMATION TECHNOLOGY,178
CHILTON INVESTMENT COMPANY INC.,Baidu Inc ADR,BIDU,2013-12-31,SH,1338.0,238000.0,0.0,0.0,0.0069,,162,999999,,new,COMMUNICATIONS,4807
CHILTON INVESTMENT COMPANY INC.,Cognizant Technology Solutions Corp,CTSH,2013-12-31,SH,4610.0,233000.0,13080.0,537000.0,0.0068,0.0148,163,125,-64.755352,reduction,INFORMATION TECHNOLOGY,3996
CHILTON INVESTMENT COMPANY INC.,Markel Corp. (Holding Co.),MKL,2013-12-31,SH,400.0,232000.0,400.0,207000.0,0.0067,0.0057,164,143,0.0,,FINANCE,3461
CHILTON INVESTMENT COMPANY INC.,AFLAC Inc.,AFL,2013-12-31,SH,6838.0,228000.0,6838.0,212000.0,0.0066,0.0059,165,141,0.0,,FINANCE,190
CHILTON INVESTMENT COMPANY INC.,NCR Voyix Corp,VYX,2013-12-31,SH,10847.65,227000.0,9602.33,233000.0,0.0066,0.0064,166,139,12.968936,addition,INFORMATION TECHNOLOGY,3634
CHILTON INVESTMENT COMPANY INC.,American International Group Inc.,AIG,2013-12-31,SH,4374.0,223000.0,4374.0,213000.0,0.0065,0.0059,167,140,0.0,,FINANCE,193
CHILTON INVESTMENT COMPANY INC.,Oil States International Inc,OIS,2013-12-31,SH,2145.0,218000.0,4290.0,444000.0,0.0063,0.0123,168,126,-50.0,reduction,ENERGY,3534
CHILTON INVESTMENT COMPANY INC.,Vodafone Group Plc Sponsored ADR,VOD,2013-12-31,SH,5340.0,210000.0,0.0,0.0,0.0061,,169,999999,,new,UTILITIES AND TELECOMMUNICATIONS,4155
CHILTON INVESTMENT COMPANY INC.,HSBC Holdings plc ADR,HSBC,2013-12-31,SH,3735.0,206000.0,0.0,0.0,0.006,,170,999999,,new,FINANCE,4164
CHILTON INVESTMENT COMPANY INC.,Avalon Advanced Materials Inc,AVLNF,2013-12-31,SH,313787.0,171000.0,660584.0,628000.0,0.005,0.0174,171,123,-52.498547,reduction,MATERIALS,84355
CHILTON INVESTMENT COMPANY INC.,Emerson Electric Co.,EMR,2013-12-31,SH,0.0,0.0,83040.0,5373000.0,,0.1485,999999,98,-100.0,soldall,INDUSTRIALS,227
CHILTON INVESTMENT COMPANY INC.,World Kinect Corp,WKC,2013-12-31,SH,0.0,0.0,154964.0,5782000.0,,0.1598,999999,96,-100.0,soldall,ENERGY,288
CHILTON INVESTMENT COMPANY INC.,P M C SIERRA INC,PMCS,2013-12-31,SH,0.0,0.0,732025.0,4846000.0,,0.1339,999999,104,-100.0,soldall,INFORMATION TECHNOLOGY,941
CHILTON INVESTMENT COMPANY INC.,Canadian Pacific Railway Ltd. (2001),CP,2013-12-31,SH,0.0,0.0,8450.0,208000.0,,0.0057,999999,142,-100.0,soldall,TRANSPORTS,2507
CHILTON INVESTMENT COMPANY INC.,Bally Technologies Inc.,BYI,2013-12-31,SH,0.0,0.0,468822.0,33783000.0,,0.9337,999999,41,-100.0,soldall,INDUSTRIALS,3924
CHILTON INVESTMENT COMPANY INC.,Mastercard Inc,MA,2013-12-31,PUT,0.0,0.0,250000.0,16820000.0,,0.4649,999999,61,-100.0,soldall,FINANCE,4044
CHILTON INVESTMENT COMPANY INC.,Chubb Corp.,CB,2013-12-31,SH,0.0,0.0,55082.0,4917000.0,,0.1359,999999,103,-100.0,soldall,FINANCE,4311
CHILTON INVESTMENT COMPANY INC.,Urstadt Biddle Properties Inc. Class A,UBA,2013-12-31,SH,0.0,0.0,14670.0,292000.0,,0.0081,999999,132,-100.0,soldall,REAL ESTATE,4393
CHILTON INVESTMENT COMPANY INC.,Molson Coors Brewing Co,TAP,2013-12-31,SH,0.0,0.0,60775.0,3047000.0,,0.0842,999999,111,-100.0,soldall,CONSUMER STAPLES,4895
CHILTON INVESTMENT COMPANY INC.,Pitney-Bowes Inc.,PBI,2013-12-31,SH,0.0,0.0,415772.0,7563000.0,,0.209,999999,85,-100.0,soldall,INDUSTRIALS,4902
CHILTON INVESTMENT COMPANY INC.,CarMax Inc.,KMX,2013-12-31,SH,0.0,0.0,527511.0,25568000.0,,0.7067,999999,51,-100.0,soldall,CONSUMER DISCRETIONARY,5061
CHILTON INVESTMENT COMPANY INC.,Agrium Inc. - Merged with Potash,AGU,2013-12-31,SH,0.0,0.0,151377.0,12720000.0,,0.3516,999999,69,-100.0,soldall,MATERIALS,11418
CHILTON INVESTMENT COMPANY INC.,Genesco Inc.,GCO,2013-12-31,SH,0.0,0.0,632377.0,41471000.0,,1.1462,999999,33,-100.0,soldall,CONSUMER DISCRETIONARY,11478
CHILTON INVESTMENT COMPANY INC.,VISA Inc,V,2013-12-31,SH,0.0,0.0,30652.0,1464000.0,,0.0405,999999,118,-100.0,soldall,FINANCE,45920
CHILTON INVESTMENT COMPANY INC.,TAL Education Group American Depositary ADR,TAL,2013-12-31,CALL,0.0,0.0,60000.0,145000.0,,0.004,999999,145,-100.0,soldall,CONSUMER DISCRETIONARY,96103
CHILTON INVESTMENT COMPANY INC.,NeoPhotonics Corp,NPTN,2013-12-31,SH,0.0,0.0,596594.0,4409000.0,,0.1219,999999,106,-100.0,soldall,INFORMATION TECHNOLOGY,110226
CHILTON INVESTMENT COMPANY INC.,Wells Fargo & Co  Warrant,WFC-W1,2013-12-31,SH,0.0,0.0,74239.0,1042000.0,,0.0288,999999,121,-100.0,soldall,FINANCE,113281
