Filer Name,Stock Name,Stock Ticker,Quarter Date,Type of Security,Current Shares Held,Current Market Value,Previous Shares Held,Previous Market Value,Current % of Portfolio,Previous % of Portfolio,Current Rank,Previous Rank,Change in Shares,Type of Change,Sector,stock_id
CHILTON INVESTMENT COMPANY INC.,EOG Resources Inc,EOG,2012-03-31,SH,1960766.0,108920550.0,2030816.0,100027840.0,2.5345,2.5109,1,3,-3.449352,reduction,ENERGY,4870
CHILTON INVESTMENT COMPANY INC.,Agrium Inc. - Merged with Potash,AGU,2012-03-31,SH,1230477.0,106276300.0,1073346.0,72032250.0,2.473,1.8082,2,13,14.639361,addition,MATERIALS,11418
CHILTON INVESTMENT COMPANY INC.,LKQ Corp,LKQ,2012-03-31,SH,6645830.0,103575260.0,6803926.0,102331050.0,2.4102,2.5687,3,2,-2.3236,reduction,INDUSTRIALS,5610
CHILTON INVESTMENT COMPANY INC.,Chevron Corp. (Standard Oil of California),CVX,2012-03-31,SH,958424.0,102780190.0,1263367.0,134422250.0,2.3917,3.3743,4,1,-24.137325,reduction,ENERGY,214
CHILTON INVESTMENT COMPANY INC.,Mosaic Company (The),MOS,2012-03-31,SH,1853394.0,102474150.0,1433262.0,72279400.0,2.3845,1.8144,5,12,29.312994,addition,MATERIALS,11443
CHILTON INVESTMENT COMPANY INC.,Airgas Inc.,ARG,2012-03-31,SH,1112306.0,98961870.0,992527.0,77496510.0,2.3028,1.9453,6,9,12.068085,addition,MATERIALS,5042
CHILTON INVESTMENT COMPANY INC.,Nutrien Ltd,NTR,2012-03-31,SH,2108269.0,96326810.0,2183282.0,90125880.0,2.2415,2.2624,7,6,-3.435791,reduction,MATERIALS,267
CHILTON INVESTMENT COMPANY INC.,Home Depot Inc. (The),HD,2012-03-31,SH,1881520.0,94659270.0,1819749.0,76502250.0,2.2027,1.9204,8,10,3.394479,addition,CONSUMER DISCRETIONARY,354
CHILTON INVESTMENT COMPANY INC.,Corning Inc.,GLW,2012-03-31,SH,6666146.0,93859340.0,5639835.0,73205060.0,2.1841,1.8376,9,11,18.197536,addition,MATERIALS,146
CHILTON INVESTMENT COMPANY INC.,NVR Inc,NVR,2012-03-31,SH,123821.0,89934910.0,102102.0,70041970.0,2.0928,1.7582,10,15,21.271865,addition,CONSUMER DISCRETIONARY,2611
CHILTON INVESTMENT COMPANY INC.,Sherwin-Williams Co.,SHW,2012-03-31,SH,2374482.0,86011650.0,2275635.0,67715310.0,2.0015,1.6998,11,16,4.343711,addition,MATERIALS,11358
CHILTON INVESTMENT COMPANY INC.,Occidental Petroleum Corp.,OXY,2012-03-31,SH,854190.66,81206530.0,884832.66,82768110.0,1.8896,2.0777,12,8,-3.463028,reduction,ENERGY,442
CHILTON INVESTMENT COMPANY INC.,Devon Energy Corp.,DVN,2012-03-31,SH,1118396.0,79540320.0,0.0,0.0,1.8509,,13,999999,,new,ENERGY,3594
CHILTON INVESTMENT COMPANY INC.,Broadcom Ltd. (Avago Technologies),AVGO,2012-03-31,SH,2014186.0,78492830.0,3349284.0,96660340.0,1.8265,2.4264,14,4,-39.862191,reduction,INFORMATION TECHNOLOGY,81122
CHILTON INVESTMENT COMPANY INC.,AutoZone Inc.,AZO,2012-03-31,SH,207691.0,77219510.0,207665.0,67484900.0,1.7969,1.694,15,17,0.01252,addition,CONSUMER DISCRETIONARY,2609
CHILTON INVESTMENT COMPANY INC.,Dollar General Corp.,DG,2012-03-31,SH,1537520.0,71033420.0,1557262.0,64065760.0,1.6529,1.6082,16,18,-1.267738,reduction,CONSUMER DISCRETIONARY,85548
CHILTON INVESTMENT COMPANY INC.,Bally Technologies Inc.,BYI,2012-03-31,SH,1512851.0,70725780.0,1567785.0,62021570.0,1.6458,1.5569,17,20,-3.503924,reduction,INDUSTRIALS,3924
CHILTON INVESTMENT COMPANY INC.,Southwestern Energy Co.,SWN,2012-03-31,SH,2304458.0,70516410.0,2978043.0,95118690.0,1.6409,2.3877,18,5,-22.618377,reduction,ENERGY,3900
CHILTON INVESTMENT COMPANY INC.,Vivus Inc,VVUS,2012-03-31,SH,287648.8,64318270.0,861765.9,84022180.0,1.4967,2.1091,19,7,-66.621005,reduction,HEALTH CARE,7680
CHILTON INVESTMENT COMPANY INC.,Baker Hughes Company,BKR,2012-03-31,SH,1513113.0,63459960.0,0.0,0.0,1.4767,,20,999999,,new,ENERGY,2502
CHILTON INVESTMENT COMPANY INC.,Marvell Technology Group Ltd,MRVL,2012-03-31,SH,3723843.0,58576050.0,4461230.0,61788040.0,1.363,1.551,21,21,-16.528782,reduction,INFORMATION TECHNOLOGY,3999
CHILTON INVESTMENT COMPANY INC.,Yum! Brands Inc. (Tricon Global Restaurants),YUM,2012-03-31,SH,804637.0,57274060.0,1008335.0,59501850.0,1.3327,1.4936,22,23,-20.201421,reduction,CONSUMER DISCRETIONARY,479
CHILTON INVESTMENT COMPANY INC.,Entegris Inc.,ENTG,2012-03-31,SH,5721322.0,53437150.0,8082622.0,70520880.0,1.2435,1.7702,23,14,-29.21453,reduction,INFORMATION TECHNOLOGY,3717
CHILTON INVESTMENT COMPANY INC.,SANDISK CORP,SNDK,2012-03-31,SH,1030386.0,51096840.0,676748.0,33302770.0,1.189,0.836,24,50,52.255492,addition,INFORMATION TECHNOLOGY,943
CHILTON INVESTMENT COMPANY INC.,WALTER ENERGY INC COM STK (DE),WLT,2012-03-31,SH,862137.0,51047130.0,892842.0,54070510.0,1.1878,1.3573,25,25,-3.439018,reduction,INDUSTRIALS,4979
CHILTON INVESTMENT COMPANY INC.,Hollywood Casino Corp. Class A,HWD,2012-03-31,SH,3259668.0,47982260.0,3394429.0,36253270.0,1.1165,0.91,26,44,-3.970064,reduction,CONSUMER DISCRETIONARY,5539
CHILTON INVESTMENT COMPANY INC.,Suncor Energy Inc.,SU,2012-03-31,SH,1454049.0,47547400.0,1506051.0,43419450.0,1.1064,1.0899,27,30,-3.452871,reduction,ENERGY,127
CHILTON INVESTMENT COMPANY INC.,Dollar Tree Inc.,DLTR,2012-03-31,SH,990718.0,46806470.0,1033554.0,42949340.0,1.0892,1.0781,28,32,-4.144534,reduction,CONSUMER DISCRETIONARY,2640
CHILTON INVESTMENT COMPANY INC.,TotalEnergies SE,TTE,2012-03-31,SH,910595.0,46549620.0,641916.0,32808330.0,1.0832,0.8236,29,51,41.855788,addition,ENERGY,4389
CHILTON INVESTMENT COMPANY INC.,Amphenol Corp. (1987),APH,2012-03-31,SH,3024188.0,45188930.0,3693852.0,41915990.0,1.0515,1.0522,30,35,-18.129151,reduction,INFORMATION TECHNOLOGY,5048
CHILTON INVESTMENT COMPANY INC.,McDonalds Corp.,MCD,2012-03-31,SH,455818.0,44715750.0,409523.0,41087440.0,1.0405,1.0314,31,37,11.304615,addition,CONSUMER DISCRETIONARY,250
CHILTON INVESTMENT COMPANY INC.,CF Industries Holdings Inc,CF,2012-03-31,SH,1221035.0,44604410.0,1264900.0,36677040.0,1.0379,0.9207,32,43,-3.467863,reduction,MATERIALS,4
CHILTON INVESTMENT COMPANY INC.,Ascena Retail Group Inc,ASNAQ,2012-03-31,SH,48953.2,43392120.0,48658.45,28922580.0,1.0097,0.726,33,58,0.605753,addition,CONSUMER DISCRETIONARY,109584
CHILTON INVESTMENT COMPANY INC.,Verisk Analytics Inc,VRSK,2012-03-31,SH,903487.0,42436780.0,13858.0,556120.0,0.9875,0.014,34,160,6419.606004,addition,INDUSTRIALS,83334
CHILTON INVESTMENT COMPANY INC.,Raytheon Technologies Corp. (United Technologies),RTX,2012-03-31,SH,788360.1,41149520.0,969931.96,44614430.0,0.9575,1.1199,35,29,-18.720062,reduction,INDUSTRIALS,285
CHILTON INVESTMENT COMPANY INC.,Coca Cola Co.,KO,2012-03-31,SH,1102890.0,40812440.0,1309532.0,45813980.0,0.9497,1.15,36,28,-15.779836,reduction,CONSUMER STAPLES,386
CHILTON INVESTMENT COMPANY INC.,Weatherford International plc,WFTIQ,2012-03-31,SH,2628581.0,39665290.0,2723025.0,39865090.0,0.923,1.0007,37,38,-3.468349,reduction,ENERGY,2531
CHILTON INVESTMENT COMPANY INC.,Popeyes Louisiana Kitchen Inc.,PLKI,2012-03-31,SH,2299434.0,38998400.0,2382962.0,35029540.0,0.9075,0.8793,38,46,-3.505217,reduction,CONSUMER DISCRETIONARY,6078
CHILTON INVESTMENT COMPANY INC.,Coterra Energy Inc,CTRA,2012-03-31,SH,2462982.0,38385570.0,2551052.0,48406210.0,0.8932,1.2151,39,27,-3.452301,reduction,ENERGY,2765
CHILTON INVESTMENT COMPANY INC.,Range Resources Corp.,RRC,2012-03-31,SH,658703.0,38296990.0,682245.0,42258260.0,0.8912,1.0608,40,34,-3.450667,reduction,ENERGY,3656
CHILTON INVESTMENT COMPANY INC.,Target Corp.,TGT,2012-03-31,SH,655322.0,38185610.0,502772.0,25751980.0,0.8886,0.6464,41,62,30.341785,addition,CONSUMER DISCRETIONARY,305
CHILTON INVESTMENT COMPANY INC.,Brightpoint Inc.,CELL,2012-03-31,SH,4738915.0,38148270.0,5829094.0,62721050.0,0.8877,1.5744,42,19,-18.702375,reduction,INFORMATION TECHNOLOGY,5682
CHILTON INVESTMENT COMPANY INC.,Blount International Inc. Class A,BLT,2012-03-31,SH,2255592.0,37623270.0,0.0,0.0,0.8755,,43,999999,,new,INDUSTRIALS,2504
CHILTON INVESTMENT COMPANY INC.,Costco Co.,COST,2012-03-31,SH,413367.0,37533720.0,514133.0,42837560.0,0.8734,1.0753,44,33,-19.599209,reduction,CONSUMER STAPLES,393
CHILTON INVESTMENT COMPANY INC.,Freeport-McMoRan Copper & Gold Inc,FCX,2012-03-31,SH,984855.0,37463880.0,1023789.0,37665200.0,0.8718,0.9455,45,40,-3.802932,reduction,MATERIALS,652
CHILTON INVESTMENT COMPANY INC.,Micron Technology Inc.,MU,2012-03-31,SH,4589614.0,37175870.0,5564977.0,35003710.0,0.8651,0.8787,46,47,-17.526811,reduction,INFORMATION TECHNOLOGY,488
CHILTON INVESTMENT COMPANY INC.,MeadWestvaco Corporation,MWV,2012-03-31,SH,1170806.0,36985760.0,1380087.0,41333610.0,0.8606,1.0376,47,36,-15.164334,reduction,MATERIALS,3629
CHILTON INVESTMENT COMPANY INC.,ATMEL CORP;COM USD0.001,ATML,2012-03-31,SH,3707273.0,36553710.0,4290114.0,34749920.0,0.8506,0.8723,48,48,-13.585676,reduction,INFORMATION TECHNOLOGY,5051
CHILTON INVESTMENT COMPANY INC.,BTC iShares Silver Trust,SLV,2012-03-31,SH,1164608.0,36533750.0,1205354.0,32472240.0,0.8501,0.8151,49,52,-3.380418,reduction,FINANCE,5927
CHILTON INVESTMENT COMPANY INC.,Concho Resources Inc,CXO,2012-03-31,SH,345953.0,35314880.0,358043.0,33566530.0,0.8218,0.8426,50,49,-3.376689,reduction,ENERGY,6018
CHILTON INVESTMENT COMPANY INC.,Baytex Energy Corp,BTEGF,2012-03-31,SH,677264.0,35171040.0,701515.0,39303730.0,0.8184,0.9866,51,39,-3.456947,reduction,ENERGY,6978
CHILTON INVESTMENT COMPANY INC.,Monsanto Co. (New),MON,2012-03-31,SH,395197.0,31520910.0,0.0,0.0,0.7335,,52,999999,,new,MATERIALS,16
CHILTON INVESTMENT COMPANY INC.,Linde Plc.,LIN,2012-03-31,SH,269276.0,30869800.0,236799.0,25313810.0,0.7183,0.6354,53,63,13.715007,addition,MATERIALS,269
CHILTON INVESTMENT COMPANY INC.,Emerson Electric Co.,EMR,2012-03-31,SH,585863.0,30570330.0,471001.0,21943940.0,0.7114,0.5508,54,65,24.386785,addition,INDUSTRIALS,227
CHILTON INVESTMENT COMPANY INC.,Cameco Corp.,CCJ,2012-03-31,SH,1422189.0,30562840.0,2381288.0,42982250.0,0.7112,1.079,55,31,-40.276481,reduction,ENERGY,156
CHILTON INVESTMENT COMPANY INC.,United States Oil Fund,USO,2012-03-31,SH,95850.75,30081800.0,198843.13,60623290.0,0.7,1.5218,56,22,-51.795795,reduction,FINANCE,7651
CHILTON INVESTMENT COMPANY INC.,NovaGold Resources Inc,NG,2012-03-31,SH,4177132.0,29991810.0,4331857.0,36734150.0,0.6979,0.9221,57,42,-3.571794,reduction,MATERIALS,4095
CHILTON INVESTMENT COMPANY INC.,MOLYCORP INC COM STK,MCPIQ,2012-03-31,SH,859697.0,29083550.0,890771.0,21360690.0,0.6768,0.5362,58,67,-3.488439,reduction,MATERIALS,91630
CHILTON INVESTMENT COMPANY INC.,Walt Disney Co. (The),DIS,2012-03-31,SH,640764.0,28052650.0,986985.0,37011940.0,0.6528,0.9291,59,41,-35.078649,reduction,COMMUNICATIONS,395
CHILTON INVESTMENT COMPANY INC.,Mastercard Inc,MA,2012-03-31,SH,656520.0,27609290.0,0.0,0.0,0.6425,,60,999999,,new,FINANCE,4044
CHILTON INVESTMENT COMPANY INC.,EQT Corporation (Equitable Gas Co.),EQT,2012-03-31,SH,570267.0,27492570.0,590879.0,32374260.0,0.6397,0.8127,61,53,-3.488362,reduction,UTILITIES AND TELECOMMUNICATIONS,3739
CHILTON INVESTMENT COMPANY INC.,Intrepid Potash Inc,IPI,2012-03-31,SH,110672.1,26926520.0,114672.3,25950340.0,0.6266,0.6514,62,61,-3.488375,reduction,MATERIALS,46046
CHILTON INVESTMENT COMPANY INC.,Schlumberger Ltd.,SLB,2012-03-31,SH,383838.0,26841790.0,397711.0,27167640.0,0.6246,0.682,63,59,-3.488211,reduction,ENERGY,276
CHILTON INVESTMENT COMPANY INC.,Kodiak Oil & Gas Corp.,KOG,2012-03-31,SH,2673782.0,26646390.0,2733379.0,25964870.0,0.6201,0.6518,64,60,-2.180342,reduction,ENERGY,120
CHILTON INVESTMENT COMPANY INC.,Booking Holdings Inc. (Priceline),BKNG,2012-03-31,SH,36144.0,25933320.0,49510.0,23156320.0,0.6035,0.5813,65,64,-26.996566,reduction,CONSUMER DISCRETIONARY,4288
CHILTON INVESTMENT COMPANY INC.,Walmart Inc,WMT,2012-03-31,SH,1217298.0,24832880.0,1012503.0,20169060.0,0.5779,0.5063,66,72,20.226607,addition,CONSUMER STAPLES,345
CHILTON INVESTMENT COMPANY INC.,SSgA SPDR Gold Shares,GLD,2012-03-31,SH,143109.0,23203690.0,143083.0,21747190.0,0.5399,0.5459,67,66,0.018171,addition,MATERIALS,3418
CHILTON INVESTMENT COMPANY INC.,McMorAn Exploration Co,MMR,2012-03-31,SH,2140939.0,22908050.0,2218323.0,32276600.0,0.5331,0.8102,68,54,-3.488401,reduction,ENERGY,5132
CHILTON INVESTMENT COMPANY INC.,Zynga Inc.,ZNGA,2012-03-31,SH,1721894.0,22642910.0,0.0,0.0,0.5269,,69,999999,,new,INFORMATION TECHNOLOGY,115965
CHILTON INVESTMENT COMPANY INC.,Alphabet Inc. Class A,GOOGL,2012-03-31,SH,669400.0,21462300.0,21320.0,688530.0,0.4994,0.0173,70,155,3039.774859,addition,COMMUNICATIONS,4112
CHILTON INVESTMENT COMPANY INC.,Cenovus Energy Inc,CVE,2012-03-31,SH,577878.0,20802330.0,598765.0,19920900.0,0.4841,0.5001,71,73,-3.488347,reduction,ENERGY,85646
CHILTON INVESTMENT COMPANY INC.,JPMorgan Chase & Co. (Chemical Bank),JPM,2012-03-31,SH,418044.0,19221660.0,0.0,0.0,0.4473,,72,999999,,new,FINANCE,240
CHILTON INVESTMENT COMPANY INC.,Beam Inc,BEAM,2012-03-31,SH,315407.0,18473390.0,0.0,0.0,0.4299,,73,999999,,new,CONSUMER DISCRETIONARY,503
CHILTON INVESTMENT COMPANY INC.,Wynn Resorts Ltd,WYNN,2012-03-31,SH,147214.0,18384080.0,0.0,0.0,0.4278,,74,999999,,new,CONSUMER DISCRETIONARY,839
CHILTON INVESTMENT COMPANY INC.,Helmerich & Payne Inc.,HP,2012-03-31,SH,324000.0,17479800.0,335710.0,19592040.0,0.4067,0.4918,75,74,-3.48813,reduction,ENERGY,5001
CHILTON INVESTMENT COMPANY INC.,SPDR(R) S&P Bank ETF-SPDR(R) S&P Bank ETF,KBE,2012-03-31,SH,702798.0,16761730.0,858651.0,17027050.0,0.39,0.4274,76,81,-18.150913,reduction,FINANCE,9571
CHILTON INVESTMENT COMPANY INC.,P M C SIERRA INC,PMCS,2012-03-31,SH,2225842.0,16092840.0,2215610.0,12208010.0,0.3745,0.3064,77,88,0.461814,addition,INFORMATION TECHNOLOGY,941
CHILTON INVESTMENT COMPANY INC.,Freightcar America Inc,RAIL,2012-03-31,SH,685215.0,15410490.0,1431207.0,29983790.0,0.3586,0.7527,78,57,-52.123278,reduction,INDUSTRIALS,2768
CHILTON INVESTMENT COMPANY INC.,Baidu Inc ADR,BIDU,2012-03-31,SH,105534.0,15383690.0,109646.0,12770470.0,0.358,0.3206,79,85,-3.750251,reduction,COMMUNICATIONS,4807
CHILTON INVESTMENT COMPANY INC.,Novartis AG ADS,NVS,2012-03-31,SH,305767.26,15181510.0,0.0,0.0,0.3533,,80,999999,,new,HEALTH CARE,4136
CHILTON INVESTMENT COMPANY INC.,DENDREON CORPORATION,DNDNQ,2012-03-31,SH,1418470.0,15113800.0,0.0,0.0,0.3517,,81,999999,,new,HEALTH CARE,3378
CHILTON INVESTMENT COMPANY INC.,Eagle Materials Inc.,EXP,2012-03-31,SH,429914.0,14939510.0,0.0,0.0,0.3476,,82,999999,,new,MATERIALS,2704
CHILTON INVESTMENT COMPANY INC.,United Parcel Service Inc. Class B,UPS,2012-03-31,SH,175296.0,14149890.0,286193.0,20946470.0,0.3293,0.5258,83,70,-38.749026,reduction,TRANSPORTS,3795
CHILTON INVESTMENT COMPANY INC.,ProShares Short 20+ Year Treasury-ProShares Short 20+ Year Treasury,TBF,2012-03-31,SH,420430.0,13970890.0,0.0,0.0,0.3251,,84,999999,,new,FINANCE,110665
CHILTON INVESTMENT COMPANY INC.,CNX Resources Corporation,CNX,2012-03-31,SH,381417.0,13006320.0,1552009.0,56958730.0,0.3027,1.4298,85,24,-75.424305,reduction,ENERGY,1030
CHILTON INVESTMENT COMPANY INC.,GrafTech International Ltd.,GTI,2012-03-31,SH,1070093.0,12776910.0,0.0,0.0,0.2973,,86,999999,,new,INDUSTRIALS,333
CHILTON INVESTMENT COMPANY INC.,Spansion Inc,CODE,2012-03-31,SH,1032637.0,12577520.0,0.0,0.0,0.2927,,87,999999,,new,INFORMATION TECHNOLOGY,89278
CHILTON INVESTMENT COMPANY INC.,Cloud Peak Energy Inc,CLDPQ,2012-03-31,SH,781487.0,12449090.0,1619377.0,31286360.0,0.2897,0.7854,88,56,-51.741503,reduction,ENERGY,85582
CHILTON INVESTMENT COMPANY INC.,North American Palladium Ltd,PALDF,2012-03-31,SH,4704233.0,12325090.0,4874266.0,12429380.0,0.2868,0.312,89,87,-3.488382,reduction,MATERIALS,8102
CHILTON INVESTMENT COMPANY INC.,Dryships Inc,DRYS,2012-03-31,SH,2.1,12243490.0,0.0,0.0,0.2849,,90,999999,,new,TRANSPORTS,11439
CHILTON INVESTMENT COMPANY INC.,Vca Inc,WOOF,2012-03-31,SH,523070.0,12140450.0,719753.0,14215120.0,0.2825,0.3568,91,82,-27.326458,reduction,HEALTH CARE,5184
CHILTON INVESTMENT COMPANY INC.,Valassis Communications Inc.,VCI,2012-03-31,SH,507007.0,11661160.0,1005782.0,19341190.0,0.2714,0.4855,92,75,-49.590766,reduction,CONSUMER DISCRETIONARY,3831
CHILTON INVESTMENT COMPANY INC.,First Horizon,FHN,2012-03-31,SH,1065578.0,11060700.0,1559296.0,12474370.0,0.2574,0.3131,93,86,-31.662879,reduction,FINANCE,3603
CHILTON INVESTMENT COMPANY INC.,Dine Brands Global Inc,DIN,2012-03-31,SH,216019.0,10714540.0,184341.0,7781030.0,0.2493,0.1953,94,98,17.184457,addition,CONSUMER DISCRETIONARY,46044
CHILTON INVESTMENT COMPANY INC.,Advantage Oil & Gas Ltd,AAVVF,2012-03-31,SH,3071457.0,10317410.0,3182473.0,13270310.0,0.2401,0.3331,95,84,-3.488356,reduction,ENERGY,5346
CHILTON INVESTMENT COMPANY INC.,Robert Half International Inc.,RHI,2012-03-31,SH,331060.0,10031120.0,328888.0,9360150.0,0.2334,0.235,96,94,0.660407,addition,INDUSTRIALS,815
CHILTON INVESTMENT COMPANY INC.,GLOBE SPECIALTY METALS INC COM STK,11G.OLD:FWB2,2012-03-31,SH,660473.0,9821230.0,312973.0,4190710.0,0.2285,0.1052,97,106,111.031942,addition,MATERIALS,79437
CHILTON INVESTMENT COMPANY INC.,Teck Resources Ltd,TECK,2012-03-31,SH,272691.0,9724160.0,0.0,0.0,0.2263,,98,999999,,new,MATERIALS,5572
CHILTON INVESTMENT COMPANY INC.,ChipMOS Technologies Inc,IMOS,2012-03-31,SH,553174.99,9103140.0,0.0,0.0,0.2118,,99,999999,,new,INFORMATION TECHNOLOGY,4946
CHILTON INVESTMENT COMPANY INC.,ALPHA NATURAL RESOURCES INC.,ANRZQ,2012-03-31,SH,579318.0,8811430.0,2391315.0,48854570.0,0.205,1.2264,100,26,-75.774082,reduction,ENERGY,2763
CHILTON INVESTMENT COMPANY INC.,VanEck Gold Miners ETF-VanEck Gold Miners ETF,GDX,2012-03-31,SH,173606.0,8605650.0,27213.0,1399560.0,0.2003,0.0351,101,135,537.952449,addition,FINANCE,7342
CHILTON INVESTMENT COMPANY INC.,Brown-Forman Corp. Class B,BF.B,2012-03-31,SH,378892.5,8425560.0,377163.75,8097450.0,0.1961,0.2033,102,96,0.458355,addition,CONSUMER STAPLES,5058
CHILTON INVESTMENT COMPANY INC.,Tivo Corporation,TIVO,2012-03-31,SH,257845.0,8392850.0,557660.0,13707280.0,0.1953,0.3441,103,83,-53.763046,reduction,INFORMATION TECHNOLOGY,51057
CHILTON INVESTMENT COMPANY INC.,Endeavour Silver Corp,EXK,2012-03-31,SH,866903.0,8214550.0,898237.0,8736510.0,0.1911,0.2193,104,95,-3.488389,reduction,MATERIALS,5523
CHILTON INVESTMENT COMPANY INC.,Astoria Financial Corp.,AF,2012-03-31,SH,820989.0,8094950.0,811968.0,6893610.0,0.1884,0.173,105,100,1.111004,addition,FINANCE,5050
CHILTON INVESTMENT COMPANY INC.,PEABODY ENERGY CORP COM STK NEW,BTUUQ,2012-03-31,SH,17441.98,7573010.0,34730.09,17240080.0,0.1762,0.4328,106,80,-49.778477,reduction,ENERGY,1025
CHILTON INVESTMENT COMPANY INC.,Platinum Group Metals Ltd,PLG,2012-03-31,SH,50163.81,7293560.0,51976.96,4702720.0,0.1697,0.118,107,103,-3.488373,reduction,MATERIALS,11994
CHILTON INVESTMENT COMPANY INC.,Newell Brands Inc,NWL,2012-03-31,SH,409311.0,7289830.0,1302098.0,21028880.0,0.1696,0.5279,108,69,-68.565269,reduction,CONSUMER DISCRETIONARY,3635
CHILTON INVESTMENT COMPANY INC.,Seagate Technology plc,STX,2012-03-31,SH,264408.0,7125800.0,670678.0,10999120.0,0.1658,0.2761,109,92,-60.576014,reduction,INFORMATION TECHNOLOGY,2526
CHILTON INVESTMENT COMPANY INC.,Southern Copper Corp.,SCCO,2012-03-31,SH,216424.0,6862810.0,0.0,0.0,0.1597,,110,999999,,new,MATERIALS,87972
CHILTON INVESTMENT COMPANY INC.,Lowes Companies Inc.,LOW,2012-03-31,SH,209636.0,6578380.0,126419.0,3208510.0,0.1531,0.0805,111,111,65.826339,addition,CONSUMER DISCRETIONARY,138
CHILTON INVESTMENT COMPANY INC.,NIKE Inc.,NKE,2012-03-31,SH,226016.0,6127290.0,23452.0,565020.0,0.1426,0.0142,112,159,863.7387,addition,CONSUMER DISCRETIONARY,4000
CHILTON INVESTMENT COMPANY INC.,Freeport-McMoRan Copper & Gold Inc,FCX,2012-03-31,CALL,158700.0,6036950.0,0.0,0.0,0.1405,,113,999999,,new,MATERIALS,652
CHILTON INVESTMENT COMPANY INC.,Matson Inc,MATX,2012-03-31,SH,252068.13,5856010.0,156412.5,3061500.0,0.1363,0.0769,114,113,61.156001,addition,REAL ESTATE,5043
CHILTON INVESTMENT COMPANY INC.,Alexco Resource Corp,AXU,2012-03-31,SH,837971.0,5849040.0,868259.0,5912840.0,0.1361,0.1484,115,101,-3.48836,reduction,MATERIALS,5501
CHILTON INVESTMENT COMPANY INC.,Abercrombie & Fitch Co.,ANF,2012-03-31,SH,116413.0,5775250.0,0.0,0.0,0.1344,,116,999999,,new,CONSUMER DISCRETIONARY,4063
CHILTON INVESTMENT COMPANY INC.,FedEx Corporation,FDX,2012-03-31,SH,62508.0,5748240.0,423874.0,35397720.0,0.1338,0.8886,117,45,-85.253165,reduction,TRANSPORTS,485
CHILTON INVESTMENT COMPANY INC.,Genco Shipping & Trading Ltd,GNK,2012-03-31,SH,88983.6,5659360.0,0.0,0.0,0.1317,,118,999999,,new,TRANSPORTS,6475
CHILTON INVESTMENT COMPANY INC.,Mountain Province Diamonds Inc,MPVDF,2012-03-31,SH,1034103.0,5454200.0,1071479.0,4109590.0,0.1269,0.1032,119,108,-3.488262,reduction,MATERIALS,434
CHILTON INVESTMENT COMPANY INC.,Becton Dickinson and Co.,BDX,2012-03-31,SH,67200.03,5090810.0,290205.18,21155250.0,0.1185,0.531,120,68,-76.843959,reduction,HEALTH CARE,4305
CHILTON INVESTMENT COMPANY INC.,Tegna Inc. (Gannett Co.),TGNA,2012-03-31,PUT,320000.0,4905600.0,0.0,0.0,0.1142,,121,999999,,new,COMMUNICATIONS,4336
CHILTON INVESTMENT COMPANY INC.,7 Days Group Holdings Limited,SVN,2012-03-31,SH,380097.0,4762620.0,478215.0,5332100.0,0.1108,0.1338,122,102,-20.51755,reduction,CONSUMER DISCRETIONARY,7610
CHILTON INVESTMENT COMPANY INC.,Shutterfly Inc,SFLY,2012-03-31,SH,152000.0,4762160.0,434892.0,9898140.0,0.1108,0.2485,123,93,-65.048794,reduction,CONSUMER DISCRETIONARY,5169
CHILTON INVESTMENT COMPANY INC.,PERICOM SEMICONDUCTOR CORP COM STK,PSEM,2012-03-31,SH,581803.0,4706790.0,567678.0,4320030.0,0.1095,0.1084,124,105,2.488206,addition,INFORMATION TECHNOLOGY,5768
CHILTON INVESTMENT COMPANY INC.,Eagle Bulk Shipping Inc,EGLE,2012-03-31,SH,235.75,4655310.0,0.0,0.0,0.1083,,125,999999,,new,TRANSPORTS,6633
CHILTON INVESTMENT COMPANY INC.,Adeia Inc,ADEA,2012-03-31,SH,1001700.0,4571250.0,0.0,0.0,0.1064,,126,999999,,new,INFORMATION TECHNOLOGY,929
CHILTON INVESTMENT COMPANY INC.,Automatic Data Processing Inc,ADP,2012-03-31,SH,82598.0,4558580.0,38450.0,2076680.0,0.1061,0.0521,127,121,114.819246,addition,INFORMATION TECHNOLOGY,201
CHILTON INVESTMENT COMPANY INC.,Kellogg Co.,K,2012-03-31,SH,89343.92,4499070.0,42227.25,2005100.0,0.1047,0.0503,128,126,111.578826,addition,CONSUMER STAPLES,2538
CHILTON INVESTMENT COMPANY INC.,Molson Coors Brewing Co,TAP,2012-03-31,SH,99172.0,4487530.0,46840.0,2039410.0,0.1044,0.0512,129,123,111.725021,addition,CONSUMER STAPLES,4895
CHILTON INVESTMENT COMPANY INC.,Procter & Gamble Co. (OH) (1905),PG,2012-03-31,SH,66556.0,4473230.0,30280.0,2019980.0,0.1041,0.0507,130,125,119.801849,addition,CONSUMER STAPLES,272
CHILTON INVESTMENT COMPANY INC.,Air Products & Chemicals Inc,APD,2012-03-31,SH,52268.51,4438710.0,242922.32,19143900.0,0.1033,0.4806,131,77,-78.483447,reduction,MATERIALS,363
CHILTON INVESTMENT COMPANY INC.,ExxonMobil Corp. (Standard Oil of New Jersey),XOM,2012-03-31,SH,51146.0,4435890.0,24555.0,2081280.0,0.1032,0.0522,132,120,108.29159,addition,ENERGY,228
CHILTON INVESTMENT COMPANY INC.,Pepsico Inc. (Loft Inc.),PEP,2012-03-31,SH,66412.0,4406440.0,31197.0,2069920.0,0.1025,0.052,133,122,112.879444,addition,CONSUMER STAPLES,264
CHILTON INVESTMENT COMPANY INC.,Johnson & Johnson Co.,JNJ,2012-03-31,SH,65402.0,4313920.0,30880.0,2025110.0,0.1004,0.0508,134,124,111.794041,addition,HEALTH CARE,239
CHILTON INVESTMENT COMPANY INC.,NeoPhotonics Corp,NPTN,2012-03-31,SH,910222.0,4305350.0,904492.0,4142570.0,0.1002,0.104,135,107,0.633505,addition,INFORMATION TECHNOLOGY,110226
CHILTON INVESTMENT COMPANY INC.,Union Pacific Corp.,UNP,2012-03-31,SH,79802.0,4288560.0,39300.0,2081720.0,0.0998,0.0523,136,119,103.058524,addition,TRANSPORTS,473
CHILTON INVESTMENT COMPANY INC.,Chubb Corp.,CB,2012-03-31,SH,61882.0,4276660.0,17000.0,1176740.0,0.0995,0.0295,137,142,264.011765,addition,FINANCE,4311
CHILTON INVESTMENT COMPANY INC.,General Mills Co.,GIS,2012-03-31,SH,106752.0,4211370.0,40290.0,1628120.0,0.098,0.0409,138,132,164.959047,addition,CONSUMER STAPLES,524
CHILTON INVESTMENT COMPANY INC.,Baker Hughes Company,BKR,2012-03-31,CALL,100000.0,4194000.0,0.0,0.0,0.0976,,139,999999,,new,ENERGY,2502
CHILTON INVESTMENT COMPANY INC.,Walgreens Boots Alliance Inc.,WBA,2012-03-31,SH,125209.0,4193250.0,58000.0,1917480.0,0.0976,0.0481,140,127,115.877586,addition,CONSUMER STAPLES,308
CHILTON INVESTMENT COMPANY INC.,Avalon Advanced Materials Inc,AVLNF,2012-03-31,SH,1382153.0,4143890.0,1432110.0,3394250.0,0.0964,0.0852,141,110,-3.488349,reduction,MATERIALS,84355
CHILTON INVESTMENT COMPANY INC.,Lear Corp,LEA,2012-03-31,SH,88582.0,4118180.0,0.0,0.0,0.0958,,142,999999,,new,CONSUMER DISCRETIONARY,2662
CHILTON INVESTMENT COMPANY INC.,Cadence Bank,CADE,2012-03-31,SH,293000.0,3946710.0,0.0,0.0,0.0918,,143,999999,,new,FINANCE,6316
CHILTON INVESTMENT COMPANY INC.,PLX TECHNOLOGY INC,PLXT,2012-03-31,SH,924233.0,3715420.0,1017486.0,2920180.0,0.0865,0.0733,144,114,-9.16504,reduction,INFORMATION TECHNOLOGY,7451
CHILTON INVESTMENT COMPANY INC.,SunTrust Banks Inc.,STI,2012-03-31,SH,152800.0,3693180.0,0.0,0.0,0.0859,,145,999999,,new,FINANCE,11359
CHILTON INVESTMENT COMPANY INC.,PSS World Medical Inc.,PSSI,2012-03-31,SH,143527.0,3636970.0,494430.0,11960260.0,0.0846,0.3002,146,90,-70.971219,reduction,HEALTH CARE,6216
CHILTON INVESTMENT COMPANY INC.,Destination XL Group Inc.,DXLG,2012-03-31,SH,874900.0,2939660.0,3394923.0,11610640.0,0.0684,0.2915,147,91,-74.229165,reduction,CONSUMER DISCRETIONARY,988
CHILTON INVESTMENT COMPANY INC.,Apple Inc,AAPL,2012-03-31,SH,123760.0,2649660.0,168476.0,2436890.0,0.0617,0.0612,148,117,-26.541466,reduction,INFORMATION TECHNOLOGY,195
CHILTON INVESTMENT COMPANY INC.,Wells Fargo & Co. 7.50% Non-Cumulative Perpetual Convertible Class A Preferred,WFCPRL,2012-03-31,SH,2215.0,2473490.0,2254.0,2380220.0,0.0576,0.0597,149,118,-1.730257,reduction,FINANCE,73782
CHILTON INVESTMENT COMPANY INC.,iSoftStone Holdings Ltd,ISS,2012-03-31,SH,271000.0,2392930.0,107706.0,942430.0,0.0557,0.0237,150,148,151.610867,addition,INFORMATION TECHNOLOGY,108023
CHILTON INVESTMENT COMPANY INC.,Amazon.com Inc.,AMZN,2012-03-31,SH,218260.0,2209990.0,185560.0,1606020.0,0.0514,0.0403,151,133,17.622332,addition,CONSUMER DISCRETIONARY,3573
CHILTON INVESTMENT COMPANY INC.,Agnico-Eagle Mines Ltd,AEM,2012-03-31,SH,65000.0,2169700.0,0.0,0.0,0.0505,,152,999999,,new,MATERIALS,5500
CHILTON INVESTMENT COMPANY INC.,GoldCorp Inc.,GG,2012-03-31,SH,48000.0,2162880.0,0.0,0.0,0.0503,,153,999999,,new,MATERIALS,116
CHILTON INVESTMENT COMPANY INC.,Yamana Gold Inc.,AUY,2012-03-31,SH,138000.0,2155560.0,0.0,0.0,0.0502,,154,999999,,new,MATERIALS,132
CHILTON INVESTMENT COMPANY INC.,Iamgold Corp,IAG,2012-03-31,SH,160000.0,2126400.0,2033462.0,32230370.0,0.0495,0.8091,155,55,-92.131645,reduction,MATERIALS,117
CHILTON INVESTMENT COMPANY INC.,Cognizant Technology Solutions Corp,CTSH,2012-03-31,SH,52844.0,2033170.0,86270.0,2774010.0,0.0473,0.0696,156,115,-38.745798,reduction,INFORMATION TECHNOLOGY,3996
CHILTON INVESTMENT COMPANY INC.,Hub Group Inc. Class A,HUBG,2012-03-31,SH,106676.0,1921770.0,105974.0,1718370.0,0.0447,0.0431,157,131,0.662427,addition,TRANSPORTS,6508
CHILTON INVESTMENT COMPANY INC.,TD Ameritrade Holding Corp Class A,AMTD,2012-03-31,SH,88795.0,1752810.0,116195.0,1818450.0,0.0408,0.0456,158,130,-23.581049,reduction,FINANCE,2821
CHILTON INVESTMENT COMPANY INC.,Sensata Technologies Holding N.V.,ST,2012-03-31,SH,49158.0,1645810.0,38440.0,1010200.0,0.0383,0.0254,159,145,27.882414,addition,INFORMATION TECHNOLOGY,71922
CHILTON INVESTMENT COMPANY INC.,Excel Trust Inc,EXL,2012-03-31,SH,135010.0,1630920.0,131754.0,1581050.0,0.038,0.0397,160,134,2.471272,addition,REAL ESTATE,88978
CHILTON INVESTMENT COMPANY INC.,Cummins Inc,CMI,2012-03-31,SH,13022.0,1563160.0,197214.0,17358780.0,0.0364,0.4357,161,79,-93.39702,reduction,INDUSTRIALS,4863
CHILTON INVESTMENT COMPANY INC.,Wells Fargo & Co.  (Northwest Bancorporation),WFC,2012-03-31,SH,41706.0,1466060.0,40662.0,1120640.0,0.0341,0.0281,162,143,2.567508,addition,FINANCE,309
CHILTON INVESTMENT COMPANY INC.,Triangle Petroleum Corp,TPLM,2012-03-31,SH,285700.0,1382790.0,285700.0,1191370.0,0.0322,0.0299,163,141,0.0,,ENERGY,9407
CHILTON INVESTMENT COMPANY INC.,TeraData Corp.,TDC,2012-03-31,PUT,20000.0,1363000.0,0.0,0.0,0.0317,,164,999999,,new,INFORMATION TECHNOLOGY,3673
CHILTON INVESTMENT COMPANY INC.,Casella Waste Systems Inc,CWST,2012-03-31,SH,218287.0,1359930.0,213202.0,1364490.0,0.0316,0.0343,165,137,2.385062,addition,INDUSTRIALS,6821
CHILTON INVESTMENT COMPANY INC.,Zoll Medical Corp.,ZOLL,2012-03-31,SH,14399.0,1333780.0,15134.0,956170.0,0.031,0.024,166,147,-4.856614,reduction,HEALTH CARE,3384
CHILTON INVESTMENT COMPANY INC.,Colgate-Palmolive Co.,CL,2012-03-31,SH,26722.0,1306440.0,25972.0,1199780.0,0.0304,0.0301,167,140,2.887725,addition,CONSUMER STAPLES,217
CHILTON INVESTMENT COMPANY INC.,Fidelity National Information Services Inc,FIS,2012-03-31,SH,33869.0,1121740.0,49002.0,1302960.0,0.0261,0.0327,168,139,-30.882413,reduction,FINANCE,2403
CHILTON INVESTMENT COMPANY INC.,Sanofi SA,SNY,2012-03-31,SH,27617.0,1070160.0,327959.0,11983620.0,0.0249,0.3008,169,89,-91.57913,reduction,HEALTH CARE,4377
CHILTON INVESTMENT COMPANY INC.,VISA Inc,V,2012-03-31,SH,35616.0,1050670.0,54072.0,1372480.0,0.0244,0.0345,170,136,-34.132268,reduction,FINANCE,45920
CHILTON INVESTMENT COMPANY INC.,National Instruments Corp,NATI,2012-03-31,SH,35138.0,1002140.0,73263.0,1901170.0,0.0233,0.0477,171,128,-52.038546,reduction,INFORMATION TECHNOLOGY,5139
CHILTON INVESTMENT COMPANY INC.,Western Union Co (The),WU,2012-03-31,SH,53753.0,946050.0,52501.0,958670.0,0.022,0.0241,172,146,2.384716,addition,FINANCE,23
CHILTON INVESTMENT COMPANY INC.,CBIZ Inc,CBZ,2012-03-31,SH,143770.0,908630.0,140421.0,857970.0,0.0211,0.0215,173,149,2.384971,addition,INDUSTRIALS,7034
CHILTON INVESTMENT COMPANY INC.,Cadence Design Systems Inc.,CDNS,2012-03-31,SH,73126.0,865810.0,71423.0,742800.0,0.0201,0.0186,174,153,2.384386,addition,INFORMATION TECHNOLOGY,947
CHILTON INVESTMENT COMPANY INC.,EchoStar Corp.,SATS,2012-03-31,SH,33748.67,769600.0,46040.54,781270.0,0.0179,0.0196,175,151,-26.697928,reduction,CONSUMER DISCRETIONARY,11307
CHILTON INVESTMENT COMPANY INC.,Barclays PLC 8.125% Non-Cumulative Callable Dollar Preference Shares Series 5 ADR,BCS+D1,2012-03-31,SH,29100.0,740300.0,0.0,0.0,0.0172,,176,999999,,new,FINANCE,46083
CHILTON INVESTMENT COMPANY INC.,Starbucks Corp.,SBUX,2012-03-31,SH,25940.0,724890.0,23800.0,547520.0,0.0169,0.0137,177,161,8.991597,addition,CONSUMER DISCRETIONARY,360
CHILTON INVESTMENT COMPANY INC.,Diageo Plc ADR,DEO,2012-03-31,SH,7042.0,679550.0,6526.0,570500.0,0.0158,0.0143,178,158,7.906834,addition,CONSUMER STAPLES,4107
CHILTON INVESTMENT COMPANY INC.,Verizon Communications (Bell Atlantic Corp.),VZ,2012-03-31,SH,16761.0,640770.0,16739.0,671570.0,0.0149,0.0169,179,156,0.13143,addition,UTILITIES AND TELECOMMUNICATIONS,286
CHILTON INVESTMENT COMPANY INC.,Sonoco Products Co.,SON,2012-03-31,SH,18228.0,605170.0,24625.0,811640.0,0.0141,0.0204,180,150,-25.977665,reduction,MATERIALS,457
CHILTON INVESTMENT COMPANY INC.,Microsoft Corp.,MSFT,2012-03-31,SH,17504.0,564500.0,0.0,0.0,0.0131,,181,999999,,new,INFORMATION TECHNOLOGY,178
CHILTON INVESTMENT COMPANY INC.,Sealed Air Corp.,SEE,2012-03-31,SH,27774.0,536320.0,0.0,0.0,0.0125,,182,999999,,new,MATERIALS,3662
CHILTON INVESTMENT COMPANY INC.,ProShares UltraShort 20+ Year Treasury-ProShares UltraShort 20+ Year Treasury,TBT,2012-03-31,SH,5900.0,482620.0,5900.0,425980.0,0.0112,0.0107,183,163,0.0,,FINANCE,46162
CHILTON INVESTMENT COMPANY INC.,Oracle Corp,ORCL,2012-03-31,SH,12855.0,374850.0,12855.0,329730.0,0.0087,0.0083,184,166,0.0,,INFORMATION TECHNOLOGY,20
CHILTON INVESTMENT COMPANY INC.,SEI Investments Co.,SEIC,2012-03-31,SH,14200.0,293800.0,14200.0,246370.0,0.0068,0.0062,185,170,0.0,,FINANCE,5163
CHILTON INVESTMENT COMPANY INC.,American Express Co,AXP,2012-03-31,SH,4848.0,280510.0,9700.0,457550.0,0.0065,0.0115,186,162,-50.020619,reduction,FINANCE,368
CHILTON INVESTMENT COMPANY INC.,Wyndham Destinations Inc,TNL,2012-03-31,SH,6000.0,279060.0,6000.0,226980.0,0.0065,0.0057,187,172,0.0,,CONSUMER DISCRETIONARY,1078
CHILTON INVESTMENT COMPANY INC.,Capital One Financial Corp,COF,2012-03-31,SH,5000.0,278700.0,0.0,0.0,0.0065,,188,999999,,new,FINANCE,3587
CHILTON INVESTMENT COMPANY INC.,HCA Healthcare Inc,HCA,2012-03-31,SH,10700.0,264720.0,0.0,0.0,0.0062,,189,999999,,new,HEALTH CARE,111617
CHILTON INVESTMENT COMPANY INC.,Hillshire Brands,HSH,2012-03-31,SH,2400.0,258360.0,0.0,0.0,0.006,,190,999999,,new,CONSUMER STAPLES,128464
CHILTON INVESTMENT COMPANY INC.,Medtronic Plc,MDT,2012-03-31,SH,6500.0,254740.0,6500.0,248630.0,0.0059,0.0062,191,169,0.0,,HEALTH CARE,297
CHILTON INVESTMENT COMPANY INC.,Remark Holdings Inc,MARK,2012-03-31,SH,4200.0,252840.0,4219.9,145160.0,0.0059,0.0036,192,175,-0.471575,reduction,INFORMATION TECHNOLOGY,7225
CHILTON INVESTMENT COMPANY INC.,Ciena Corp,CIEN,2012-03-31,SH,15000.0,242850.0,20000.0,242000.0,0.0057,0.0061,193,171,-25.0,reduction,INFORMATION TECHNOLOGY,59
CHILTON INVESTMENT COMPANY INC.,Alpha and Omega Semiconductor Ltd,AOSL,2012-03-31,SH,25000.0,240500.0,0.0,0.0,0.0056,,194,999999,,new,INFORMATION TECHNOLOGY,90420
CHILTON INVESTMENT COMPANY INC.,Link Motion Inc ADS,LKM,2012-03-31,SH,40000.0,212800.0,0.0,0.0,0.005,,195,999999,,new,INFORMATION TECHNOLOGY,112294
CHILTON INVESTMENT COMPANY INC.,QUALCOMM Inc.,QCOM,2012-03-31,SH,3000.0,204060.0,12000.0,656400.0,0.0047,0.0165,196,157,-75.0,reduction,INFORMATION TECHNOLOGY,273
CHILTON INVESTMENT COMPANY INC.,AXT Inc.,AXTI,2012-03-31,SH,30000.0,190500.0,0.0,0.0,0.0044,,197,999999,,new,INFORMATION TECHNOLOGY,37
CHILTON INVESTMENT COMPANY INC.,Global X Emerging Markets Great Consumer ETF-,EMC,2012-03-31,SH,0.0,0.0,62681.0,1350150.0,,0.0339,999999,138,-100.0,soldall,INFORMATION TECHNOLOGY,398
CHILTON INVESTMENT COMPANY INC.,Owens Corning Inc,OC,2012-03-31,SH,0.0,0.0,109605.0,3147860.0,,0.079,999999,112,-100.0,soldall,INDUSTRIALS,890
CHILTON INVESTMENT COMPANY INC.,AutoZone Inc.,AZO,2012-03-31,CALL,0.0,0.0,13900.0,4517080.0,,0.1134,999999,104,-100.0,soldall,CONSUMER DISCRETIONARY,2609
CHILTON INVESTMENT COMPANY INC.,Valaris Class A,VALPQ,2012-03-31,SH,0.0,0.0,5396.75,1012860.0,,0.0254,999999,144,-100.0,soldall,ENERGY,2736
CHILTON INVESTMENT COMPANY INC.,Intercontinental Exchange Inc,ICE,2012-03-31,SH,0.0,0.0,9000.0,216990.0,,0.0054,999999,173,-100.0,soldall,FINANCE,2811
CHILTON INVESTMENT COMPANY INC.,Patriot Coal Corp,PCXCQ,2012-03-31,SH,0.0,0.0,2457099.0,20811630.0,,0.5224,999999,71,-100.0,soldall,ENERGY,3452
CHILTON INVESTMENT COMPANY INC.,Gartner Inc.,IT,2012-03-31,SH,0.0,0.0,225866.0,7853360.0,,0.1971,999999,97,-100.0,soldall,INFORMATION TECHNOLOGY,3868
CHILTON INVESTMENT COMPANY INC.,CBRE Group Inc Common Stock Class A,CBRE,2012-03-31,SH,0.0,0.0,22792.0,346890.0,,0.0087,999999,165,-100.0,soldall,REAL ESTATE,4017
CHILTON INVESTMENT COMPANY INC.,Embraer S.A. ADR,ERJ,2012-03-31,SH,0.0,0.0,16000.0,403520.0,,0.0101,999999,164,-100.0,soldall,INDUSTRIALS,5079
CHILTON INVESTMENT COMPANY INC.,Williams-Sonoma Inc.,WSM,2012-03-31,SH,0.0,0.0,499249.0,19221090.0,,0.4825,999999,76,-100.0,soldall,CONSUMER DISCRETIONARY,5191
CHILTON INVESTMENT COMPANY INC.,Cablevision Systems Corp. Class A,CVC,2012-03-31,SH,0.0,0.0,50000.0,711000.0,,0.0178,999999,154,-100.0,soldall,CONSUMER DISCRETIONARY,5211
CHILTON INVESTMENT COMPANY INC.,Randgold Resources Ltd ADR,GOLD,2012-03-31,SH,0.0,0.0,176614.0,18032290.0,,0.4527,999999,78,-100.0,soldall,MATERIALS,5563
CHILTON INVESTMENT COMPANY INC.,Interline Brands Inc,IBI,2012-03-31,SH,0.0,0.0,484317.0,7540820.0,,0.1893,999999,99,-100.0,soldall,INDUSTRIALS,6168
CHILTON INVESTMENT COMPANY INC.,IMAX Corp,IMAX,2012-03-31,SH,0.0,0.0,133074.0,2439250.0,,0.0612,999999,116,-100.0,soldall,COMMUNICATIONS,6853
CHILTON INVESTMENT COMPANY INC.,Barrick Gold Corp,GOLD,2012-03-31,SH,0.0,0.0,16927.0,765950.0,,0.0192,999999,152,-100.0,soldall,MATERIALS,11423
CHILTON INVESTMENT COMPANY INC.,SPS Commerce Inc,SPSC,2012-03-31,SH,0.0,0.0,16000.0,207600.0,,0.0052,999999,174,-100.0,soldall,INFORMATION TECHNOLOGY,88634
CHILTON INVESTMENT COMPANY INC.,China Kanghui Holdings Sponsored ADR,KH,2012-03-31,SH,0.0,0.0,125530.0,1850310.0,,0.0464,999999,129,-100.0,soldall,HEALTH CARE,97438
CHILTON INVESTMENT COMPANY INC.,Aeroflex Holding Co.,ARX,2012-03-31,SH,0.0,0.0,379972.0,3890910.0,,0.0977,999999,109,-100.0,soldall,INFORMATION TECHNOLOGY,107979
CHILTON INVESTMENT COMPANY INC.,Le Gaga Holdings Limited,GAGA,2012-03-31,SH,0.0,0.0,77765.0,314170.0,,0.0079,999999,167,-100.0,soldall,CONSUMER STAPLES,108029
CHILTON INVESTMENT COMPANY INC.,SunCoke Energy Inc,SXC,2012-03-31,SH,0.0,0.0,25000.0,280000.0,,0.007,999999,168,-100.0,soldall,ENERGY,114510
