Filer Name,Stock Name,Stock Ticker,Quarter Date,Type of Security,Current Shares Held,Current Market Value,Previous Shares Held,Previous Market Value,Current % of Portfolio,Previous % of Portfolio,Current Rank,Previous Rank,Change in Shares,Type of Change,Sector,stock_id
CHILTON INVESTMENT COMPANY INC.,Patriot Coal Corp,PCXCQ,2008-09-30,SH,8893788.0,258365000.0,7962368.0,610276000.0,6.1813,8.3843,1,1,11.697776,addition,ENERGY,3452
CHILTON INVESTMENT COMPANY INC.,Southwestern Energy Co.,SWN,2008-09-30,SH,7354237.0,224598000.0,7960128.0,378982000.0,5.3735,5.2066,2,2,-7.611574,reduction,ENERGY,3900
CHILTON INVESTMENT COMPANY INC.,Freeport-McMoRan Copper & Gold Inc,FCX,2008-09-30,SH,7164852.0,203661000.0,5272534.0,308944000.0,4.8725,4.2444,3,3,35.890105,addition,MATERIALS,652
CHILTON INVESTMENT COMPANY INC.,MeadWestvaco Corporation,MWV,2008-09-30,SH,8492066.0,197950000.0,9524345.0,227060000.0,4.7359,3.1195,4,6,-10.83832,reduction,MATERIALS,3629
CHILTON INVESTMENT COMPANY INC.,GoldCorp Inc.,GG,2008-09-30,SH,4900575.0,155005000.0,5836050.0,269450000.0,3.7085,3.7018,5,5,-16.029249,reduction,MATERIALS,116
CHILTON INVESTMENT COMPANY INC.,Agnico-Eagle Mines Ltd,AEM,2008-09-30,SH,2752664.0,151589000.0,2611389.0,194209000.0,3.6267,2.6681,6,8,5.409956,addition,MATERIALS,5500
CHILTON INVESTMENT COMPANY INC.,Suncor Energy Inc.,SU,2008-09-30,SH,3482856.0,146768000.0,1081370.0,62849000.0,3.5114,0.8634,7,36,222.078105,addition,ENERGY,127
CHILTON INVESTMENT COMPANY INC.,Range Resources Corp.,RRC,2008-09-30,SH,2448909.0,104985000.0,2473645.0,162123000.0,2.5117,2.2273,8,11,-0.999982,reduction,ENERGY,3656
CHILTON INVESTMENT COMPANY INC.,Schlumberger Ltd.,SLB,2008-09-30,SH,1333596.0,104141000.0,1282590.0,137789000.0,2.4915,1.893,9,15,3.976797,addition,ENERGY,276
CHILTON INVESTMENT COMPANY INC.,Weatherford International plc,WFTIQ,2008-09-30,SH,4096371.0,102983000.0,5589748.0,277196000.0,2.4638,3.8082,10,4,-26.716356,reduction,ENERGY,2531
CHILTON INVESTMENT COMPANY INC.,CNX Resources Corporation,CNX,2008-09-30,SH,2138620.0,98141000.0,1114161.0,125198000.0,2.348,1.72,11,20,91.948919,addition,ENERGY,1030
CHILTON INVESTMENT COMPANY INC.,XTO Energy Inc.,XTO,2008-09-30,SH,1904020.0,88575000.0,0.0,0.0,2.1191,,12,999999,,new,ENERGY,478
CHILTON INVESTMENT COMPANY INC.,ALPHA NATURAL RESOURCES INC.,ANRZQ,2008-09-30,SH,1582390.0,81382000.0,1666576.0,173807000.0,1.947,2.3878,13,9,-5.051435,reduction,ENERGY,2763
CHILTON INVESTMENT COMPANY INC.,Newmont Mining Corp. (Holding Co.),NEM,2008-09-30,SH,2008796.0,77861000.0,2566307.0,133859000.0,1.8628,1.839,14,17,-21.724252,reduction,MATERIALS,438
CHILTON INVESTMENT COMPANY INC.,Wheaton Precious Metals Corp,WPM,2008-09-30,SH,9031826.0,73595000.0,9141339.0,133942000.0,1.7607,1.8402,15,16,-1.197997,reduction,MATERIALS,5935
CHILTON INVESTMENT COMPANY INC.,Precision Drilling Corp.,PDS,2008-09-30,SH,205947.0,67720000.0,228377.25,123217000.0,1.6202,1.6928,16,21,-9.821578,reduction,ENERGY,4171
CHILTON INVESTMENT COMPANY INC.,Mastercard Inc,MA,2008-09-30,SH,3799950.0,67385000.0,6278810.0,166715000.0,1.6122,2.2904,17,10,-39.479774,reduction,FINANCE,4044
CHILTON INVESTMENT COMPANY INC.,Hollywood Casino Corp. Class A,HWD,2008-09-30,SH,4806879.0,63251000.0,4660782.0,133455000.0,1.5133,1.8335,18,18,3.134603,addition,CONSUMER DISCRETIONARY,5539
CHILTON INVESTMENT COMPANY INC.,Interline Brands Inc,IBI,2008-09-30,SH,3767338.0,61069000.0,3456355.0,55060000.0,1.4611,0.7564,19,39,8.997426,addition,INDUSTRIALS,6168
CHILTON INVESTMENT COMPANY INC.,QUALCOMM Inc.,QCOM,2008-09-30,SH,1398656.0,60100000.0,1387322.0,61555000.0,1.4379,0.8457,20,37,0.81697,addition,INFORMATION TECHNOLOGY,273
CHILTON INVESTMENT COMPANY INC.,Baker Hughes Company,BKR,2008-09-30,SH,986024.0,59694000.0,998219.0,87184000.0,1.4282,1.1978,21,27,-1.221676,reduction,ENERGY,2502
CHILTON INVESTMENT COMPANY INC.,Martin Marietta Materials Inc.,MLM,2008-09-30,SH,527600.0,59081000.0,520000.0,53867000.0,1.4135,0.74,22,41,1.461538,addition,MATERIALS,3842
CHILTON INVESTMENT COMPANY INC.,Foundation Coal Holdings Inc,FCL,2008-09-30,SH,1579298.0,56191000.0,1592021.0,141021000.0,1.3444,1.9374,23,14,-0.799173,reduction,ENERGY,783
CHILTON INVESTMENT COMPANY INC.,Kinross Gold Corp. ADR,KGC,2008-09-30,SH,3460108.0,55777000.0,3491302.0,82430000.0,1.3345,1.1325,24,31,-0.893478,reduction,MATERIALS,674
CHILTON INVESTMENT COMPANY INC.,MGM Resorts International Inc.,MGM,2008-09-30,SH,1866132.0,53185000.0,4279419.0,145030000.0,1.2724,1.9925,25,12,-56.392865,reduction,CONSUMER DISCRETIONARY,254
CHILTON INVESTMENT COMPANY INC.,Burlington Northern Santa Fe Corp.,BNI,2008-09-30,SH,547491.0,50605000.0,1329000.0,132754000.0,1.2107,1.8238,26,19,-58.804289,reduction,TRANSPORTS,1052
CHILTON INVESTMENT COMPANY INC.,Petroleo Brasileiro SA (Petrobras) ADR,PBR,2008-09-30,SH,1150677.0,50572000.0,0.0,0.0,1.2099,,27,999999,,new,ENERGY,4141
CHILTON INVESTMENT COMPANY INC.,Coterra Energy Inc,CTRA,2008-09-30,SH,5423760.0,49004000.0,5478544.0,92765000.0,1.1724,1.2744,28,24,-0.999974,reduction,ENERGY,2765
CHILTON INVESTMENT COMPANY INC.,Dine Brands Global Inc,DIN,2008-09-30,SH,2765089.0,46619000.0,2977262.0,111231000.0,1.1153,1.5281,29,22,-7.126447,reduction,CONSUMER DISCRETIONARY,46044
CHILTON INVESTMENT COMPANY INC.,PEABODY ENERGY CORP COM STK NEW,BTUUQ,2008-09-30,SH,67540.35,45567000.0,68222.56,90060000.0,1.0902,1.2373,30,25,-0.999977,reduction,ENERGY,1025
CHILTON INVESTMENT COMPANY INC.,MEMC Electronic Materials Inc.,WFR,2008-09-30,SH,1527375.0,43164000.0,461890.0,28425000.0,1.0327,0.3905,31,55,230.679383,addition,INFORMATION TECHNOLOGY,969
CHILTON INVESTMENT COMPANY INC.,QUICKSILVER RESOURCES INC,KWKAQ,2008-09-30,SH,2141744.0,42042000.0,2163378.0,83593000.0,1.0058,1.1484,32,29,-1.00001,reduction,ENERGY,5156
CHILTON INVESTMENT COMPANY INC.,AutoNation Inc. (Republic Industries),AN,2008-09-30,SH,3680507.0,41369000.0,0.0,0.0,0.9897,,33,999999,,new,CONSUMER DISCRETIONARY,3579
CHILTON INVESTMENT COMPANY INC.,Vivus Inc,VVUS,2008-09-30,SH,473618.1,37605000.0,441183.1,29471000.0,0.8997,0.4049,34,54,7.351823,addition,HEALTH CARE,7680
CHILTON INVESTMENT COMPANY INC.,PENN VIRGINIA CORP,PVAH,2008-09-30,SH,687132.0,36720000.0,694073.0,52347000.0,0.8785,0.7192,35,43,-1.000039,reduction,ENERGY,6415
CHILTON INVESTMENT COMPANY INC.,CNX Gas Corp.,CXG,2008-09-30,SH,1626098.0,36408000.0,1642523.0,69052000.0,0.8711,0.9487,36,35,-0.999986,reduction,ENERGY,5258
CHILTON INVESTMENT COMPANY INC.,Fidelity National Information Services Inc,FIS,2008-09-30,SH,1942047.0,35850000.0,468934.0,17308000.0,0.8577,0.2378,37,71,314.140796,addition,FINANCE,2403
CHILTON INVESTMENT COMPANY INC.,JPMorgan Chase & Co. (Chemical Bank),JPM,2008-09-30,SH,755000.0,35259000.0,65000.0,2230000.0,0.8436,0.0306,38,126,1061.538462,addition,FINANCE,240
CHILTON INVESTMENT COMPANY INC.,EOG Resources Inc,EOG,2008-09-30,SH,785482.0,35135000.0,793416.0,52048000.0,0.8406,0.7151,39,44,-0.99998,reduction,ENERGY,4870
CHILTON INVESTMENT COMPANY INC.,Destination XL Group Inc.,DXLG,2008-09-30,SH,8692868.0,34163000.0,9250862.0,28215000.0,0.8173,0.3876,40,57,-6.031805,reduction,CONSUMER DISCRETIONARY,988
CHILTON INVESTMENT COMPANY INC.,Petrohawk Energy Corp,HK,2008-09-30,SH,1446335.0,31284000.0,0.0,0.0,0.7485,,41,999999,,new,ENERGY,574
CHILTON INVESTMENT COMPANY INC.,Cisco Systems Inc.,CSCO,2008-09-30,SH,1317106.0,29714000.0,0.0,0.0,0.7109,,42,999999,,new,INFORMATION TECHNOLOGY,215
CHILTON INVESTMENT COMPANY INC.,Republic Services Inc.,RSG,2008-09-30,SH,950000.0,28481000.0,1810000.0,53757000.0,0.6814,0.7385,43,42,-47.513812,reduction,INDUSTRIALS,5160
CHILTON INVESTMENT COMPANY INC.,Papa Johns International Inc.,PZZA,2008-09-30,SH,2000000.0,27160000.0,4060000.0,53978000.0,0.6498,0.7416,44,40,-50.738916,reduction,CONSUMER DISCRETIONARY,11490
CHILTON INVESTMENT COMPANY INC.,SSR Mining,SSRM,2008-09-30,SH,1641466.0,27133000.0,3106582.0,89004000.0,0.6492,1.2228,45,26,-47.161672,reduction,MATERIALS,5569
CHILTON INVESTMENT COMPANY INC.,Cogent Communications Group Inc,CCOI,2008-09-30,SH,3485257.0,26906000.0,1822934.0,24427000.0,0.6437,0.3356,46,63,91.189423,addition,COMMUNICATIONS,6333
CHILTON INVESTMENT COMPANY INC.,Solutia Inc.,SOA,2008-09-30,SH,1813373.0,25387000.0,564267.0,7234000.0,0.6074,0.0994,47,92,221.367899,addition,MATERIALS,57381
CHILTON INVESTMENT COMPANY INC.,EXCO RESOURCES INC,XCOOQ,2008-09-30,SH,97352.45,23820000.0,0.0,0.0,0.5699,,48,999999,,new,ENERGY,649
CHILTON INVESTMENT COMPANY INC.,Peoples United Financial Inc.,PBCT,2008-09-30,SH,1178947.0,22695000.0,1767185.0,27568000.0,0.543,0.3787,49,59,-33.286724,reduction,FINANCE,3700
CHILTON INVESTMENT COMPANY INC.,Concho Resources Inc,CXO,2008-09-30,SH,799841.0,22084000.0,807920.0,30135000.0,0.5284,0.414,50,53,-0.999975,reduction,ENERGY,6018
CHILTON INVESTMENT COMPANY INC.,Light & Wonder Inc,LNW,2008-09-30,SH,844726.0,19446000.0,1712316.0,50719000.0,0.4652,0.6968,51,46,-50.667634,reduction,INDUSTRIALS,4002
CHILTON INVESTMENT COMPANY INC.,Canadian Natural Resources Ltd,CNQ,2008-09-30,SH,566019.94,18976000.0,571737.54,28069000.0,0.454,0.3856,52,58,-1.000039,reduction,ENERGY,106
CHILTON INVESTMENT COMPANY INC.,Popeyes Louisiana Kitchen Inc.,PLKI,2008-09-30,SH,2609482.0,18945000.0,2029340.0,16214000.0,0.4533,0.2228,53,74,28.587718,addition,CONSUMER DISCRETIONARY,6078
CHILTON INVESTMENT COMPANY INC.,Sociedad Quimica y Minera de Chile S.A. Class A ADR,SQM,2008-09-30,SH,725026.0,18278000.0,732350.0,34128000.0,0.4373,0.4689,54,52,-1.000068,reduction,MATERIALS,8243
CHILTON INVESTMENT COMPANY INC.,National Instruments Corp,NATI,2008-09-30,SH,904876.5,18128000.0,979479.0,18525000.0,0.4337,0.2545,55,69,-7.616549,reduction,INFORMATION TECHNOLOGY,5139
CHILTON INVESTMENT COMPANY INC.,Monster Worldwide Inc.,MWW,2008-09-30,SH,1179743.0,17590000.0,0.0,0.0,0.4208,,56,999999,,new,INDUSTRIALS,69335
CHILTON INVESTMENT COMPANY INC.,Pan American Silver Corp,PAAS,2008-09-30,SH,767627.0,17064000.0,776935.0,26866000.0,0.4083,0.3691,57,60,-1.198041,reduction,MATERIALS,181
CHILTON INVESTMENT COMPANY INC.,Ultrapetrol (Bahamas) Limited,ULTRF,2008-09-30,SH,2156772.0,16931000.0,2249979.0,28372000.0,0.4051,0.3898,58,56,-4.142572,reduction,TRANSPORTS,11561
CHILTON INVESTMENT COMPANY INC.,Merrill Lynch & Co. Inc. Retail HOLDRS Trust Depositary Receipts,RTHYL,2008-09-30,SH,186400.0,16802000.0,0.0,0.0,0.402,,59,999999,,new,FINANCE,4182
CHILTON INVESTMENT COMPANY INC.,Warren Resources Inc,WRES,2008-09-30,SH,1650332.0,16470000.0,1667002.0,24472000.0,0.394,0.3362,60,61,-0.999999,reduction,ENERGY,6051
CHILTON INVESTMENT COMPANY INC.,Marriott International Inc/MD,MAR,2008-09-30,SH,628942.0,16409000.0,3146942.0,82576000.0,0.3926,1.1345,61,30,-80.014185,reduction,CONSUMER DISCRETIONARY,2521
CHILTON INVESTMENT COMPANY INC.,Moodys Corp,MCO,2008-09-30,SH,465000.0,15810000.0,0.0,0.0,0.3783,,62,999999,,new,FINANCE,2707
CHILTON INVESTMENT COMPANY INC.,BlackRock Inc. Class A,BLK,2008-09-30,SH,81000.0,15755000.0,0.0,0.0,0.3769,,63,999999,,new,FINANCE,5029
CHILTON INVESTMENT COMPANY INC.,Oracle Corp,ORCL,2008-09-30,SH,750000.0,15233000.0,1165247.0,24470000.0,0.3644,0.3362,64,62,-35.635964,reduction,INFORMATION TECHNOLOGY,20
CHILTON INVESTMENT COMPANY INC.,RF MICRO DEVICES INC,RFMD,2008-09-30,SH,1283507.75,14991000.0,1547382.0,17950000.0,0.3587,0.2466,65,70,-17.052948,reduction,INFORMATION TECHNOLOGY,1000
CHILTON INVESTMENT COMPANY INC.,ANADIGICS INC,ANAD,2008-09-30,SH,5306826.0,14912000.0,4470819.0,44038000.0,0.3568,0.605,66,47,18.699191,addition,INFORMATION TECHNOLOGY,984
CHILTON INVESTMENT COMPANY INC.,Lesaka Technologies Inc,LSAK,2008-09-30,SH,636375.0,14210000.0,678427.0,16486000.0,0.34,0.2265,67,73,-6.198456,reduction,INFORMATION TECHNOLOGY,6029
CHILTON INVESTMENT COMPANY INC.,Apple Inc,AAPL,2008-09-30,SH,3334352.0,13535000.0,323680.0,1936000.0,0.3238,0.0266,68,132,930.138408,addition,INFORMATION TECHNOLOGY,195
CHILTON INVESTMENT COMPANY INC.,Sonic Corp.,SONC,2008-09-30,SH,824546.0,12014000.0,0.0,0.0,0.2874,,69,999999,,new,CONSUMER DISCRETIONARY,715
CHILTON INVESTMENT COMPANY INC.,Mellanox Technologies Ltd,MLNX,2008-09-30,SH,1143132.0,11809000.0,1091438.0,14778000.0,0.2825,0.203,70,77,4.73632,addition,INFORMATION TECHNOLOGY,4191
CHILTON INVESTMENT COMPANY INC.,TransDigm Group Inc,TDG,2008-09-30,SH,336582.0,11521000.0,200381.0,6731000.0,0.2756,0.0925,71,96,67.971015,addition,INDUSTRIALS,2714
CHILTON INVESTMENT COMPANY INC.,Nutrien Ltd,NTR,2008-09-30,SH,85000.0,11221000.0,0.0,0.0,0.2685,,72,999999,,new,MATERIALS,267
CHILTON INVESTMENT COMPANY INC.,Tesco Corp.,TESO,2008-09-30,SH,532147.0,11143000.0,537522.0,17174000.0,0.2666,0.2359,73,72,-0.999959,reduction,ENERGY,11556
CHILTON INVESTMENT COMPANY INC.,Compass Diversified Holdings,CODI,2008-09-30,SH,784720.0,10939000.0,959739.0,10970000.0,0.2617,0.1507,74,84,-18.236104,reduction,FINANCE,7079
CHILTON INVESTMENT COMPANY INC.,Citigroup Inc.,C,2008-09-30,SH,48930.0,10036000.0,0.0,0.0,0.2401,,75,999999,,new,FINANCE,216
CHILTON INVESTMENT COMPANY INC.,Applied Micro Circuits Inc.,AMCC,2008-09-30,SH,1631575.0,9757000.0,1847630.0,15816000.0,0.2334,0.2173,76,75,-11.693629,reduction,INFORMATION TECHNOLOGY,5671
CHILTON INVESTMENT COMPANY INC.,Vantage Drilling Co,VTGDF,2008-09-30,SH,3200000.0,9568000.0,4000000.0,34520000.0,0.2289,0.4743,77,51,-20.0,reduction,ENERGY,3892
CHILTON INVESTMENT COMPANY INC.,Robert Half International Inc.,RHI,2008-09-30,SH,371548.0,9196000.0,553754.0,13273000.0,0.22,0.1824,78,79,-32.90378,reduction,INDUSTRIALS,815
CHILTON INVESTMENT COMPANY INC.,Bank Of New York Mellon Corp,BK,2008-09-30,SH,250000.0,8145000.0,0.0,0.0,0.1949,,79,999999,,new,FINANCE,2534
CHILTON INVESTMENT COMPANY INC.,Whole Foods Market Inc.,WFM,2008-09-30,SH,800000.0,8012000.0,0.0,0.0,0.1917,,80,999999,,new,CONSUMER STAPLES,1037
CHILTON INVESTMENT COMPANY INC.,Marvell Technology Group Ltd,MRVL,2008-09-30,SH,855919.0,7960000.0,1239077.0,21882000.0,0.1904,0.3006,81,66,-30.922856,reduction,INFORMATION TECHNOLOGY,3999
CHILTON INVESTMENT COMPANY INC.,Northern Dynasty Minerals Ltd.,NAK,2008-09-30,SH,1770014.0,7483000.0,1814127.0,14593000.0,0.179,0.2005,82,78,-2.431638,reduction,MATERIALS,4094
CHILTON INVESTMENT COMPANY INC.,Invesco Ltd. ADR,IVZ,2008-09-30,SH,354064.0,7428000.0,2155779.0,51696000.0,0.1777,0.7102,83,45,-83.576053,reduction,FINANCE,4886
CHILTON INVESTMENT COMPANY INC.,AC Moore Arts & Crafts Inc,ACMR,2008-09-30,SH,1117682.0,7008000.0,1155353.0,8145000.0,0.1677,0.1119,84,90,-3.260562,reduction,CONSUMER DISCRETIONARY,6299
CHILTON INVESTMENT COMPANY INC.,Super Micro Computer Inc,SMCI,2008-09-30,SH,762527.0,6870000.0,1490855.0,11003000.0,0.1644,0.1512,85,83,-48.853041,reduction,INFORMATION TECHNOLOGY,7611
CHILTON INVESTMENT COMPANY INC.,PLX TECHNOLOGY INC,PLXT,2008-09-30,SH,1258249.0,6442000.0,874389.0,6672000.0,0.1541,0.0917,86,97,43.900369,addition,INFORMATION TECHNOLOGY,7451
CHILTON INVESTMENT COMPANY INC.,General Electric Co,GE,2008-09-30,SH,32500.0,6375000.0,0.0,0.0,0.1525,,87,999999,,new,INDUSTRIALS,114
CHILTON INVESTMENT COMPANY INC.,Pepsi Bottling Group Inc.,PBG,2008-09-30,SH,218520.0,6374000.0,0.0,0.0,0.1525,,88,999999,,new,CONSUMER STAPLES,4050
CHILTON INVESTMENT COMPANY INC.,Charming Shoppes Inc.,CHRS,2008-09-30,SH,1110000.0,5428000.0,2533345.0,11628000.0,0.1299,0.1598,89,82,-56.184412,reduction,CONSUMER DISCRETIONARY,2731
CHILTON INVESTMENT COMPANY INC.,Brown-Forman Corp. Class B,BF.B,2008-09-30,SH,328125.0,5027000.0,0.0,0.0,0.1203,,90,999999,,new,CONSUMER STAPLES,5058
CHILTON INVESTMENT COMPANY INC.,Griffon Corp.,GFF,2008-09-30,SH,505000.0,4555000.0,0.0,0.0,0.109,,91,999999,,new,INDUSTRIALS,3610
CHILTON INVESTMENT COMPANY INC.,InterContinental Hotels Group PLC,IHG,2008-09-30,SH,218318.7,4144000.0,151324.18,3095000.0,0.0991,0.0425,92,117,44.272184,addition,CONSUMER DISCRETIONARY,5925
CHILTON INVESTMENT COMPANY INC.,The9 Ltd,NCTY,2008-09-30,SH,815.06,4106000.0,0.0,0.0,0.0982,,93,999999,,new,INFORMATION TECHNOLOGY,8276
CHILTON INVESTMENT COMPANY INC.,ProShares Ultra Semiconductors-ProShares Ultra Semiconductors,USD,2008-09-30,SH,24.0,4019000.0,0.0,0.0,0.0962,,94,999999,,new,INFORMATION TECHNOLOGY,10230
CHILTON INVESTMENT COMPANY INC.,Union Pacific Corp.,UNP,2008-09-30,SH,112108.0,3989000.0,120396.0,4545000.0,0.0954,0.0624,95,106,-6.88395,reduction,TRANSPORTS,473
CHILTON INVESTMENT COMPANY INC.,EchoStar Corp.,SATS,2008-09-30,SH,202983.13,3964000.0,160519.95,4061000.0,0.0948,0.0558,96,109,26.453522,addition,CONSUMER DISCRETIONARY,11307
CHILTON INVESTMENT COMPANY INC.,Ryder System Inc.,R,2008-09-30,SH,62301.0,3863000.0,0.0,0.0,0.0924,,97,999999,,new,TRANSPORTS,4907
CHILTON INVESTMENT COMPANY INC.,Hologic Inc.,HOLX,2008-09-30,SH,195518.0,3779000.0,164400.0,3584000.0,0.0904,0.0492,98,112,18.928224,addition,HEALTH CARE,664
CHILTON INVESTMENT COMPANY INC.,Remark Holdings Inc,MARK,2008-09-30,SH,152541.7,3778000.0,169219.8,4665000.0,0.0904,0.0641,99,104,-9.85588,reduction,INFORMATION TECHNOLOGY,7225
CHILTON INVESTMENT COMPANY INC.,Bausch Health Companies,BHC,2008-09-30,SH,165761.0,3393000.0,191029.0,3269000.0,0.0812,0.0449,100,114,-13.227311,reduction,HEALTH CARE,5185
CHILTON INVESTMENT COMPANY INC.,LKQ Corp,LKQ,2008-09-30,SH,396000.0,3360000.0,0.0,0.0,0.0804,,101,999999,,new,INDUSTRIALS,5610
CHILTON INVESTMENT COMPANY INC.,Lundin Mining Corp. Ordinary Share,LUNMF,2008-09-30,SH,1121798.0,3330000.0,3211952.0,19598000.0,0.0797,0.2692,102,67,-65.07426,reduction,MATERIALS,5547
CHILTON INVESTMENT COMPANY INC.,EMCORE Corp.,EMKR,2008-09-30,SH,167394.5,3308000.0,470794.0,11789000.0,0.0791,0.162,103,81,-64.444216,reduction,INFORMATION TECHNOLOGY,5600
CHILTON INVESTMENT COMPANY INC.,United States Cellular Corp.,USM,2008-09-30,SH,70202.0,3294000.0,127447.0,7207000.0,0.0788,0.099,104,94,-44.91671,reduction,UTILITIES AND TELECOMMUNICATIONS,2822
CHILTON INVESTMENT COMPANY INC.,Nevsun Resources Ltd,NSU,2008-09-30,SH,2820380.0,3206000.0,2900103.0,6060000.0,0.0767,0.0833,105,99,-2.748971,reduction,MATERIALS,5551
CHILTON INVESTMENT COMPANY INC.,Amdocs Ltd,DOX,2008-09-30,SH,113113.0,3097000.0,110968.0,3265000.0,0.0741,0.0449,106,115,1.93299,addition,INFORMATION TECHNOLOGY,4826
CHILTON INVESTMENT COMPANY INC.,Franklin Resources Inc,BEN,2008-09-30,SH,96000.0,2820000.0,0.0,0.0,0.0675,,107,999999,,new,FINANCE,2808
CHILTON INVESTMENT COMPANY INC.,Energy Conversion Devices Corp.,ENERQ,2008-09-30,SH,45558.0,2654000.0,0.0,0.0,0.0635,,108,999999,,new,INFORMATION TECHNOLOGY,4028
CHILTON INVESTMENT COMPANY INC.,Goldman Sachs Group Inc,GS,2008-09-30,SH,20000.0,2560000.0,0.0,0.0,0.0612,,109,999999,,new,FINANCE,232
CHILTON INVESTMENT COMPANY INC.,McAfee Inc.,MFE,2008-09-30,SH,74261.0,2522000.0,124220.0,4227000.0,0.0603,0.0581,110,107,-40.218161,reduction,INFORMATION TECHNOLOGY,923
CHILTON INVESTMENT COMPANY INC.,Alphabet Inc. Class A,GOOGL,2008-09-30,SH,123980.0,2483000.0,75820.0,1996000.0,0.0594,0.0274,111,131,63.51886,addition,COMMUNICATIONS,4112
CHILTON INVESTMENT COMPANY INC.,Public Storage Inc.,PSA,2008-09-30,SH,25000.0,2475000.0,0.0,0.0,0.0592,,112,999999,,new,REAL ESTATE,2585
CHILTON INVESTMENT COMPANY INC.,Hanwha Q CELLS Co. Ltd ADR,HQCL,2008-09-30,SH,23413.8,2465000.0,33931.2,5938000.0,0.059,0.0816,113,100,-30.996251,reduction,INDUSTRIALS,7568
CHILTON INVESTMENT COMPANY INC.,Lowes Companies Inc.,LOW,2008-09-30,SH,100000.0,2369000.0,0.0,0.0,0.0567,,114,999999,,new,CONSUMER DISCRETIONARY,138
CHILTON INVESTMENT COMPANY INC.,VISA Inc,V,2008-09-30,SH,152000.0,2333000.0,66632.0,1354000.0,0.0558,0.0186,115,143,128.118622,addition,FINANCE,45920
CHILTON INVESTMENT COMPANY INC.,Cavium Inc,CAVM,2008-09-30,SH,155622.0,2191000.0,50000.0,1050000.0,0.0524,0.0144,116,145,211.244,addition,INFORMATION TECHNOLOGY,920
CHILTON INVESTMENT COMPANY INC.,Platinum Group Metals Ltd,PLG,2008-09-30,SH,16500.0,2108000.0,16500.0,4662000.0,0.0504,0.064,117,105,0.0,,MATERIALS,11994
CHILTON INVESTMENT COMPANY INC.,Kodiak Oil & Gas Corp.,KOG,2008-09-30,SH,1399801.0,2093000.0,1403588.0,6394000.0,0.0501,0.0878,118,98,-0.269809,reduction,ENERGY,120
CHILTON INVESTMENT COMPANY INC.,Ldk Solar Co Adr,LDKYQ,2008-09-30,SH,68204.0,2047000.0,343197.0,13000000.0,0.049,0.1786,119,80,-80.126866,reduction,MATERIALS,11527
CHILTON INVESTMENT COMPANY INC.,China Medical Technologies Inc. ADR,CMEDQ,2008-09-30,SH,61051.0,1989000.0,0.0,0.0,0.0476,,120,999999,,new,HEALTH CARE,7861
CHILTON INVESTMENT COMPANY INC.,GeoMet Inc (DE),GMET,2008-09-30,SH,350000.0,1904000.0,1065100.0,10097000.0,0.0456,0.1387,121,88,-67.139236,reduction,ENERGY,7189
CHILTON INVESTMENT COMPANY INC.,Global X PropTech ETF-,PTEC,2008-09-30,SH,232083.0,1854000.0,0.0,0.0,0.0444,,122,999999,,new,INFORMATION TECHNOLOGY,3981
CHILTON INVESTMENT COMPANY INC.,NetApp Inc.,NTAP,2008-09-30,SH,98147.0,1789000.0,0.0,0.0,0.0428,,123,999999,,new,INFORMATION TECHNOLOGY,693
CHILTON INVESTMENT COMPANY INC.,Carnival Corp.,CCL,2008-09-30,SH,50000.0,1768000.0,0.0,0.0,0.0423,,124,999999,,new,CONSUMER DISCRETIONARY,11342
CHILTON INVESTMENT COMPANY INC.,WMS Industries,WMS,2008-09-30,SH,57400.0,1755000.0,16198.0,482000.0,0.042,0.0066,125,160,254.364736,addition,CONSUMER DISCRETIONARY,5623
CHILTON INVESTMENT COMPANY INC.,American Eagle Outfitters Inc,AEO,2008-09-30,SH,106600.0,1626000.0,0.0,0.0,0.0389,,126,999999,,new,CONSUMER DISCRETIONARY,749
CHILTON INVESTMENT COMPANY INC.,Crystallex International Corp.,CRYFQ,2008-09-30,SH,1985722.0,1608000.0,2005780.0,2246000.0,0.0385,0.0309,127,125,-1.00001,reduction,MATERIALS,6828
CHILTON INVESTMENT COMPANY INC.,ASE Technology Holding Co Ltd,ASX,2008-09-30,SH,556251.0,1413000.0,150000.0,668000.0,0.0338,0.0092,128,154,270.834,addition,INFORMATION TECHNOLOGY,6302
CHILTON INVESTMENT COMPANY INC.,Advanced Analogic Technologies Inc,AATI,2008-09-30,SH,290214.0,1349000.0,198816.0,821000.0,0.0323,0.0113,129,152,45.971149,addition,INFORMATION TECHNOLOGY,962
CHILTON INVESTMENT COMPANY INC.,Gold Reserve Corp Foreign Ordinary,GDRZF,2008-09-30,SH,1189653.0,1309000.0,1201670.0,2163000.0,0.0313,0.0297,130,128,-1.000025,reduction,MATERIALS,6844
CHILTON INVESTMENT COMPANY INC.,MIPS Technologies Inc.,MIPS,2008-09-30,SH,350939.0,1232000.0,1122618.0,4210000.0,0.0295,0.0578,131,108,-68.739233,reduction,INFORMATION TECHNOLOGY,1021
CHILTON INVESTMENT COMPANY INC.,Canadian Solar Inc,CSIQ,2008-09-30,SH,61588.0,1203000.0,265123.0,10655000.0,0.0288,0.1464,132,85,-76.770027,reduction,INFORMATION TECHNOLOGY,6325
CHILTON INVESTMENT COMPANY INC.,Evergreen Solar Inc.,ESLRQ,2008-09-30,SH,36130.56,1196000.0,124217.01,7221000.0,0.0286,0.0992,133,93,-70.913356,reduction,INDUSTRIALS,7149
CHILTON INVESTMENT COMPANY INC.,Axiall Corporation,AXLL,2008-09-30,SH,459916.0,1150000.0,482132.0,1398000.0,0.0275,0.0192,134,142,-4.607867,reduction,MATERIALS,525
CHILTON INVESTMENT COMPANY INC.,Wachovia Corp.,WB,2008-09-30,SH,327427.0,1146000.0,0.0,0.0,0.0274,,135,999999,,new,FINANCE,287
CHILTON INVESTMENT COMPANY INC.,Eagle Materials Inc.,EXP,2008-09-30,SH,50000.0,1119000.0,0.0,0.0,0.0268,,136,999999,,new,MATERIALS,2704
CHILTON INVESTMENT COMPANY INC.,ARM Holdings Plc ADR,ARMH,2008-09-30,SH,200000.0,1040000.0,100000.0,509000.0,0.0249,0.007,137,159,100.0,addition,INFORMATION TECHNOLOGY,60046
CHILTON INVESTMENT COMPANY INC.,Broadcom Corp,BRCM,2008-09-30,SH,49708.0,926000.0,59265.0,1617000.0,0.0222,0.0222,138,137,-16.125875,reduction,INFORMATION TECHNOLOGY,3832
CHILTON INVESTMENT COMPANY INC.,Darden Restaurants Inc,DRI,2008-09-30,SH,35686.53,913000.0,0.0,0.0,0.0218,,139,999999,,new,CONSUMER DISCRETIONARY,2638
CHILTON INVESTMENT COMPANY INC.,WSP Holdings Ltd,WSHLY,2008-09-30,SH,28493.8,898000.0,28493.8,1002000.0,0.0215,0.0138,140,147,0.0,,ENERGY,9957
CHILTON INVESTMENT COMPANY INC.,Blackberry Ltd,BB,2008-09-30,SH,12876.0,879000.0,0.0,0.0,0.021,,141,999999,,new,INFORMATION TECHNOLOGY,21
CHILTON INVESTMENT COMPANY INC.,Techwell Inc,TWLL,2008-09-30,SH,92892.0,876000.0,53500.0,659000.0,0.021,0.0091,142,155,73.629907,addition,INFORMATION TECHNOLOGY,973
CHILTON INVESTMENT COMPANY INC.,Longtop Financial Technologies Ltd,LGFTY,2008-09-30,SH,56678.0,799000.0,0.0,0.0,0.0191,,143,999999,,new,INFORMATION TECHNOLOGY,6026
CHILTON INVESTMENT COMPANY INC.,BPI Energy Holdings Inc.,BPIGF,2008-09-30,SH,3972909.0,755000.0,3998385.0,2155000.0,0.0181,0.0296,144,129,-0.637157,reduction,ENERGY,7783
CHILTON INVESTMENT COMPANY INC.,Banro Corp.,BAA,2008-09-30,SH,264872.0,697000.0,268083.0,1883000.0,0.0167,0.0259,145,133,-1.197763,reduction,MATERIALS,5505
CHILTON INVESTMENT COMPANY INC.,ON Semiconductor Corp,ON,2008-09-30,SH,100000.0,676000.0,355241.0,3258000.0,0.0162,0.0448,146,116,-71.850096,reduction,INFORMATION TECHNOLOGY,54
CHILTON INVESTMENT COMPANY INC.,Global X Emerging Markets Great Consumer ETF-,EMC,2008-09-30,SH,53851.0,644000.0,0.0,0.0,0.0154,,147,999999,,new,INFORMATION TECHNOLOGY,398
CHILTON INVESTMENT COMPANY INC.,Berkeley (W.R.) Corp.,WRB,2008-09-30,SH,61191.0,640000.0,6592500.0,70789000.0,0.0153,0.9725,148,34,-99.071809,reduction,FINANCE,543
CHILTON INVESTMENT COMPANY INC.,ATMEL CORP;COM USD0.001,ATML,2008-09-30,SH,180000.0,610000.0,0.0,0.0,0.0146,,149,999999,,new,INFORMATION TECHNOLOGY,5051
CHILTON INVESTMENT COMPANY INC.,Taoping Inc,TAOP,2008-09-30,SH,1025.58,578000.0,4064.33,2760000.0,0.0138,0.0379,150,118,-74.766321,reduction,INFORMATION TECHNOLOGY,92657
CHILTON INVESTMENT COMPANY INC.,RIVERBED TECHNOLOGY INC COM,RVBD,2008-09-30,SH,87316.0,547000.0,0.0,0.0,0.0131,,151,999999,,new,INFORMATION TECHNOLOGY,3657
CHILTON INVESTMENT COMPANY INC.,Focus Media Holdings Inc,FMCN,2008-09-30,SH,16550.0,472000.0,0.0,0.0,0.0113,,152,999999,,new,CONSUMER DISCRETIONARY,4819
CHILTON INVESTMENT COMPANY INC.,Freddie Mac (Federal Home Loan Mortgage Corp.),FMCC,2008-09-30,SH,270400.0,462000.0,0.0,0.0,0.0111,,153,999999,,new,FINANCE,2416
CHILTON INVESTMENT COMPANY INC.,Morgan Stanley,MS,2008-09-30,SH,20000.0,460000.0,0.0,0.0,0.011,,154,999999,,new,FINANCE,505
CHILTON INVESTMENT COMPANY INC.,P M C SIERRA INC,PMCS,2008-09-30,SH,60000.0,445000.0,0.0,0.0,0.0106,,155,999999,,new,INFORMATION TECHNOLOGY,941
CHILTON INVESTMENT COMPANY INC.,ULURU Inc,ULUR,2008-09-30,SH,286810.0,430000.0,286810.0,366000.0,0.0103,0.005,156,164,0.0,,HEALTH CARE,10444
CHILTON INVESTMENT COMPANY INC.,LCA-Vision Inc.,LCAV,2008-09-30,SH,88946.0,413000.0,89655.0,428000.0,0.0099,0.0059,157,163,-0.790809,reduction,HEALTH CARE,5747
CHILTON INVESTMENT COMPANY INC.,SunPower Corp,SPWR,2008-09-30,SH,8227.48,382000.0,143608.24,6769000.0,0.0091,0.093,158,95,-94.270886,reduction,INFORMATION TECHNOLOGY,68512
CHILTON INVESTMENT COMPANY INC.,Under Armour Inc,UAA,2008-09-30,SH,74088.0,294000.0,0.0,0.0,0.007,,159,999999,,new,CONSUMER DISCRETIONARY,6450
CHILTON INVESTMENT COMPANY INC.,Taiwan Semiconductor Manufacturing Co Ltd ADR,TSM,2008-09-30,SH,30400.0,285000.0,80000.0,873000.0,0.0068,0.012,160,150,-62.0,reduction,INFORMATION TECHNOLOGY,5232
CHILTON INVESTMENT COMPANY INC.,Penn National Gaming Inc.,PENN,2008-09-30,SH,44230.0,266000.0,0.0,0.0,0.0064,,161,999999,,new,CONSUMER DISCRETIONARY,3928
CHILTON INVESTMENT COMPANY INC.,Cypress Semiconductor Corp,CY,2008-09-30,SH,231375.0,261000.0,86594.41,463000.0,0.0062,0.0064,162,162,167.193922,reduction,INFORMATION TECHNOLOGY,3714
CHILTON INVESTMENT COMPANY INC.,Entegris Inc.,ENTG,2008-09-30,SH,50000.0,242000.0,0.0,0.0,0.0058,,163,999999,,new,INFORMATION TECHNOLOGY,3717
CHILTON INVESTMENT COMPANY INC.,Harris Stratex Networks Inc.,HSTX,2008-09-30,SH,30000.0,234000.0,0.0,0.0,0.0056,,164,999999,,new,INFORMATION TECHNOLOGY,5097
CHILTON INVESTMENT COMPANY INC.,Amtech Systems Inc.,ASYS,2008-09-30,SH,20000.0,186000.0,20000.0,215000.0,0.0045,0.003,165,171,0.0,,INFORMATION TECHNOLOGY,6309
CHILTON INVESTMENT COMPANY INC.,Daystar Technologies Inc,DSTI,2008-09-30,SH,952.57,168000.0,1905.14,548000.0,0.004,0.0075,166,157,-50.0,reduction,INFORMATION TECHNOLOGY,8875
CHILTON INVESTMENT COMPANY INC.,Palm Inc,PALM,2008-09-30,SH,23738.0,142000.0,0.0,0.0,0.0034,,167,999999,,new,INFORMATION TECHNOLOGY,103797
CHILTON INVESTMENT COMPANY INC.,Clearwire Corp. Class A,CLWR,2008-09-30,SH,11168.0,133000.0,0.0,0.0,0.0032,,168,999999,,new,COMMUNICATIONS,61
CHILTON INVESTMENT COMPANY INC.,China Digital TV Holding Co. Ltd.,STV,2008-09-30,SH,15037.0,123000.0,124480.0,1732000.0,0.0029,0.0238,169,136,-87.920148,reduction,CONSUMER DISCRETIONARY,5637
CHILTON INVESTMENT COMPANY INC.,Globalstar Inc,GSAT,2008-09-30,SH,66000.0,112000.0,66000.0,187000.0,0.0027,0.0026,170,172,0.0,,UTILITIES AND TELECOMMUNICATIONS,7195
CHILTON INVESTMENT COMPANY INC.,Washington Mutual Inc - Dime Bancorp Inc. Litigation Tracking Warrant,DIMEQ,2008-09-30,SH,283600.0,26000.0,283600.0,84000.0,0.0006,0.0012,171,174,0.0,,FINANCE,7721
CHILTON INVESTMENT COMPANY INC.,Tailored Brands Inc,TLRDQ,2008-09-30,SH,0.0,0.0,647662.0,10550000.0,,0.1449,999999,86,-100.0,soldall,CONSUMER DISCRETIONARY,53
CHILTON INVESTMENT COMPANY INC.,Optium Corp,OPTM,2008-09-30,SH,0.0,0.0,40000.0,291000.0,,0.004,999999,167,-100.0,soldall,INFORMATION TECHNOLOGY,68
CHILTON INVESTMENT COMPANY INC.,Corning Inc.,GLW,2008-09-30,SH,0.0,0.0,161212.0,3716000.0,,0.0511,999999,110,-100.0,soldall,MATERIALS,146
CHILTON INVESTMENT COMPANY INC.,Cameco Corp.,CCJ,2008-09-30,SH,0.0,0.0,1819038.0,77982000.0,,1.0714,999999,32,-100.0,soldall,ENERGY,156
CHILTON INVESTMENT COMPANY INC.,NVIDIA Corp.,NVDA,2008-09-30,SH,0.0,0.0,553380.0,2590000.0,,0.0356,999999,121,-100.0,soldall,INFORMATION TECHNOLOGY,261
CHILTON INVESTMENT COMPANY INC.,SHFL Entertainment Inc.,SHFL,2008-09-30,SH,0.0,0.0,50000.0,247000.0,,0.0034,999999,170,-100.0,soldall,CONSUMER DISCRETIONARY,277
CHILTON INVESTMENT COMPANY INC.,State Street Corp. (State Street Bank & Trust Co. Boston MA),STT,2008-09-30,SH,0.0,0.0,233000.0,14910000.0,,0.2048,999999,76,-100.0,soldall,FINANCE,281
CHILTON INVESTMENT COMPANY INC.,Northern Trust Corp.,NTRS,2008-09-30,SH,0.0,0.0,10000.0,686000.0,,0.0094,999999,153,-100.0,soldall,FINANCE,299
CHILTON INVESTMENT COMPANY INC.,Boyd Gaming Corp.,BYD,2008-09-30,SH,0.0,0.0,183000.0,2298000.0,,0.0316,999999,123,-100.0,soldall,CONSUMER DISCRETIONARY,616
CHILTON INVESTMENT COMPANY INC.,Zions Bancorp,ZION,2008-09-30,SH,0.0,0.0,5500.0,2283000.0,,0.0314,999999,124,-100.0,soldall,FINANCE,744
CHILTON INVESTMENT COMPANY INC.,Symyx Technologies Inc.,SMMX,2008-09-30,SH,0.0,0.0,1300609.0,9078000.0,,0.1247,999999,89,-100.0,soldall,MATERIALS,828
CHILTON INVESTMENT COMPANY INC.,Wynn Resorts Ltd,WYNN,2008-09-30,SH,0.0,0.0,300000.0,24405000.0,,0.3353,999999,64,-100.0,soldall,CONSUMER DISCRETIONARY,839
CHILTON INVESTMENT COMPANY INC.,Microsemi Corp.,MSCC,2008-09-30,SH,0.0,0.0,25000.0,630000.0,,0.0087,999999,156,-100.0,soldall,INFORMATION TECHNOLOGY,952
CHILTON INVESTMENT COMPANY INC.,Pilgrims Pride Corp,PPC,2008-09-30,SH,0.0,0.0,42000.0,546000.0,,0.0075,999999,158,-100.0,soldall,CONSUMER STAPLES,2406
CHILTON INVESTMENT COMPANY INC.,Washington Mutual Inc,WAMUQ,2008-09-30,SH,0.0,0.0,3025.0,1776000.0,,0.0244,999999,135,-100.0,soldall,FINANCE,2411
CHILTON INVESTMENT COMPANY INC.,Seagate Technology plc,STX,2008-09-30,SH,0.0,0.0,15000.0,287000.0,,0.0039,999999,168,-100.0,soldall,INFORMATION TECHNOLOGY,2526
CHILTON INVESTMENT COMPANY INC.,ABB Ltd.,ABBNY,2008-09-30,SH,0.0,0.0,65279.0,1849000.0,,0.0254,999999,134,-100.0,soldall,INDUSTRIALS,2533
CHILTON INVESTMENT COMPANY INC.,FelCor Lodging Trust Inc.,FCH,2008-09-30,SH,0.0,0.0,96355.0,1012000.0,,0.0139,999999,146,-100.0,soldall,REAL ESTATE,2557
CHILTON INVESTMENT COMPANY INC.,PharmaNet Group Development Inc,PDGI,2008-09-30,SH,0.0,0.0,230937.0,3642000.0,,0.05,999999,111,-100.0,soldall,HEALTH CARE,2672
CHILTON INVESTMENT COMPANY INC.,Intercontinental Exchange Inc,ICE,2008-09-30,SH,0.0,0.0,326895.0,7453000.0,,0.1024,999999,91,-100.0,soldall,FINANCE,2811
CHILTON INVESTMENT COMPANY INC.,Ryland Group Inc.,RYL,2008-09-30,SH,0.0,0.0,1100000.0,23991000.0,,0.3296,999999,65,-100.0,soldall,CONSUMER DISCRETIONARY,3503
CHILTON INVESTMENT COMPANY INC.,America Movil S.A.B.DE C.V.,AMX,2008-09-30,SH,0.0,0.0,3199118.0,84377000.0,,1.1592,999999,28,-100.0,soldall,UTILITIES AND TELECOMMUNICATIONS,3509
CHILTON INVESTMENT COMPANY INC.,Graco Inc.,GGG,2008-09-30,SH,0.0,0.0,409152.0,5192000.0,,0.0713,999999,103,-100.0,soldall,INDUSTRIALS,3719
CHILTON INVESTMENT COMPANY INC.,EQT Corporation (Equitable Gas Co.),EQT,2008-09-30,SH,0.0,0.0,1117412.0,77168000.0,,1.0602,999999,33,-100.0,soldall,UTILITIES AND TELECOMMUNICATIONS,3739
CHILTON INVESTMENT COMPANY INC.,American Century Focused Dynamic Growth ETF-,FDG,2008-09-30,SH,0.0,0.0,1502839.0,143686000.0,,1.974,999999,13,-100.0,soldall,MATERIALS,3800
CHILTON INVESTMENT COMPANY INC.,KBR Inc,KBR,2008-09-30,SH,0.0,0.0,1202162.0,41967000.0,,0.5766,999999,48,-100.0,soldall,INDUSTRIALS,3898
CHILTON INVESTMENT COMPANY INC.,Bally Technologies Inc.,BYI,2008-09-30,SH,0.0,0.0,13998.0,473000.0,,0.0065,999999,161,-100.0,soldall,INDUSTRIALS,3924
CHILTON INVESTMENT COMPANY INC.,Fairchild Semiconductor International Inc. Class A,FCS,2008-09-30,SH,0.0,0.0,30000.0,352000.0,,0.0048,999999,165,-100.0,soldall,INFORMATION TECHNOLOGY,4029
CHILTON INVESTMENT COMPANY INC.,La-Z-Boy Inc,LZB,2008-09-30,SH,0.0,0.0,284295.0,2175000.0,,0.0299,999999,127,-100.0,soldall,CONSUMER DISCRETIONARY,4039
CHILTON INVESTMENT COMPANY INC.,Carlisle Companies Inc,CSL,2008-09-30,SH,0.0,0.0,48255.0,1399000.0,,0.0192,999999,141,-100.0,soldall,INDUSTRIALS,4075
CHILTON INVESTMENT COMPANY INC.,Dr. Reddys Laboratories Ltd ADR,RDY,2008-09-30,SH,0.0,0.0,95809.0,1495000.0,,0.0205,999999,140,-100.0,soldall,HEALTH CARE,4108
CHILTON INVESTMENT COMPANY INC.,Berkshire Hathaway Inc Class A,BRK.A,2008-09-30,SH,0.0,0.0,490.0,59168000.0,,0.8129,999999,38,-100.0,soldall,FINANCE,4161
CHILTON INVESTMENT COMPANY INC.,Yingli Green Energy Holding Company Ltd ADR,YGEHY,2008-09-30,SH,0.0,0.0,33258.3,5295000.0,,0.0727,999999,102,-100.0,soldall,INDUSTRIALS,4194
CHILTON INVESTMENT COMPANY INC.,Adobe Systems Inc.,ADBE,2008-09-30,SH,0.0,0.0,25028.0,986000.0,,0.0135,999999,148,-100.0,soldall,INFORMATION TECHNOLOGY,4294
CHILTON INVESTMENT COMPANY INC.,McClatchy Co,MNIQQ,2008-09-30,SH,0.0,0.0,23605.4,1600000.0,,0.022,999999,138,-100.0,soldall,COMMUNICATIONS,4820
CHILTON INVESTMENT COMPANY INC.,CME Group Inc,CME,2008-09-30,SH,0.0,0.0,4000.0,1533000.0,,0.0211,999999,139,-100.0,soldall,FINANCE,4861
CHILTON INVESTMENT COMPANY INC.,GraniteShares 1.25x Long TSLA Daily ETF-GraniteShares 1.25x Long TSLA Daily ETF,TSL,2008-09-30,SH,0.0,0.0,78590.0,1204000.0,,0.0165,999999,144,-100.0,soldall,INFORMATION TECHNOLOGY,4923
CHILTON INVESTMENT COMPANY INC.,Greenhill & Co. Inc,GHL,2008-09-30,SH,0.0,0.0,675000.0,36356000.0,,0.4995,999999,49,-100.0,soldall,FINANCE,5032
CHILTON INVESTMENT COMPANY INC.,Marchex Inc,MCHX,2008-09-30,SH,0.0,0.0,169897.0,2093000.0,,0.0288,999999,130,-100.0,soldall,COMMUNICATIONS,5131
CHILTON INVESTMENT COMPANY INC.,Quest Resource Corp.,QRCP,2008-09-30,SH,0.0,0.0,516001.0,5888000.0,,0.0809,999999,101,-100.0,soldall,ENERGY,5316
CHILTON INVESTMENT COMPANY INC.,BTC iShares Silver Trust,SLV,2008-09-30,SH,0.0,0.0,554348.0,95642000.0,,1.314,999999,23,-100.0,soldall,FINANCE,5927
CHILTON INVESTMENT COMPANY INC.,SUNTECH POWER HOLDINGS CO. LTD,STPFQ,2008-09-30,SH,0.0,0.0,22987.0,861000.0,,0.0118,999999,151,-100.0,soldall,INDUSTRIALS,5937
CHILTON INVESTMENT COMPANY INC.,Owens-IL Inc,OI,2008-09-30,SH,0.0,0.0,65000.0,2710000.0,,0.0372,999999,119,-100.0,soldall,MATERIALS,6411
CHILTON INVESTMENT COMPANY INC.,IPG Photonics Corp,IPGP,2008-09-30,SH,0.0,0.0,131531.0,2474000.0,,0.034,999999,122,-100.0,soldall,INFORMATION TECHNOLOGY,6641
CHILTON INVESTMENT COMPANY INC.,Premier Exhibitions Inc,PRXIQ,2008-09-30,SH,0.0,0.0,72795.9,3305000.0,,0.0454,999999,113,-100.0,soldall,CONSUMER DISCRETIONARY,7497
CHILTON INVESTMENT COMPANY INC.,Orion Energy Systems Inc,OESX,2008-09-30,SH,0.0,0.0,14212.0,142000.0,,0.002,999999,173,-100.0,soldall,INDUSTRIALS,8149
CHILTON INVESTMENT COMPANY INC.,China Sunrgy Adr ADR,CSUNY,2008-09-30,SH,0.0,0.0,30376.0,251000.0,,0.0034,999999,169,-100.0,soldall,INFORMATION TECHNOLOGY,8977
CHILTON INVESTMENT COMPANY INC.,Safeway Inc.,SWY,2008-09-30,SH,0.0,0.0,685000.0,19557000.0,,0.2687,999999,68,-100.0,soldall,CONSUMER STAPLES,11356
CHILTON INVESTMENT COMPANY INC.,Wendys Co. (The),WEN,2008-09-30,SH,0.0,0.0,1611895.0,10264000.0,,0.141,999999,87,-100.0,soldall,CONSUMER DISCRETIONARY,11361
CHILTON INVESTMENT COMPANY INC.,Barrick Gold Corp,GOLD,2008-09-30,SH,0.0,0.0,4863311.0,221281000.0,,3.0401,999999,7,-100.0,soldall,MATERIALS,11423
CHILTON INVESTMENT COMPANY INC.,Navios Maritime Holdings Inc,NM,2008-09-30,SH,0.0,0.0,3500.0,339000.0,,0.0047,999999,166,-100.0,soldall,TRANSPORTS,11444
CHILTON INVESTMENT COMPANY INC.,Mechel PAO American Depositary Shares ADR,MTL,2008-09-30,SH,0.0,0.0,8950.0,887000.0,,0.0122,999999,149,-100.0,soldall,MATERIALS,11487
CHILTON INVESTMENT COMPANY INC.,Sims Ltd,SMSMY,2008-09-30,SH,0.0,0.0,65000.0,2594000.0,,0.0356,999999,120,-100.0,soldall,MATERIALS,32497
CHILTON INVESTMENT COMPANY INC.,American International Group Inc. 8.50% Equity Units due 2/15/2011 to 8/1/2011,AIGPRA,2008-09-30,SH,0.0,0.0,591600.0,35322000.0,,0.4853,999999,50,-100.0,soldall,FINANCE,46053
CHILTON INVESTMENT COMPANY INC.,STORM CAT ENERGY CORPORATION,SCUEF,2008-09-30,SH,0.0,0.0,35000.0,41000.0,,0.0006,999999,175,-100.0,soldall,ENERGY,104849
