Filer Name,Stock Name,Stock Ticker,Quarter Date,Type of Security,Current Shares Held,Current Market Value,Previous Shares Held,Previous Market Value,Current % of Portfolio,Previous % of Portfolio,Current Rank,Previous Rank,Change in Shares,Type of Change,Sector,stock_id
CHILTON INVESTMENT COMPANY INC.,Sherwin-Williams Co.,SHW,2018-06-30,SH,1441869.0,195888000.0,1387752.0,181388000.0,6.8834,6.9848,1,1,3.899616,addition,MATERIALS,11358
CHILTON INVESTMENT COMPANY INC.,Home Depot Inc. (The),HD,2018-06-30,SH,867362.0,169222000.0,857934.0,152918000.0,5.9464,5.8885,2,2,1.098919,addition,CONSUMER DISCRETIONARY,354
CHILTON INVESTMENT COMPANY INC.,Microsoft Corp.,MSFT,2018-06-30,SH,1302885.0,128477000.0,1345682.0,122820000.0,4.5146,4.7295,3,3,-3.18032,reduction,INFORMATION TECHNOLOGY,178
CHILTON INVESTMENT COMPANY INC.,CSX Corp,CSX,2018-06-30,SH,4983597.0,105951000.0,5019540.0,93213000.0,3.7231,3.5894,4,5,-0.716062,reduction,TRANSPORTS,220
CHILTON INVESTMENT COMPANY INC.,Ball Corp.,BALL,2018-06-30,SH,2871212.0,102072000.0,2798827.0,111141000.0,3.5868,4.2798,5,4,2.586262,addition,MATERIALS,11340
CHILTON INVESTMENT COMPANY INC.,Mastercard Inc,MA,2018-06-30,SH,470558.0,92474000.0,466616.0,81732000.0,3.2495,3.1473,6,8,0.844806,addition,FINANCE,4044
CHILTON INVESTMENT COMPANY INC.,Costco Co.,COST,2018-06-30,SH,424099.0,88628000.0,435259.0,82016000.0,3.1143,3.1582,7,7,-2.563991,reduction,CONSUMER STAPLES,393
CHILTON INVESTMENT COMPANY INC.,Citigroup Inc.,C,2018-06-30,SH,1286216.0,86074000.0,1192139.0,80469000.0,3.0246,3.0987,8,9,7.891446,addition,FINANCE,216
CHILTON INVESTMENT COMPANY INC.,Walt Disney Co. (The),DIS,2018-06-30,SH,741061.0,77671000.0,593996.0,59661000.0,2.7293,2.2974,9,16,24.758584,addition,COMMUNICATIONS,395
CHILTON INVESTMENT COMPANY INC.,FedEx Corporation,FDX,2018-06-30,SH,325972.0,74015000.0,287932.0,69135000.0,2.6008,2.6622,10,13,13.211453,addition,TRANSPORTS,485
CHILTON INVESTMENT COMPANY INC.,JPMorgan Chase & Co. (Chemical Bank),JPM,2018-06-30,SH,688038.0,71694000.0,15057.0,1656000.0,2.5193,0.0638,11,90,4469.555688,addition,FINANCE,240
CHILTON INVESTMENT COMPANY INC.,Hasbro Inc.,HAS,2018-06-30,SH,762823.0,70416000.0,708442.0,59722000.0,2.4744,2.2997,12,15,7.67614,addition,CONSUMER DISCRETIONARY,2610
CHILTON INVESTMENT COMPANY INC.,Ingevity Corp,NGVT,2018-06-30,SH,847203.0,68505000.0,953556.0,70268000.0,2.4072,2.7058,13,12,-11.153304,reduction,MATERIALS,197071
CHILTON INVESTMENT COMPANY INC.,Thor Industries Inc.,THO,2018-06-30,SH,691036.0,67300000.0,582973.0,67141000.0,2.3649,2.5854,14,14,18.536536,addition,CONSUMER DISCRETIONARY,469
CHILTON INVESTMENT COMPANY INC.,Xylem Inc,XYL,2018-06-30,SH,918499.0,61888000.0,916340.0,70485000.0,2.1747,2.7142,15,11,0.235611,addition,INDUSTRIALS,115299
CHILTON INVESTMENT COMPANY INC.,Linde Plc.,LIN,2018-06-30,SH,377146.0,59646000.0,333679.0,48150000.0,2.0959,1.8541,16,21,13.026591,addition,MATERIALS,269
CHILTON INVESTMENT COMPANY INC.,IDEXX Laboratories Inc.,IDXX,2018-06-30,SH,269367.0,58706000.0,244080.0,46714000.0,2.0629,1.7988,17,22,10.360128,addition,HEALTH CARE,4037
CHILTON INVESTMENT COMPANY INC.,Cintas Corporation,CTAS,2018-06-30,SH,312675.0,57867000.0,319050.0,54424000.0,2.0334,2.0957,18,18,-1.998119,reduction,INDUSTRIALS,4809
CHILTON INVESTMENT COMPANY INC.,PayPal Holdings Inc,PYPL,2018-06-30,SH,693029.0,57709000.0,0.0,0.0,2.0279,,19,999999,,new,COMMUNICATIONS,178356
CHILTON INVESTMENT COMPANY INC.,Moodys Corp,MCO,2018-06-30,SH,335484.0,57220000.0,336846.0,54333000.0,2.0107,2.0922,20,19,-0.404339,reduction,FINANCE,2707
CHILTON INVESTMENT COMPANY INC.,Union Pacific Corp.,UNP,2018-06-30,SH,370004.0,52422000.0,293353.0,39435000.0,1.8421,1.5185,21,26,26.129271,addition,TRANSPORTS,473
CHILTON INVESTMENT COMPANY INC.,Restaurant Brands International Inc,QSR,2018-06-30,SH,866756.0,52263000.0,592097.0,33695000.0,1.8365,1.2975,22,29,46.387501,addition,CONSUMER DISCRETIONARY,175085
CHILTON INVESTMENT COMPANY INC.,Lockheed Martin Corp.,LMT,2018-06-30,SH,171550.0,50681000.0,163114.0,55121000.0,1.7809,2.1226,23,17,5.171843,addition,INDUSTRIALS,245
CHILTON INVESTMENT COMPANY INC.,Martin Marietta Materials Inc.,MLM,2018-06-30,SH,206304.0,46074000.0,449651.0,93213000.0,1.619,3.5894,24,6,-54.119083,reduction,MATERIALS,3842
CHILTON INVESTMENT COMPANY INC.,Heico Corp.,HEI,2018-06-30,SH,603108.0,43985000.0,582255.0,40436000.0,1.5456,1.5571,25,24,3.581421,addition,INDUSTRIALS,660
CHILTON INVESTMENT COMPANY INC.,IQVIA Holdings Inc,IQV,2018-06-30,SH,431645.0,43087000.0,193913.0,19025000.0,1.5141,0.7326,26,38,122.597247,addition,HEALTH CARE,174607
CHILTON INVESTMENT COMPANY INC.,Mettler-Toledo International Inc.,MTD,2018-06-30,SH,70832.0,40986000.0,68879.0,39607000.0,1.4402,1.5252,27,25,2.835407,addition,INFORMATION TECHNOLOGY,5469
CHILTON INVESTMENT COMPANY INC.,Blackstone Group Inc,BX,2018-06-30,SH,1186912.0,38183000.0,876159.0,27993000.0,1.3417,1.0779,28,34,35.467649,addition,FINANCE,4162
CHILTON INVESTMENT COMPANY INC.,VISA Inc,V,2018-06-30,SH,272233.0,36057000.0,325448.0,38930000.0,1.267,1.4991,29,27,-16.351307,reduction,FINANCE,45920
CHILTON INVESTMENT COMPANY INC.,Dominos Pizza Inc,DPZ,2018-06-30,SH,124207.0,35047000.0,121280.0,28326000.0,1.2315,1.0908,30,33,2.413423,addition,CONSUMER DISCRETIONARY,776
CHILTON INVESTMENT COMPANY INC.,Old Dominion Freight Line Inc,ODFL,2018-06-30,SH,344365.5,34198000.0,325992.0,31941000.0,1.2017,1.23,31,30,5.636181,addition,TRANSPORTS,3917
CHILTON INVESTMENT COMPANY INC.,Bank of America Corp. (North Carolina National Bank),BAC,2018-06-30,SH,1201387.0,33867000.0,0.0,0.0,1.1901,,32,999999,,new,FINANCE,205
CHILTON INVESTMENT COMPANY INC.,CarMax Inc.,KMX,2018-06-30,SH,448724.0,32699000.0,117576.0,7283000.0,1.149,0.2804,33,49,281.645914,addition,CONSUMER DISCRETIONARY,5061
CHILTON INVESTMENT COMPANY INC.,Republic Services Inc.,RSG,2018-06-30,SH,434964.0,29734000.0,270788.0,17934000.0,1.0448,0.6906,34,39,60.628979,addition,INDUSTRIALS,5160
CHILTON INVESTMENT COMPANY INC.,Meta Platforms Inc,META,2018-06-30,SH,141249.0,27448000.0,280922.0,44889000.0,0.9645,1.7286,35,23,-49.719495,reduction,COMMUNICATIONS,123861
CHILTON INVESTMENT COMPANY INC.,Becton Dickinson and Co.,BDX,2018-06-30,SH,111337.55,26021000.0,116335.45,24595000.0,0.9144,0.9471,36,37,-4.296111,reduction,HEALTH CARE,4305
CHILTON INVESTMENT COMPANY INC.,Boeing Company,BA,2018-06-30,SH,75768.0,25421000.0,89019.0,29188000.0,0.8933,1.124,37,32,-14.885586,reduction,INDUSTRIALS,210
CHILTON INVESTMENT COMPANY INC.,Thermo Fisher Scientific Inc.,TMO,2018-06-30,SH,121696.0,25208000.0,62071.0,12815000.0,0.8858,0.4935,38,43,96.059351,addition,HEALTH CARE,468
CHILTON INVESTMENT COMPANY INC.,NVR Inc,NVR,2018-06-30,SH,8198.0,24351000.0,2074.0,5807000.0,0.8557,0.2236,39,54,295.274831,addition,CONSUMER DISCRETIONARY,2611
CHILTON INVESTMENT COMPANY INC.,DuPont de Nemours Inc.,DD,2018-06-30,SH,170120.32,23734000.0,0.0,0.0,0.834,,40,999999,,new,MATERIALS,225
CHILTON INVESTMENT COMPANY INC.,Fortune Brands Innovations Inc,FBIN,2018-06-30,SH,430656.0,23122000.0,893611.0,52625000.0,0.8125,2.0265,41,20,-51.807218,reduction,CONSUMER DISCRETIONARY,114466
CHILTON INVESTMENT COMPANY INC.,Berkshire Hathaway Inc Class B,BRK.B,2018-06-30,SH,121983.0,22768000.0,357434.0,71301000.0,0.8001,2.7456,42,10,-65.872581,reduction,FINANCE,2827
CHILTON INVESTMENT COMPANY INC.,Terminix Global Holdings,TMX,2018-06-30,SH,548528.2,21849000.0,57574.56,1961000.0,0.7678,0.0755,43,83,852.72669,addition,CONSUMER DISCRETIONARY,170194
CHILTON INVESTMENT COMPANY INC.,Goldman Sachs Group Inc,GS,2018-06-30,SH,94110.0,20758000.0,0.0,0.0,0.7294,,44,999999,,new,FINANCE,232
CHILTON INVESTMENT COMPANY INC.,Ulta Beauty Inc,ULTA,2018-06-30,SH,85551.0,19973000.0,128586.0,26266000.0,0.7018,1.0114,45,35,-33.467874,reduction,CONSUMER DISCRETIONARY,8297
CHILTON INVESTMENT COMPANY INC.,Intuit Inc.,INTU,2018-06-30,SH,86342.0,17640000.0,85537.0,14828000.0,0.6199,0.571,46,41,0.941113,addition,INFORMATION TECHNOLOGY,793
CHILTON INVESTMENT COMPANY INC.,Bright Horizons Family Solutions Inc.,BFAM,2018-06-30,SH,158821.0,16282000.0,249520.0,24882000.0,0.5721,0.9581,47,36,-36.349391,reduction,CONSUMER DISCRETIONARY,5210
CHILTON INVESTMENT COMPANY INC.,Southwest Airlines Co.,LUV,2018-06-30,SH,313753.0,15964000.0,0.0,0.0,0.561,,48,999999,,new,TRANSPORTS,458
CHILTON INVESTMENT COMPANY INC.,U.S. Bancorp (First National Bank of Cincinnati),USB,2018-06-30,SH,286350.0,14323000.0,0.0,0.0,0.5033,,49,999999,,new,FINANCE,471
CHILTON INVESTMENT COMPANY INC.,Coca Cola Co.,KO,2018-06-30,SH,325963.0,14297000.0,323177.0,14036000.0,0.5024,0.5405,50,42,0.862066,addition,CONSUMER STAPLES,386
CHILTON INVESTMENT COMPANY INC.,Pepsico Inc. (Loft Inc.),PEP,2018-06-30,SH,105899.0,11529000.0,336185.0,36695000.0,0.4051,1.413,51,28,-68.499784,reduction,CONSUMER STAPLES,264
CHILTON INVESTMENT COMPANY INC.,Paramount Global,PARA,2018-06-30,SH,201872.0,11349000.0,0.0,0.0,0.3988,,52,999999,,new,COMMUNICATIONS,2509
CHILTON INVESTMENT COMPANY INC.,3M Co. (Minnesota Mining & Manufacturing),MMM,2018-06-30,SH,46434.0,9134000.0,50127.0,11004000.0,0.321,0.4237,53,45,-7.367287,reduction,INDUSTRIALS,188
CHILTON INVESTMENT COMPANY INC.,Berkshire Hathaway Inc Class A,BRK.A,2018-06-30,SH,20.0,5641000.0,20.0,5982000.0,0.1982,0.2304,54,53,0.0,,FINANCE,4161
CHILTON INVESTMENT COMPANY INC.,Cisco Systems Inc.,CSCO,2018-06-30,SH,130315.0,5607000.0,124725.0,5349000.0,0.197,0.206,55,56,4.48186,addition,INFORMATION TECHNOLOGY,215
CHILTON INVESTMENT COMPANY INC.,Wells Fargo & Co. 7.50% Non-Cumulative Perpetual Convertible Class A Preferred,WFCPRL,2018-06-30,SH,3948.0,4971000.0,4474.0,5770000.0,0.1747,0.2222,56,55,-11.756817,reduction,FINANCE,73782
CHILTON INVESTMENT COMPANY INC.,Phillips 66,PSX,2018-06-30,SH,42886.0,4817000.0,44230.0,4243000.0,0.1693,0.1634,57,60,-3.038662,reduction,ENERGY,122450
CHILTON INVESTMENT COMPANY INC.,OReilly Automotive Inc.,ORLY,2018-06-30,SH,17557.0,4803000.0,17695.0,4377000.0,0.1688,0.1685,58,59,-0.779881,reduction,CONSUMER DISCRETIONARY,5148
CHILTON INVESTMENT COMPANY INC.,United Parcel Service Inc. Class B,UPS,2018-06-30,SH,45074.0,4788000.0,71975.0,7533000.0,0.1682,0.2901,59,48,-37.375478,reduction,TRANSPORTS,3795
CHILTON INVESTMENT COMPANY INC.,McDonalds Corp.,MCD,2018-06-30,SH,29891.0,4684000.0,33152.0,5184000.0,0.1646,0.1996,60,57,-9.836511,reduction,CONSUMER DISCRETIONARY,250
CHILTON INVESTMENT COMPANY INC.,SLM Corp,SLM,2018-06-30,SH,370275.0,4240000.0,0.0,0.0,0.149,,61,999999,,new,FINANCE,892
CHILTON INVESTMENT COMPANY INC.,Medtronic Plc,MDT,2018-06-30,SH,46993.0,4023000.0,46059.0,3695000.0,0.1414,0.1423,62,64,2.027834,addition,HEALTH CARE,297
CHILTON INVESTMENT COMPANY INC.,Paychex Inc.,PAYX,2018-06-30,SH,56151.0,3838000.0,55075.0,3392000.0,0.1349,0.1306,63,69,1.9537,addition,INFORMATION TECHNOLOGY,703
CHILTON INVESTMENT COMPANY INC.,Carters Inc,CRI,2018-06-30,SH,34604.0,3751000.0,66039.0,6875000.0,0.1318,0.2647,64,50,-47.60066,reduction,CONSUMER DISCRETIONARY,5450
CHILTON INVESTMENT COMPANY INC.,Wayfair Inc Class A,W,2018-06-30,SH,30944.0,3675000.0,25038.0,1691000.0,0.1291,0.0651,65,88,23.588146,addition,CONSUMER DISCRETIONARY,174027
CHILTON INVESTMENT COMPANY INC.,iPath S&P 500 VIX Short-Term Futures ETN due 1/30/2019,VXX,2018-06-30,SH,95400.0,3530000.0,0.0,0.0,0.124,,66,999999,,new,FINANCE,76716
CHILTON INVESTMENT COMPANY INC.,Hershey Company (The),HSY,2018-06-30,SH,37923.0,3529000.0,37966.0,3757000.0,0.124,0.1447,67,63,-0.113259,reduction,CONSUMER STAPLES,2832
CHILTON INVESTMENT COMPANY INC.,Wells Fargo & Co.  (Northwest Bancorporation),WFC,2018-06-30,SH,60725.0,3367000.0,60725.0,3183000.0,0.1183,0.1226,68,71,0.0,,FINANCE,309
CHILTON INVESTMENT COMPANY INC.,Brown-Forman Corp. Class B,BF.B,2018-06-30,SH,67780.0,3322000.0,67680.0,3682000.0,0.1167,0.1418,69,65,0.147754,addition,CONSUMER STAPLES,5058
CHILTON INVESTMENT COMPANY INC.,Spirit Aerosystems Holdings Inc. Class A,SPR,2018-06-30,SH,37202.0,3196000.0,0.0,0.0,0.1123,,70,999999,,new,INDUSTRIALS,4915
CHILTON INVESTMENT COMPANY INC.,Woodward Inc,WWD,2018-06-30,SH,40102.0,3082000.0,46402.0,3325000.0,0.1083,0.128,71,70,-13.577001,reduction,INDUSTRIALS,6466
CHILTON INVESTMENT COMPANY INC.,Waters Corporation,WAT,2018-06-30,SH,15817.0,3062000.0,4417.0,877000.0,0.1076,0.0338,72,106,258.093729,addition,HEALTH CARE,3457
CHILTON INVESTMENT COMPANY INC.,NutriSystem Inc,NTRI,2018-06-30,SH,78605.0,3026000.0,0.0,0.0,0.1063,,73,999999,,new,CONSUMER DISCRETIONARY,3383
CHILTON INVESTMENT COMPANY INC.,Blackbaud Inc,BLKB,2018-06-30,SH,29490.0,3021000.0,0.0,0.0,0.1062,,74,999999,,new,INFORMATION TECHNOLOGY,6318
CHILTON INVESTMENT COMPANY INC.,Toro Co,TTC,2018-06-30,SH,49539.0,2985000.0,58023.0,3624000.0,0.1049,0.1396,75,67,-14.621788,reduction,INDUSTRIALS,5034
CHILTON INVESTMENT COMPANY INC.,Whirlpool Corp. (DE),WHR,2018-06-30,SH,20105.0,2940000.0,20661.0,3163000.0,0.1033,0.1218,76,72,-2.69106,reduction,CONSUMER DISCRETIONARY,476
CHILTON INVESTMENT COMPANY INC.,Keurig Dr Pepper Inc,KDP,2018-06-30,SH,23317.0,2845000.0,23638.0,2798000.0,0.1,0.1077,77,73,-1.357983,reduction,CONSUMER STAPLES,45986
CHILTON INVESTMENT COMPANY INC.,First of Long Island Corp,FLIC,2018-06-30,SH,114177.0,2837000.0,136937.0,3759000.0,0.0997,0.1447,78,62,-16.620782,reduction,FINANCE,9647
CHILTON INVESTMENT COMPANY INC.,Revvity Inc.,RVTY,2018-06-30,SH,38167.0,2795000.0,0.0,0.0,0.0982,,79,999999,,new,HEALTH CARE,3642
CHILTON INVESTMENT COMPANY INC.,Marathon Petroleum Corp,MPC,2018-06-30,SH,38241.0,2683000.0,37887.0,2770000.0,0.0943,0.1067,80,74,0.934357,addition,ENERGY,112776
CHILTON INVESTMENT COMPANY INC.,Summit Materials Inc,SUM,2018-06-30,SH,100962.68,2606000.0,0.0,0.0,0.0916,,81,999999,,new,INDUSTRIALS,176547
CHILTON INVESTMENT COMPANY INC.,American Public Education Inc,APEI,2018-06-30,SH,57220.0,2409000.0,42125.0,1811000.0,0.0847,0.0697,82,84,35.833828,addition,CONSUMER DISCRETIONARY,5595
CHILTON INVESTMENT COMPANY INC.,General Mills Co.,GIS,2018-06-30,SH,54285.0,2403000.0,37118.0,1673000.0,0.0844,0.0644,83,89,46.249798,addition,CONSUMER STAPLES,524
CHILTON INVESTMENT COMPANY INC.,Tractor Supply Company,TSCO,2018-06-30,SH,30356.0,2322000.0,23557.0,1485000.0,0.0816,0.0572,84,92,28.861909,addition,CONSUMER DISCRETIONARY,5178
CHILTON INVESTMENT COMPANY INC.,Service Corp. International Inc.,SCI,2018-06-30,SH,64865.0,2322000.0,44803.0,1691000.0,0.0816,0.0651,85,87,44.778251,addition,CONSUMER DISCRETIONARY,714
CHILTON INVESTMENT COMPANY INC.,Cadence BanCorp,CADE,2018-06-30,SH,79218.0,2287000.0,165087.0,4495000.0,0.0804,0.1731,86,58,-52.014392,reduction,FINANCE,199058
CHILTON INVESTMENT COMPANY INC.,Tiffany & Co. (DE),TIF,2018-06-30,SH,16632.0,2189000.0,0.0,0.0,0.0769,,87,999999,,new,CONSUMER DISCRETIONARY,3676
CHILTON INVESTMENT COMPANY INC.,SPDR S&P 500 ETF TRUST,SPY,2018-06-30,SH,8047.0,2183000.0,8047.0,2118000.0,0.0767,0.0816,88,81,0.0,,FINANCE,3962
CHILTON INVESTMENT COMPANY INC.,Black Knight Inc,BKI,2018-06-30,SH,40359.0,2161000.0,42867.0,2019000.0,0.0759,0.0777,89,82,-5.850654,reduction,INFORMATION TECHNOLOGY,202870
CHILTON INVESTMENT COMPANY INC.,Dover Corp.,DOV,2018-06-30,SH,26924.0,1971000.0,0.0,0.0,0.0693,,90,999999,,new,INDUSTRIALS,293
CHILTON INVESTMENT COMPANY INC.,TJX Companies Inc.,TJX,2018-06-30,SH,41318.0,1966000.0,42558.0,1736000.0,0.0691,0.0668,91,86,-2.913671,reduction,CONSUMER DISCRETIONARY,185
CHILTON INVESTMENT COMPANY INC.,DocuSign Inc,DOCU,2018-06-30,SH,33437.0,1770000.0,0.0,0.0,0.0622,,92,999999,,new,INFORMATION TECHNOLOGY,206561
CHILTON INVESTMENT COMPANY INC.,Johnson & Johnson Co.,JNJ,2018-06-30,SH,13929.0,1690000.0,13929.0,1785000.0,0.0594,0.0687,93,85,0.0,,HEALTH CARE,239
CHILTON INVESTMENT COMPANY INC.,Advanced Disposal Services Inc,ADSW,2018-06-30,SH,66696.0,1653000.0,30343.0,676000.0,0.0581,0.026,94,109,119.806875,addition,INDUSTRIALS,197790
CHILTON INVESTMENT COMPANY INC.,ExxonMobil Corp. (Standard Oil of New Jersey),XOM,2018-06-30,SH,19105.0,1581000.0,52742.0,3935000.0,0.0556,0.1515,95,61,-63.776497,reduction,ENERGY,228
CHILTON INVESTMENT COMPANY INC.,Alphabet Inc. Class C,GOOG,2018-06-30,SH,26900.0,1501000.0,26900.0,1388000.0,0.0527,0.0534,96,93,0.0,,COMMUNICATIONS,166886
CHILTON INVESTMENT COMPANY INC.,Papa Johns International Inc.,PZZA,2018-06-30,SH,26062.0,1322000.0,0.0,0.0,0.0465,,97,999999,,new,CONSUMER DISCRETIONARY,11490
CHILTON INVESTMENT COMPANY INC.,Robert Half International Inc.,RHI,2018-06-30,SH,19838.0,1291000.0,63196.0,3658000.0,0.0454,0.1409,98,66,-68.608773,reduction,INDUSTRIALS,815
CHILTON INVESTMENT COMPANY INC.,Alphabet Inc. Class A,GOOGL,2018-06-30,SH,22540.0,1273000.0,221860.0,11505000.0,0.0447,0.443,99,44,-89.84044,reduction,COMMUNICATIONS,4112
CHILTON INVESTMENT COMPANY INC.,Apple Inc,AAPL,2018-06-30,SH,22992.0,1064000.0,22992.0,964000.0,0.0374,0.0371,100,103,0.0,,INFORMATION TECHNOLOGY,195
CHILTON INVESTMENT COMPANY INC.,Sonoco Products Co.,SON,2018-06-30,SH,20056.0,1053000.0,47147.0,2287000.0,0.037,0.0881,101,79,-57.460708,reduction,MATERIALS,457
CHILTON INVESTMENT COMPANY INC.,Mohawk Industries Inc.,MHK,2018-06-30,SH,4792.0,1027000.0,4686.0,1088000.0,0.0361,0.0419,102,100,2.262057,addition,CONSUMER DISCRETIONARY,5137
CHILTON INVESTMENT COMPANY INC.,Amazon.com Inc.,AMZN,2018-06-30,SH,12000.0,1020000.0,20580.0,1489000.0,0.0358,0.0573,103,91,-41.690962,reduction,CONSUMER DISCRETIONARY,3573
CHILTON INVESTMENT COMPANY INC.,Franklin Resources Inc,BEN,2018-06-30,SH,29171.0,935000.0,32236.0,1118000.0,0.0329,0.0431,104,99,-9.508003,reduction,FINANCE,2808
CHILTON INVESTMENT COMPANY INC.,Fastenal Co.,FAST,2018-06-30,SH,35882.0,864000.0,37264.0,1017000.0,0.0304,0.0392,105,102,-3.708673,reduction,INDUSTRIALS,3446
CHILTON INVESTMENT COMPANY INC.,Fortive Corp,FTV,2018-06-30,SH,11473.2,740000.0,18226.14,1182000.0,0.026,0.0455,106,98,-37.050851,reduction,INDUSTRIALS,197152
CHILTON INVESTMENT COMPANY INC.,Honeywell International Inc. (Allied Chemical and Dye - Allied Signal),HON,2018-06-30,SH,5049.0,727000.0,6353.0,918000.0,0.0255,0.0353,107,104,-20.525736,reduction,INDUSTRIALS,416
CHILTON INVESTMENT COMPANY INC.,Intuitive Surgical Inc,ISRG,2018-06-30,SH,4500.0,718000.0,4500.0,619000.0,0.0252,0.0238,108,111,0.0,,HEALTH CARE,4093
CHILTON INVESTMENT COMPANY INC.,Automatic Data Processing Inc,ADP,2018-06-30,SH,5165.0,693000.0,5063.0,575000.0,0.0244,0.0221,109,112,2.014616,addition,INFORMATION TECHNOLOGY,201
CHILTON INVESTMENT COMPANY INC.,Yum! Brands Inc. (Tricon Global Restaurants),YUM,2018-06-30,SH,7827.0,612000.0,7893.0,672000.0,0.0215,0.0259,110,110,-0.836184,reduction,CONSUMER DISCRETIONARY,479
CHILTON INVESTMENT COMPANY INC.,Merck & Co,MRK,2018-06-30,SH,9523.18,552000.0,9523.18,495000.0,0.0194,0.0191,111,114,0.0,,HEALTH CARE,431
CHILTON INVESTMENT COMPANY INC.,Berkeley (W.R.) Corp.,WRB,2018-06-30,SH,17057.25,549000.0,73257.75,2367000.0,0.0193,0.0911,112,78,-76.716115,reduction,FINANCE,543
CHILTON INVESTMENT COMPANY INC.,Barclays Bank PLC,ATMP,2018-06-30,SH,26050.0,528000.0,26050.0,478000.0,0.0186,0.0184,113,116,0.0,,FINANCE,140197
CHILTON INVESTMENT COMPANY INC.,Procter & Gamble Co. (OH) (1905),PG,2018-06-30,SH,6340.0,495000.0,0.0,0.0,0.0174,,114,999999,,new,CONSUMER STAPLES,272
CHILTON INVESTMENT COMPANY INC.,Ameriprise Financial Inc.,AMP,2018-06-30,SH,3204.0,448000.0,3204.0,474000.0,0.0157,0.0183,115,117,0.0,,FINANCE,536
CHILTON INVESTMENT COMPANY INC.,Altria Group Inc. (Philip Morris),MO,2018-06-30,SH,7866.0,447000.0,7866.0,490000.0,0.0157,0.0189,116,115,0.0,,CONSUMER STAPLES,191
CHILTON INVESTMENT COMPANY INC.,Philip Morris International Inc,PM,2018-06-30,SH,5217.0,421000.0,5217.0,519000.0,0.0148,0.02,117,113,0.0,,CONSUMER STAPLES,45788
CHILTON INVESTMENT COMPANY INC.,Chevron Corp. (Standard Oil of California),CVX,2018-06-30,SH,2622.0,331000.0,2622.0,299000.0,0.0116,0.0115,118,123,0.0,,ENERGY,214
CHILTON INVESTMENT COMPANY INC.,Bristol-Myers Squibb Co,BMY,2018-06-30,SH,5157.0,285000.0,5157.0,326000.0,0.01,0.0126,119,122,0.0,,HEALTH CARE,380
CHILTON INVESTMENT COMPANY INC.,Abbott Laboratories,ABT,2018-06-30,SH,4427.0,270000.0,4427.0,265000.0,0.0095,0.0102,120,125,0.0,,HEALTH CARE,189
CHILTON INVESTMENT COMPANY INC.,AbbVie Inc,ABBV,2018-06-30,SH,2900.0,269000.0,2900.0,274000.0,0.0095,0.0106,121,124,0.0,,HEALTH CARE,133912
CHILTON INVESTMENT COMPANY INC.,Zoetis Inc.,ZTS,2018-06-30,SH,3151.0,268000.0,3151.0,263000.0,0.0094,0.0101,122,126,0.0,,HEALTH CARE,138718
CHILTON INVESTMENT COMPANY INC.,Danaher Corp.,DHR,2018-06-30,SH,3015.14,264000.0,3015.14,262000.0,0.0093,0.0101,123,127,0.0,,HEALTH CARE,4323
CHILTON INVESTMENT COMPANY INC.,AutoZone Inc.,AZO,2018-06-30,SH,381.0,256000.0,381.0,247000.0,0.009,0.0095,124,129,0.0,,CONSUMER DISCRETIONARY,2609
CHILTON INVESTMENT COMPANY INC.,Anheuser-Busch Inbev SA ADR,BUD,2018-06-30,SH,2494.0,251000.0,2336.0,257000.0,0.0088,0.0099,125,128,6.763699,addition,CONSUMER STAPLES,372
CHILTON INVESTMENT COMPANY INC.,Estee Lauder Companies Inc.,EL,2018-06-30,SH,1719.0,245000.0,2886.0,432000.0,0.0086,0.0166,126,118,-40.43659,reduction,CONSUMER STAPLES,5031
CHILTON INVESTMENT COMPANY INC.,Walmart Inc,WMT,2018-06-30,SH,8574.0,245000.0,11574.0,343000.0,0.0086,0.0132,127,121,-25.920166,reduction,CONSUMER STAPLES,345
CHILTON INVESTMENT COMPANY INC.,Comcast Corp.  Class A,CMCSA,2018-06-30,SH,7410.0,243000.0,10799.0,369000.0,0.0085,0.0142,128,120,-31.382535,reduction,COMMUNICATIONS,3995
CHILTON INVESTMENT COMPANY INC.,Credit Suisse Group ADR,CS,2018-06-30,SH,10000.0,149000.0,0.0,0.0,0.0052,,129,999999,,new,FINANCE,5627
CHILTON INVESTMENT COMPANY INC.,Flowserve Corporation,FLS,2018-06-30,SH,0.0,0.0,16985.0,736000.0,,0.0283,999999,108,-100.0,soldall,INDUSTRIALS,9
CHILTON INVESTMENT COMPANY INC.,CVS Health Corp. (Melville Shoe),CVS,2018-06-30,SH,0.0,0.0,3391.0,211000.0,,0.0081,999999,130,-100.0,soldall,CONSUMER STAPLES,221
CHILTON INVESTMENT COMPANY INC.,Deere & Co.,DE,2018-06-30,SH,0.0,0.0,8133.0,1263000.0,,0.0486,999999,96,-100.0,soldall,INDUSTRIALS,222
CHILTON INVESTMENT COMPANY INC.,Waste Management Inc.,WM,2018-06-30,SH,0.0,0.0,346996.0,29189000.0,,1.124,999999,31,-100.0,soldall,INDUSTRIALS,474
CHILTON INVESTMENT COMPANY INC.,DENTSPLY International Inc. (1983),XRAY,2018-06-30,SH,0.0,0.0,7702.0,387000.0,,0.0149,999999,119,-100.0,soldall,HEALTH CARE,520
CHILTON INVESTMENT COMPANY INC.,Brinker International Inc.,EAT,2018-06-30,SH,0.0,0.0,65616.0,2369000.0,,0.0912,999999,77,-100.0,soldall,CONSUMER DISCRETIONARY,617
CHILTON INVESTMENT COMPANY INC.,Kellogg Co.,K,2018-06-30,PUT,0.0,0.0,42600.0,2600000.0,,0.1001,999999,75,-100.0,soldall,CONSUMER STAPLES,2538
CHILTON INVESTMENT COMPANY INC.,Packaging Corp. of America,PKG,2018-06-30,SH,0.0,0.0,89551.0,10092000.0,,0.3886,999999,46,-100.0,soldall,MATERIALS,3451
CHILTON INVESTMENT COMPANY INC.,Haemonetics Corp. (MA),HAE,2018-06-30,SH,0.0,0.0,232045.0,16976000.0,,0.6537,999999,40,-100.0,soldall,HEALTH CARE,3475
CHILTON INVESTMENT COMPANY INC.,Monster Beverage Corp.,MNST,2018-06-30,SH,0.0,0.0,300810.0,8605000.0,,0.3314,999999,47,-100.0,soldall,CONSUMER STAPLES,3612
CHILTON INVESTMENT COMPANY INC.,Gartner Inc.,IT,2018-06-30,SH,0.0,0.0,11339.0,1334000.0,,0.0514,999999,94,-100.0,soldall,INFORMATION TECHNOLOGY,3868
CHILTON INVESTMENT COMPANY INC.,Zumiez Inc,ZUMZ,2018-06-30,SH,0.0,0.0,142811.0,3413000.0,,0.1314,999999,68,-100.0,soldall,CONSUMER DISCRETIONARY,5194
CHILTON INVESTMENT COMPANY INC.,Caseys General Stores Inc.,CASY,2018-06-30,SH,0.0,0.0,6806.0,747000.0,,0.0288,999999,107,-100.0,soldall,CONSUMER STAPLES,6109
CHILTON INVESTMENT COMPANY INC.,Badger Meter Inc,BMI,2018-06-30,SH,0.0,0.0,48461.0,2285000.0,,0.088,999999,80,-100.0,soldall,INDUSTRIALS,6815
CHILTON INVESTMENT COMPANY INC.,3D Systems Corp.,DDD,2018-06-30,SH,0.0,0.0,76500.0,887000.0,,0.0342,999999,105,-100.0,soldall,INDUSTRIALS,6919
CHILTON INVESTMENT COMPANY INC.,Coherent Inc.,COHR,2018-06-30,SH,0.0,0.0,5426.0,1017000.0,,0.0392,999999,101,-100.0,soldall,INFORMATION TECHNOLOGY,11382
CHILTON INVESTMENT COMPANY INC.,Cooper-Standard Holdings Inc,CPS,2018-06-30,SH,0.0,0.0,10744.0,1319000.0,,0.0508,999999,95,-100.0,soldall,CONSUMER DISCRETIONARY,92304
CHILTON INVESTMENT COMPANY INC.,Aramark,ARMK,2018-06-30,SH,0.0,0.0,87364.42,2495000.0,,0.0961,999999,76,-100.0,soldall,CONSUMER DISCRETIONARY,164676
CHILTON INVESTMENT COMPANY INC.,Liberty Latin America Ltd Class A,LILA,2018-06-30,SH,0.0,0.0,371412.6,6809000.0,,0.2622,999999,51,-100.0,soldall,UTILITIES AND TELECOMMUNICATIONS,178019
CHILTON INVESTMENT COMPANY INC.,Atlanta Braves Holdings Inc,BATRA,2018-06-30,SH,0.0,0.0,290268.0,6598000.0,,0.2541,999999,52,-100.0,soldall,COMMUNICATIONS,196001
CHILTON INVESTMENT COMPANY INC.,Adient Plc,ADNT,2018-06-30,SH,0.0,0.0,21039.0,1257000.0,,0.0484,999999,97,-100.0,soldall,CONSUMER DISCRETIONARY,198034
