Filer Name,Stock Name,Stock Ticker,Quarter Date,Type of Security,Current Shares Held,Current Market Value,Previous Shares Held,Previous Market Value,Current % of Portfolio,Previous % of Portfolio,Current Rank,Previous Rank,Change in Shares,Type of Change,Sector,stock_id
CHILTON INVESTMENT COMPANY INC.,VanEck Gold Miners ETF-VanEck Gold Miners ETF,GDX,2012-09-30,SH,1995551.0,107181040.0,2298321.0,102895830.0,2.6335,2.6157,1,2,-13.17353,reduction,FINANCE,7342
CHILTON INVESTMENT COMPANY INC.,LKQ Corp,LKQ,2012-09-30,SH,5767930.0,106706710.0,6569538.0,109711280.0,2.6219,2.789,2,1,-12.201893,reduction,INDUSTRIALS,5610
CHILTON INVESTMENT COMPANY INC.,Sherwin-Williams Co.,SHW,2012-09-30,SH,2026947.0,100610890.0,2311536.0,101977260.0,2.4721,2.5924,3,3,-12.311684,reduction,MATERIALS,11358
CHILTON INVESTMENT COMPANY INC.,Home Depot Inc. (The),HD,2012-09-30,SH,1635598.0,98741050.0,1854581.0,98274250.0,2.4261,2.4982,4,4,-11.807681,reduction,CONSUMER DISCRETIONARY,354
CHILTON INVESTMENT COMPANY INC.,Agrium Inc. - Merged with Potash,AGU,2012-09-30,SH,894060.0,92499450.0,899877.0,79612120.0,2.2728,2.0238,5,10,-0.646422,reduction,MATERIALS,11418
CHILTON INVESTMENT COMPANY INC.,Corning Inc.,GLW,2012-09-30,SH,6776464.0,89110500.0,6721696.0,86911530.0,2.1895,2.2094,6,7,0.814794,addition,MATERIALS,146
CHILTON INVESTMENT COMPANY INC.,Broadcom Ltd. (Avago Technologies),AVGO,2012-09-30,SH,2481060.0,86502160.0,2072954.0,74419050.0,2.1254,1.8918,7,12,19.687171,addition,INFORMATION TECHNOLOGY,81122
CHILTON INVESTMENT COMPANY INC.,Dollar General Corp.,DG,2012-09-30,SH,1677083.0,86436860.0,1562663.0,84993240.0,2.1238,2.1606,8,8,7.322116,addition,CONSUMER DISCRETIONARY,85548
CHILTON INVESTMENT COMPANY INC.,Grace (W.R.) & Co. (DE),GRA,2012-09-30,SH,1442502.0,85223020.0,0.0,0.0,2.094,,9,999999,,new,MATERIALS,881
CHILTON INVESTMENT COMPANY INC.,Airgas Inc.,ARG,2012-09-30,SH,986312.0,81173480.0,1126461.0,94633990.0,1.9945,2.4057,10,6,-12.441531,reduction,MATERIALS,5042
CHILTON INVESTMENT COMPANY INC.,Range Resources Corp.,RRC,2012-09-30,SH,1139118.0,79590170.0,1144317.0,70798890.0,1.9556,1.7998,11,15,-0.454332,reduction,ENERGY,3656
CHILTON INVESTMENT COMPANY INC.,Coterra Energy Inc,CTRA,2012-09-30,SH,3540442.0,79482920.0,3693596.0,72763840.0,1.953,1.8497,12,14,-4.146474,reduction,ENERGY,2765
CHILTON INVESTMENT COMPANY INC.,Chevron Corp. (Standard Oil of California),CVX,2012-09-30,SH,677175.0,78931520.0,794164.0,83784300.0,1.9394,2.1299,13,9,-14.731088,reduction,ENERGY,214
CHILTON INVESTMENT COMPANY INC.,AutoZone Inc.,AZO,2012-09-30,SH,212060.0,78392220.0,211468.0,77644710.0,1.9262,1.9738,14,11,0.279948,addition,CONSUMER DISCRETIONARY,2609
CHILTON INVESTMENT COMPANY INC.,Mosaic Company (The),MOS,2012-09-30,SH,1301334.0,74969850.0,1355393.0,74221320.0,1.8421,1.8868,15,13,-3.988437,reduction,MATERIALS,11443
CHILTON INVESTMENT COMPANY INC.,Schlumberger Ltd.,SLB,2012-09-30,SH,995378.0,71995690.0,281400.0,18265670.0,1.769,0.4643,16,71,253.723525,addition,ENERGY,276
CHILTON INVESTMENT COMPANY INC.,Nov Inc,NOV,2012-09-30,SH,897496.0,71898400.0,4650.0,299650.0,1.7666,0.0076,17,182,19200.989247,addition,ENERGY,17
CHILTON INVESTMENT COMPANY INC.,Freeport-McMoRan Copper & Gold Inc,FCX,2012-09-30,SH,1801532.0,71304640.0,1031187.0,35132540.0,1.752,0.8931,18,43,74.704685,addition,MATERIALS,652
CHILTON INVESTMENT COMPANY INC.,Nutrien Ltd,NTR,2012-09-30,SH,1634587.0,70973770.0,1541945.0,67367580.0,1.7439,1.7125,19,16,6.008126,addition,MATERIALS,267
CHILTON INVESTMENT COMPANY INC.,Pioneer Natural Resources Co.,PXD,2012-09-30,SH,656309.0,68518660.0,421655.0,37194190.0,1.6836,0.9455,20,37,55.65071,addition,ENERGY,2612
CHILTON INVESTMENT COMPANY INC.,EOG Resources Inc,EOG,2012-09-30,SH,1217862.0,68230720.0,1437948.0,64786750.0,1.6765,1.6469,21,17,-15.30556,reduction,ENERGY,4870
CHILTON INVESTMENT COMPANY INC.,Micron Technology Inc.,MU,2012-09-30,SH,10279092.0,61520370.0,10154057.0,64072100.0,1.5116,1.6288,22,18,1.23138,addition,INFORMATION TECHNOLOGY,488
CHILTON INVESTMENT COMPANY INC.,McDonalds Corp.,MCD,2012-09-30,SH,659049.0,60467750.0,673551.0,59629470.0,1.4857,1.5158,23,20,-2.153066,reduction,CONSUMER DISCRETIONARY,250
CHILTON INVESTMENT COMPANY INC.,Devon Energy Corp.,DVN,2012-09-30,SH,955726.0,57821420.0,817875.0,47428570.0,1.4207,1.2057,24,27,16.854776,addition,ENERGY,3594
CHILTON INVESTMENT COMPANY INC.,Baker Hughes Company,BKR,2012-09-30,SH,1260706.0,57021730.0,1053563.0,43301440.0,1.4011,1.1008,25,32,19.661188,addition,ENERGY,2502
CHILTON INVESTMENT COMPANY INC.,Southwestern Energy Co.,SWN,2012-09-30,SH,1582297.0,55032290.0,1869238.0,59684770.0,1.3522,1.5172,26,19,-15.350694,reduction,ENERGY,3900
CHILTON INVESTMENT COMPANY INC.,Occidental Petroleum Corp.,OXY,2012-09-30,SH,635966.31,54638380.0,633747.54,54264280.0,1.3425,1.3794,27,22,0.350103,addition,ENERGY,442
CHILTON INVESTMENT COMPANY INC.,Vivus Inc,VVUS,2012-09-30,SH,293990.7,52389140.0,335309.2,95697250.0,1.2872,2.4327,28,5,-12.322507,reduction,HEALTH CARE,7680
CHILTON INVESTMENT COMPANY INC.,iShares Russell 2000 ETF-iShares Russell 2000 ETF,IWM,2012-09-30,PUT,607600.0,50710300.0,0.0,0.0,1.246,,29,999999,,new,FINANCE,4116
CHILTON INVESTMENT COMPANY INC.,Colgate-Palmolive Co.,CL,2012-09-30,SH,926424.0,49665590.0,868206.0,45190120.0,1.2203,1.1488,30,30,6.705551,addition,CONSUMER STAPLES,217
CHILTON INVESTMENT COMPANY INC.,Spansion Inc,CODE,2012-09-30,SH,4140064.0,49349560.0,3082639.0,33847380.0,1.2126,0.8604,31,45,34.302589,addition,INFORMATION TECHNOLOGY,89278
CHILTON INVESTMENT COMPANY INC.,Popeyes Louisiana Kitchen Inc.,PLKI,2012-09-30,SH,1896686.0,46658480.0,2302629.0,53282840.0,1.1464,1.3545,32,24,-17.629544,reduction,CONSUMER DISCRETIONARY,6078
CHILTON INVESTMENT COMPANY INC.,Dollar Tree Inc.,DLTR,2012-09-30,SH,917837.0,44309240.0,990536.0,53290840.0,1.0887,1.3547,33,23,-7.33936,reduction,CONSUMER DISCRETIONARY,2640
CHILTON INVESTMENT COMPANY INC.,Entegris Inc.,ENTG,2012-09-30,SH,5313477.0,43198570.0,5749950.0,49104570.0,1.0614,1.2483,34,25,-7.590901,reduction,INFORMATION TECHNOLOGY,3717
CHILTON INVESTMENT COMPANY INC.,Costco Co.,COST,2012-09-30,SH,430124.0,43068710.0,456680.0,43384600.0,1.0582,1.1029,35,31,-5.815013,reduction,CONSUMER STAPLES,393
CHILTON INVESTMENT COMPANY INC.,Mondelez International Inc. (Kraft Foods),MDLZ,2012-09-30,SH,1037601.0,42904800.0,0.0,0.0,1.0542,,36,999999,,new,CONSUMER STAPLES,3785
CHILTON INVESTMENT COMPANY INC.,Yum! Brands Inc. (Tricon Global Restaurants),YUM,2012-09-30,SH,640843.0,42513520.0,663334.0,42731980.0,1.0446,1.0863,37,33,-3.3906,reduction,CONSUMER DISCRETIONARY,479
CHILTON INVESTMENT COMPANY INC.,Coca Cola Co.,KO,2012-09-30,SH,1101546.0,41781640.0,1178292.0,46065330.0,1.0266,1.171,38,29,-6.513326,reduction,CONSUMER STAPLES,386
CHILTON INVESTMENT COMPANY INC.,Brown-Forman Corp. Class B,BF.B,2012-09-30,SH,1599042.5,41735010.0,1198860.0,30962560.0,1.0255,0.7871,39,49,33.380253,addition,CONSUMER STAPLES,5058
CHILTON INVESTMENT COMPANY INC.,Verisk Analytics Inc,VRSK,2012-09-30,SH,857323.0,40817150.0,973159.0,47937810.0,1.0029,1.2186,40,26,-11.903091,reduction,INDUSTRIALS,83334
CHILTON INVESTMENT COMPANY INC.,Anheuser-Busch Inbev SA ADR,BUD,2012-09-30,SH,453438.0,38954860.0,0.0,0.0,0.9572,,41,999999,,new,CONSUMER STAPLES,372
CHILTON INVESTMENT COMPANY INC.,Marvell Technology Group Ltd,MRVL,2012-09-30,SH,4186393.0,38305500.0,4137178.0,46667370.0,0.9412,1.1863,42,28,1.189579,addition,INFORMATION TECHNOLOGY,3999
CHILTON INVESTMENT COMPANY INC.,Mastercard Inc,MA,2012-09-30,SH,822570.0,37137390.0,887630.0,38177850.0,0.9125,0.9705,43,34,-7.329631,reduction,FINANCE,4044
CHILTON INVESTMENT COMPANY INC.,Blount International Inc. Class A,BLT,2012-09-30,SH,2738362.0,36036840.0,2508182.0,36744870.0,0.8855,0.9341,44,39,9.177165,addition,INDUSTRIALS,2504
CHILTON INVESTMENT COMPANY INC.,SANDISK CORP,SNDK,2012-09-30,SH,822910.0,35738980.0,973390.0,35509270.0,0.8781,0.9027,45,42,-15.459374,reduction,INFORMATION TECHNOLOGY,943
CHILTON INVESTMENT COMPANY INC.,Tiffany & Co. (DE),TIF,2012-09-30,SH,560540.0,34686220.0,212386.0,11245840.0,0.8523,0.2859,46,89,163.925117,addition,CONSUMER DISCRETIONARY,3676
CHILTON INVESTMENT COMPANY INC.,CF Industries Holdings Inc,CF,2012-09-30,SH,758135.0,33697580.0,895585.0,34702130.0,0.828,0.8822,47,44,-15.34751,reduction,MATERIALS,4
CHILTON INVESTMENT COMPANY INC.,Walmart Inc,WMT,2012-09-30,SH,1338306.0,32922330.0,1232718.0,28648370.0,0.8089,0.7283,48,53,8.565463,addition,CONSUMER STAPLES,345
CHILTON INVESTMENT COMPANY INC.,Ascena Retail Group Inc,ASNAQ,2012-09-30,SH,74442.55,31935850.0,97854.35,36440960.0,0.7847,0.9264,49,40,-23.92515,reduction,CONSUMER DISCRETIONARY,109584
CHILTON INVESTMENT COMPANY INC.,Walt Disney Co. (The),DIS,2012-09-30,SH,594438.0,31077220.0,639923.0,31036270.0,0.7636,0.789,50,48,-7.107886,reduction,COMMUNICATIONS,395
CHILTON INVESTMENT COMPANY INC.,United Parcel Service Inc. Class B,UPS,2012-09-30,SH,423837.0,30334010.0,175497.0,13822140.0,0.7453,0.3514,51,80,141.506692,addition,TRANSPORTS,3795
CHILTON INVESTMENT COMPANY INC.,ExxonMobil Corp. (Standard Oil of New Jersey),XOM,2012-09-30,SH,330612.0,30234470.0,37939.0,3246440.0,0.7429,0.0825,52,137,771.430454,addition,ENERGY,228
CHILTON INVESTMENT COMPANY INC.,Suncor Energy Inc.,SU,2012-09-30,SH,903142.0,29668210.0,1066433.0,30873240.0,0.729,0.7848,53,50,-15.311886,reduction,ENERGY,127
CHILTON INVESTMENT COMPANY INC.,First Horizon,FHN,2012-09-30,SH,2985205.0,28747520.0,2249039.0,19454190.0,0.7063,0.4945,54,68,32.732469,addition,FINANCE,3603
CHILTON INVESTMENT COMPANY INC.,Southern Copper Corp.,SCCO,2012-09-30,SH,773850.0,26589490.0,630616.0,19870710.0,0.6533,0.5051,55,67,22.713347,addition,MATERIALS,87972
CHILTON INVESTMENT COMPANY INC.,ATMEL CORP;COM USD0.001,ATML,2012-09-30,SH,5054128.0,26584710.0,3974184.0,26627030.0,0.6532,0.6769,56,55,27.173981,addition,INFORMATION TECHNOLOGY,5051
CHILTON INVESTMENT COMPANY INC.,Concho Resources Inc,CXO,2012-09-30,SH,277501.0,26293220.0,327684.0,27892460.0,0.646,0.7091,57,54,-15.314449,reduction,ENERGY,6018
CHILTON INVESTMENT COMPANY INC.,Merck & Co,MRK,2012-09-30,SH,599819.66,25812710.0,0.0,0.0,0.6342,,58,999999,,new,HEALTH CARE,431
CHILTON INVESTMENT COMPANY INC.,Unilever N.V. ADR,UN,2012-09-30,SH,724626.0,25709730.0,639303.0,21320750.0,0.6317,0.542,59,65,13.346254,addition,CONSUMER STAPLES,6451
CHILTON INVESTMENT COMPANY INC.,Dominos Pizza Inc,DPZ,2012-09-30,SH,657249.0,24778290.0,388846.0,12019230.0,0.6088,0.3055,60,88,69.025527,addition,CONSUMER DISCRETIONARY,776
CHILTON INVESTMENT COMPANY INC.,BTC iShares Silver Trust,SLV,2012-09-30,SH,723330.0,24217090.0,852842.0,22728240.0,0.595,0.5778,61,63,-15.185931,reduction,FINANCE,5927
CHILTON INVESTMENT COMPANY INC.,ChipMOS Technologies Inc,IMOS,2012-09-30,SH,1597787.44,23692520.0,1301188.0,12879190.0,0.5821,0.3274,62,83,22.794511,addition,INFORMATION TECHNOLOGY,4946
CHILTON INVESTMENT COMPANY INC.,Monsanto Co. (New),MON,2012-09-30,SH,245147.0,22313280.0,289496.0,23964480.0,0.5483,0.6092,63,59,-15.319383,reduction,MATERIALS,16
CHILTON INVESTMENT COMPANY INC.,Diageo Plc ADR,DEO,2012-09-30,SH,195494.0,22038040.0,8138.0,838780.0,0.5415,0.0213,64,159,2302.236422,addition,CONSUMER STAPLES,4107
CHILTON INVESTMENT COMPANY INC.,Target Corp.,TGT,2012-09-30,SH,332313.0,21091910.0,557697.0,32452390.0,0.5182,0.825,65,46,-40.413343,reduction,CONSUMER DISCRETIONARY,305
CHILTON INVESTMENT COMPANY INC.,EQT Corporation (Equitable Gas Co.),EQT,2012-09-30,SH,354695.0,20927010.0,418077.0,22421470.0,0.5142,0.57,66,64,-15.160365,reduction,UTILITIES AND TELECOMMUNICATIONS,3739
CHILTON INVESTMENT COMPANY INC.,Booking Holdings Inc. (Priceline),BKNG,2012-09-30,SH,33783.0,20902560.0,36222.0,24070240.0,0.5136,0.6119,67,58,-6.733477,reduction,CONSUMER DISCRETIONARY,4288
CHILTON INVESTMENT COMPANY INC.,Hollywood Casino Corp. Class A,HWD,2012-09-30,SH,1752437.0,20830100.0,2066372.0,23459320.0,0.5118,0.5964,68,60,-15.192569,reduction,CONSUMER DISCRETIONARY,5539
CHILTON INVESTMENT COMPANY INC.,Dine Brands Global Inc,DIN,2012-09-30,SH,342623.0,19186890.0,319120.0,14245520.0,0.4714,0.3621,69,79,7.364941,addition,CONSUMER DISCRETIONARY,46044
CHILTON INVESTMENT COMPANY INC.,Chesapeake Energy Corp,CHKAQ,2012-09-30,SH,5079.16,19168750.0,9726.03,36180830.0,0.471,0.9197,70,41,-47.777665,reduction,ENERGY,3533
CHILTON INVESTMENT COMPANY INC.,IMAX Corp,IMAX,2012-09-30,SH,959983.0,19113260.0,339333.0,8154170.0,0.4696,0.2073,71,100,182.90293,addition,COMMUNICATIONS,6853
CHILTON INVESTMENT COMPANY INC.,Wells Fargo & Co.  (Northwest Bancorporation),WFC,2012-09-30,SH,525411.0,18189370.0,0.0,0.0,0.4469,,72,999999,,new,FINANCE,309
CHILTON INVESTMENT COMPANY INC.,Bally Technologies Inc.,BYI,2012-09-30,SH,360286.0,17794530.0,1277353.0,59601290.0,0.4372,1.5151,73,21,-71.794328,reduction,INDUSTRIALS,3924
CHILTON INVESTMENT COMPANY INC.,SunTrust Banks Inc.,STI,2012-09-30,SH,608885.0,17213180.0,153600.0,3721730.0,0.4229,0.0946,74,134,296.409505,addition,FINANCE,11359
CHILTON INVESTMENT COMPANY INC.,Cameco Corp.,CCJ,2012-09-30,SH,879284.0,17102070.0,1038697.0,22799400.0,0.4202,0.5796,75,62,-15.347402,reduction,ENERGY,156
CHILTON INVESTMENT COMPANY INC.,SPDR(R) S&P Bank ETF-SPDR(R) S&P Bank ETF,KBE,2012-09-30,SH,704095.0,16532150.0,696096.0,15341960.0,0.4062,0.39,76,76,1.149123,addition,FINANCE,9571
CHILTON INVESTMENT COMPANY INC.,Oracle Corp,ORCL,2012-09-30,SH,518868.0,16339150.0,139937.0,4156130.0,0.4015,0.1057,77,126,270.786854,addition,INFORMATION TECHNOLOGY,20
CHILTON INVESTMENT COMPANY INC.,SSgA SPDR Gold Shares,GLD,2012-09-30,SH,94483.0,16252970.0,93955.0,14580880.0,0.3993,0.3707,78,77,0.561971,addition,MATERIALS,3418
CHILTON INVESTMENT COMPANY INC.,NovaGold Resources Inc,NG,2012-09-30,SH,2799907.0,15679480.0,3269898.0,17265060.0,0.3853,0.4389,79,75,-14.373262,reduction,MATERIALS,4095
CHILTON INVESTMENT COMPANY INC.,McMorAn Exploration Co,MMR,2012-09-30,SH,1328683.0,15612030.0,1569571.0,19886460.0,0.3836,0.5055,80,66,-15.347378,reduction,ENERGY,5132
CHILTON INVESTMENT COMPANY INC.,Intrepid Potash Inc,IPI,2012-09-30,SH,68683.7,14753260.0,81136.0,18466550.0,0.3625,0.4694,81,69,-15.347441,reduction,MATERIALS,46046
CHILTON INVESTMENT COMPANY INC.,LPL Financial Holdings Inc,LPLA,2012-09-30,SH,496514.0,14170510.0,0.0,0.0,0.3482,,82,999999,,new,FINANCE,108028
CHILTON INVESTMENT COMPANY INC.,Amphenol Corp. (1987),APH,2012-09-30,SH,934552.0,13756610.0,2754700.0,37822030.0,0.338,0.9615,83,36,-66.074273,reduction,INFORMATION TECHNOLOGY,5048
CHILTON INVESTMENT COMPANY INC.,Berkshire Hathaway Inc Class B,BRK.B,2012-09-30,SH,151829.0,13391320.0,0.0,0.0,0.329,,84,999999,,new,FINANCE,2827
CHILTON INVESTMENT COMPANY INC.,P M C SIERRA INC,PMCS,2012-09-30,SH,2253811.0,12711490.0,2228962.0,13685830.0,0.3123,0.3479,85,81,1.114824,addition,INFORMATION TECHNOLOGY,941
CHILTON INVESTMENT COMPANY INC.,Cenovus Energy Inc,CVE,2012-09-30,SH,358634.0,12511420.0,424654.0,13511460.0,0.3074,0.3435,86,82,-15.546775,reduction,ENERGY,85646
CHILTON INVESTMENT COMPANY INC.,ProShares Short 20+ Year Treasury-ProShares Short 20+ Year Treasury,TBF,2012-09-30,SH,427253.0,12428790.0,422598.0,12373670.0,0.3054,0.3145,87,85,1.10152,addition,FINANCE,110665
CHILTON INVESTMENT COMPANY INC.,Davita Inc.,DVA,2012-09-30,SH,232746.0,12057410.0,0.0,0.0,0.2963,,88,999999,,new,HEALTH CARE,3395
CHILTON INVESTMENT COMPANY INC.,GrafTech International Ltd.,GTI,2012-09-30,SH,1292027.0,11615320.0,1276796.0,12321080.0,0.2854,0.3132,89,86,1.192908,addition,INDUSTRIALS,333
CHILTON INVESTMENT COMPANY INC.,Raytheon Technologies Corp. (United Technologies),RTX,2012-09-30,SH,233772.09,11517950.0,798086.37,37935470.0,0.283,0.9644,90,35,-70.708422,reduction,INDUSTRIALS,285
CHILTON INVESTMENT COMPANY INC.,Lazard Inc.,LAZ,2012-09-30,SH,369576.0,10802710.0,200000.0,5198000.0,0.2654,0.1321,91,110,84.788,addition,FINANCE,6025
CHILTON INVESTMENT COMPANY INC.,Helmerich & Payne Inc.,HP,2012-09-30,SH,217127.0,10337420.0,253582.0,11025750.0,0.254,0.2803,92,90,-14.37602,reduction,ENERGY,5001
CHILTON INVESTMENT COMPANY INC.,GLOBE SPECIALTY METALS INC COM STK,11G.OLD:FWB2,2012-09-30,SH,669907.0,10195980.0,670176.0,9000460.0,0.2505,0.2288,93,98,-0.040139,reduction,MATERIALS,79437
CHILTON INVESTMENT COMPANY INC.,Vca Inc,WOOF,2012-09-30,SH,452239.0,8922680.0,447286.0,9831350.0,0.2192,0.2499,94,94,1.107345,addition,HEALTH CARE,5184
CHILTON INVESTMENT COMPANY INC.,Robert Half International Inc.,RHI,2012-09-30,SH,324360.0,8637710.0,320845.0,9166540.0,0.2122,0.233,95,97,1.095545,addition,INDUSTRIALS,815
CHILTON INVESTMENT COMPANY INC.,FedEx Corporation,FDX,2012-09-30,SH,100911.0,8539090.0,0.0,0.0,0.2098,,96,999999,,new,TRANSPORTS,485
CHILTON INVESTMENT COMPANY INC.,Shutterfly Inc,SFLY,2012-09-30,SH,270202.0,8408690.0,267132.0,8198280.0,0.2066,0.2084,97,99,1.149245,addition,CONSUMER DISCRETIONARY,5169
CHILTON INVESTMENT COMPANY INC.,MSC Industrial Direct Inc.,MSM,2012-09-30,SH,96877.0,6535320.0,34034.0,2230930.0,0.1606,0.0567,98,146,184.647705,addition,INDUSTRIALS,5127
CHILTON INVESTMENT COMPANY INC.,NVR Inc,NVR,2012-09-30,SH,7569.0,6392020.0,36712.0,31205200.0,0.1571,0.7933,99,47,-79.382763,reduction,CONSUMER DISCRETIONARY,2611
CHILTON INVESTMENT COMPANY INC.,Dryships Inc,DRYS,2012-09-30,SH,1.5,5903500.0,1.53,5634230.0,0.1451,0.1432,100,106,-1.960784,reduction,TRANSPORTS,11439
CHILTON INVESTMENT COMPANY INC.,Wynn Resorts Ltd,WYNN,2012-09-30,SH,50217.0,5797050.0,220311.0,22850660.0,0.1424,0.5809,101,61,-77.206313,reduction,CONSUMER DISCRETIONARY,839
CHILTON INVESTMENT COMPANY INC.,NeoPhotonics Corp,NPTN,2012-09-30,SH,930045.0,5431460.0,920545.0,4547490.0,0.1335,0.1156,102,119,1.031997,addition,INFORMATION TECHNOLOGY,110226
CHILTON INVESTMENT COMPANY INC.,Iamgold Corp,IAG,2012-09-30,SH,341220.0,5394690.0,336936.0,3975840.0,0.1326,0.1011,103,130,1.271458,addition,MATERIALS,117
CHILTON INVESTMENT COMPANY INC.,PERICOM SEMICONDUCTOR CORP COM STK,PSEM,2012-09-30,SH,588348.0,5109800.0,582181.0,5239630.0,0.1256,0.1332,104,109,1.059293,addition,INFORMATION TECHNOLOGY,5768
CHILTON INVESTMENT COMPANY INC.,Yamana Gold Inc.,AUY,2012-09-30,SH,262937.0,5024730.0,259710.0,3999530.0,0.1235,0.1017,105,129,1.24254,addition,MATERIALS,132
CHILTON INVESTMENT COMPANY INC.,Agnico-Eagle Mines Ltd,AEM,2012-09-30,SH,95841.0,4972230.0,94647.0,3829420.0,0.1222,0.0973,106,133,1.26153,addition,MATERIALS,5500
CHILTON INVESTMENT COMPANY INC.,Union Pacific Corp.,UNP,2012-09-30,SH,82802.0,4914300.0,82802.0,4939550.0,0.1207,0.1256,107,113,0.0,,TRANSPORTS,473
CHILTON INVESTMENT COMPANY INC.,Automatic Data Processing Inc,ADP,2012-09-30,SH,82582.0,4844260.0,85733.0,4771900.0,0.119,0.1213,108,115,-3.675364,reduction,INFORMATION TECHNOLOGY,201
CHILTON INVESTMENT COMPANY INC.,Lowes Companies Inc.,LOW,2012-09-30,SH,156849.0,4743110.0,164572.0,4680430.0,0.1165,0.119,109,116,-4.692779,reduction,CONSUMER DISCRETIONARY,138
CHILTON INVESTMENT COMPANY INC.,Chubb Corp.,CB,2012-09-30,SH,61729.0,4708690.0,64225.0,4676860.0,0.1157,0.1189,110,117,-3.886337,reduction,FINANCE,4311
CHILTON INVESTMENT COMPANY INC.,GoldCorp Inc.,GG,2012-09-30,SH,102482.0,4698800.0,114062.0,4286450.0,0.1155,0.109,111,121,-10.152373,reduction,MATERIALS,116
CHILTON INVESTMENT COMPANY INC.,Pepsico Inc. (Loft Inc.),PEP,2012-09-30,SH,66200.0,4684970.0,68850.0,4864940.0,0.1151,0.1237,112,114,-3.848947,reduction,CONSUMER STAPLES,264
CHILTON INVESTMENT COMPANY INC.,Procter & Gamble Co. (OH) (1905),PG,2012-09-30,SH,66357.0,4602520.0,69060.0,4229930.0,0.1131,0.1075,113,125,-3.913988,reduction,CONSUMER STAPLES,272
CHILTON INVESTMENT COMPANY INC.,Johnson & Johnson Co.,JNJ,2012-09-30,SH,65690.0,4526700.0,68230.0,4609620.0,0.1112,0.1172,114,118,-3.722703,reduction,HEALTH CARE,239
CHILTON INVESTMENT COMPANY INC.,Walgreens Boots Alliance Inc.,WBA,2012-09-30,SH,123205.0,4489590.0,129979.0,3844780.0,0.1103,0.0977,115,132,-5.211611,reduction,CONSUMER STAPLES,308
CHILTON INVESTMENT COMPANY INC.,Becton Dickinson and Co.,BDX,2012-09-30,SH,58145.18,4456470.0,175925.88,12829720.0,0.1095,0.3261,116,84,-66.949047,reduction,HEALTH CARE,4305
CHILTON INVESTMENT COMPANY INC.,Molson Coors Brewing Co,TAP,2012-09-30,SH,98546.0,4439500.0,102843.0,4279300.0,0.1091,0.1088,117,122,-4.178213,reduction,CONSUMER STAPLES,4895
CHILTON INVESTMENT COMPANY INC.,United Technologies Corp. 7.50% Corporate Units,UTX+A1,2012-09-30,SH,79000.0,4431900.0,0.0,0.0,0.1089,,118,999999,,new,INDUSTRIALS,128147
CHILTON INVESTMENT COMPANY INC.,Cadence Bank,CADE,2012-09-30,SH,297795.0,4389500.0,294563.0,4277050.0,0.1079,0.1087,119,123,1.097219,addition,FINANCE,6316
CHILTON INVESTMENT COMPANY INC.,Linde Plc.,LIN,2012-09-30,SH,40273.0,4183560.0,271639.0,29535310.0,0.1028,0.7508,120,52,-85.174073,reduction,MATERIALS,269
CHILTON INVESTMENT COMPANY INC.,Air Products & Chemicals Inc,APD,2012-09-30,SH,52202.57,3993670.0,54412.14,4063540.0,0.0981,0.1033,121,127,-4.060803,reduction,MATERIALS,363
CHILTON INVESTMENT COMPANY INC.,Emerson Electric Co.,EMR,2012-09-30,SH,82400.0,3977450.0,86006.0,4006160.0,0.0977,0.1018,122,128,-4.192731,reduction,INDUSTRIALS,227
CHILTON INVESTMENT COMPANY INC.,Abercrombie & Fitch Co.,ANF,2012-09-30,SH,116413.0,3948730.0,116413.0,3974340.0,0.097,0.101,123,131,0.0,,CONSUMER DISCRETIONARY,4063
CHILTON INVESTMENT COMPANY INC.,Tivo Corporation,TIVO,2012-09-30,SH,271664.0,3941840.0,254005.0,4983580.0,0.0969,0.1267,124,112,6.952225,addition,INFORMATION TECHNOLOGY,51057
CHILTON INVESTMENT COMPANY INC.,Kellogg Co.,K,2012-09-30,SH,71925.84,3488910.0,92580.45,4288260.0,0.0857,0.109,125,120,-22.309905,reduction,CONSUMER STAPLES,2538
CHILTON INVESTMENT COMPANY INC.,General Mills Co.,GIS,2012-09-30,SH,84087.0,3350870.0,110874.0,4273080.0,0.0823,0.1086,126,124,-24.159857,reduction,CONSUMER STAPLES,524
CHILTON INVESTMENT COMPANY INC.,PSS World Medical Inc.,PSSI,2012-09-30,SH,145228.0,3308290.0,143658.0,3015380.0,0.0813,0.0767,127,138,1.092873,addition,HEALTH CARE,6216
CHILTON INVESTMENT COMPANY INC.,Mountain Province Diamonds Inc,MPVDF,2012-09-30,SH,750155.0,3195950.0,904799.0,3699730.0,0.0785,0.0941,128,135,-17.091531,reduction,MATERIALS,434
CHILTON INVESTMENT COMPANY INC.,Wells Fargo & Co. 7.50% Non-Cumulative Perpetual Convertible Class A Preferred,WFCPRL,2012-09-30,SH,2215.0,2741860.0,2254.0,2535750.0,0.0674,0.0645,129,143,-1.730257,reduction,FINANCE,73782
CHILTON INVESTMENT COMPANY INC.,Jabil Inc,JBL,2012-09-30,SH,138000.0,2583360.0,0.0,0.0,0.0635,,130,999999,,new,INFORMATION TECHNOLOGY,1019
CHILTON INVESTMENT COMPANY INC.,7 Days Group Holdings Limited,SVN,2012-09-30,SH,220468.0,2561840.0,210642.0,2224380.0,0.0629,0.0565,131,147,4.664787,addition,CONSUMER DISCRETIONARY,7610
CHILTON INVESTMENT COMPANY INC.,Heartland Express Inc.,HTLD,2012-09-30,SH,168510.0,2251290.0,0.0,0.0,0.0553,,132,999999,,new,TRANSPORTS,6506
CHILTON INVESTMENT COMPANY INC.,Knight Transportation Inc.,KNX,2012-09-30,SH,153700.0,2197910.0,0.0,0.0,0.054,,133,999999,,new,TRANSPORTS,6510
CHILTON INVESTMENT COMPANY INC.,Avalon Advanced Materials Inc,AVLNF,2012-09-30,SH,857417.0,1682610.0,1012930.0,1533290.0,0.0413,0.039,134,150,-15.352788,reduction,MATERIALS,84355
CHILTON INVESTMENT COMPANY INC.,Hub Group Inc. Class A,HUBG,2012-09-30,SH,107946.0,1601920.0,106788.0,1932860.0,0.0394,0.0491,135,149,1.084392,addition,TRANSPORTS,6508
CHILTON INVESTMENT COMPANY INC.,Triangle Petroleum Corp,TPLM,2012-09-30,SH,285700.0,1434210.0,285700.0,1114000.0,0.0352,0.0283,136,154,0.0,,ENERGY,9407
CHILTON INVESTMENT COMPANY INC.,Spreadtrum Communications Inc,SPRD,2012-09-30,SH,68324.0,1404740.0,70686.0,1247610.0,0.0345,0.0317,137,152,-3.341539,reduction,INFORMATION TECHNOLOGY,4939
CHILTON INVESTMENT COMPANY INC.,Sanofi SA,SNY,2012-09-30,SH,31475.0,1355310.0,31272.0,1181460.0,0.0333,0.03,138,153,0.649143,addition,HEALTH CARE,4377
CHILTON INVESTMENT COMPANY INC.,Eagle Bulk Shipping Inc,EGLE,2012-09-30,SH,147.44,1354410.0,174.18,1400610.0,0.0333,0.0356,139,151,-15.351935,reduction,TRANSPORTS,6633
CHILTON INVESTMENT COMPANY INC.,Timken (Roller Bearing Axle) Co.,TKR,2012-09-30,SH,35000.0,1300600.0,0.0,0.0,0.032,,140,999999,,new,INDUSTRIALS,11404
CHILTON INVESTMENT COMPANY INC.,Nabors Industries Ltd.,NBR,2012-09-30,SH,1832.0,1285150.0,0.0,0.0,0.0316,,141,999999,,new,ENERGY,4046
CHILTON INVESTMENT COMPANY INC.,VISA Inc,V,2012-09-30,SH,36236.0,1216440.0,35616.0,1100800.0,0.0299,0.028,142,155,1.740791,addition,FINANCE,45920
CHILTON INVESTMENT COMPANY INC.,ETFS Physical Platinum Shares,PPLT,2012-09-30,SH,6416.0,1048250.0,0.0,0.0,0.0258,,143,999999,,new,FINANCE,88377
CHILTON INVESTMENT COMPANY INC.,National Instruments Corp,NATI,2012-09-30,SH,35600.0,896050.0,35215.0,945870.0,0.022,0.024,144,158,1.093284,addition,INFORMATION TECHNOLOGY,5139
CHILTON INVESTMENT COMPANY INC.,Hess Corp,HES,2012-09-30,SH,15750.0,846090.0,15750.0,684340.0,0.0208,0.0174,145,167,0.0,,ENERGY,414
CHILTON INVESTMENT COMPANY INC.,Weatherford International plc,WFTIQ,2012-09-30,SH,65100.0,825470.0,1993505.0,25177970.0,0.0203,0.64,146,56,-96.734395,reduction,ENERGY,2531
CHILTON INVESTMENT COMPANY INC.,Titanium Metals Corp,TIE,2012-09-30,SH,63100.0,809570.0,63100.0,713660.0,0.0199,0.0181,147,165,0.0,,MATERIALS,4921
CHILTON INVESTMENT COMPANY INC.,Verizon Communications (Bell Atlantic Corp.),VZ,2012-09-30,SH,16761.0,763800.0,16761.0,744860.0,0.0188,0.0189,148,164,0.0,,UTILITIES AND TELECOMMUNICATIONS,286
CHILTON INVESTMENT COMPANY INC.,Barclays PLC 8.125% Non-Cumulative Callable Dollar Preference Shares Series 5 ADR,BCS+D1,2012-09-30,SH,29100.0,754270.0,31100.0,789320.0,0.0185,0.0201,149,162,-6.430868,reduction,FINANCE,46083
CHILTON INVESTMENT COMPANY INC.,Sonoco Products Co.,SON,2012-09-30,SH,18548.0,574800.0,18228.0,549570.0,0.0141,0.014,150,172,1.755541,addition,MATERIALS,457
CHILTON INVESTMENT COMPANY INC.,Canadian Natural Resources Ltd,CNQ,2012-09-30,SH,17203.85,518810.0,17203.85,452420.0,0.0127,0.0115,151,175,0.0,,ENERGY,106
CHILTON INVESTMENT COMPANY INC.,WALTER ENERGY INC COM STK (DE),WLT,2012-09-30,SH,15800.0,512870.0,211837.0,9354720.0,0.0126,0.2378,152,96,-92.541435,reduction,INDUSTRIALS,4979
CHILTON INVESTMENT COMPANY INC.,MOLYCORP INC COM STK,MCPIQ,2012-09-30,SH,42700.0,491050.0,672965.0,14502400.0,0.0121,0.3687,153,78,-93.654945,reduction,MATERIALS,91630
CHILTON INVESTMENT COMPANY INC.,Cimarex Energy Co.,XEC,2012-09-30,SH,8350.0,488890.0,8350.0,460250.0,0.012,0.0117,154,174,0.0,,ENERGY,5066
CHILTON INVESTMENT COMPANY INC.,Cognizant Technology Solutions Corp,CTSH,2012-09-30,SH,12726.0,444900.0,8784.0,263520.0,0.0109,0.0067,155,185,44.877049,addition,INFORMATION TECHNOLOGY,3996
CHILTON INVESTMENT COMPANY INC.,Spreadtrum Communications Inc,SPRD,2012-09-30,PUT,21000.0,431760.0,0.0,0.0,0.0106,,156,999999,,new,INFORMATION TECHNOLOGY,4939
CHILTON INVESTMENT COMPANY INC.,iSoftStone Holdings Ltd,ISS,2012-09-30,SH,79729.0,424960.0,109402.0,623590.0,0.0104,0.0159,157,169,-27.122905,reduction,INFORMATION TECHNOLOGY,108023
CHILTON INVESTMENT COMPANY INC.,Companhia Siderurgica Nacional SA,SID,2012-09-30,SH,56700.0,319220.0,56700.0,321490.0,0.0078,0.0082,158,179,0.0,,MATERIALS,7078
CHILTON INVESTMENT COMPANY INC.,Wyndham Destinations Inc,TNL,2012-09-30,SH,6000.0,314880.0,6000.0,316440.0,0.0077,0.008,159,180,0.0,,CONSUMER DISCRETIONARY,1078
CHILTON INVESTMENT COMPANY INC.,Domtar Corp. (Dominion Tar & Chemical),UFS,2012-09-30,SH,7000.0,274020.0,0.0,0.0,0.0067,,160,999999,,new,MATERIALS,4947
CHILTON INVESTMENT COMPANY INC.,AXT Inc.,AXTI,2012-09-30,SH,80000.0,270400.0,90000.0,355500.0,0.0066,0.009,161,177,-11.111111,reduction,INFORMATION TECHNOLOGY,37
CHILTON INVESTMENT COMPANY INC.,Cadence Design Systems Inc.,CDNS,2012-09-30,SH,20000.0,257300.0,28000.0,307720.0,0.0063,0.0078,162,181,-28.571429,reduction,INFORMATION TECHNOLOGY,947
CHILTON INVESTMENT COMPANY INC.,Macom Techno Ord,MTSI,2012-09-30,SH,20000.0,254000.0,0.0,0.0,0.0062,,163,999999,,new,INFORMATION TECHNOLOGY,120318
CHILTON INVESTMENT COMPANY INC.,Alpha and Omega Semiconductor Ltd,AOSL,2012-09-30,SH,25000.0,215250.0,30000.0,274500.0,0.0053,0.007,164,184,-16.666667,reduction,INFORMATION TECHNOLOGY,90420
CHILTON INVESTMENT COMPANY INC.,Excel Maritime,EXMCQ,2012-09-30,SH,303188.0,210720.0,358174.0,198790.0,0.0052,0.0051,165,187,-15.351756,reduction,TRANSPORTS,332
CHILTON INVESTMENT COMPANY INC.,Velti PLC,VELTF,2012-09-30,SH,25000.0,209250.0,0.0,0.0,0.0051,,166,999999,,new,INFORMATION TECHNOLOGY,110694
CHILTON INVESTMENT COMPANY INC.,Rubicon Technology Inc,RBCN,2012-09-30,SH,2000.0,191600.0,0.0,0.0,0.0047,,167,999999,,new,INFORMATION TECHNOLOGY,5565
CHILTON INVESTMENT COMPANY INC.,Ciena Corp,CIEN,2012-09-30,SH,12000.0,163200.0,15000.0,245550.0,0.004,0.0062,168,186,-20.0,reduction,INFORMATION TECHNOLOGY,59
CHILTON INVESTMENT COMPANY INC.,SILICON IMAGE INC,SIMG,2012-09-30,SH,20000.0,91800.0,40000.0,165600.0,0.0023,0.0042,169,188,-50.0,reduction,INFORMATION TECHNOLOGY,304
CHILTON INVESTMENT COMPANY INC.,Trilogy Metals,TMQ,2012-09-30,SH,33208.0,71400.0,543411.0,1092260.0,0.0018,0.0278,170,156,-93.888972,reduction,MATERIALS,123606
CHILTON INVESTMENT COMPANY INC.,Remark Holdings Inc,MARK,2012-09-30,SH,4200.0,70560.0,4200.0,142800.0,0.0017,0.0036,171,189,0.0,,INFORMATION TECHNOLOGY,7225
CHILTON INVESTMENT COMPANY INC.,Kodiak Oil & Gas Corp.,KOG,2012-09-30,SH,0.0,0.0,2233733.0,18349200.0,,0.4665,999999,70,-100.0,soldall,ENERGY,120
CHILTON INVESTMENT COMPANY INC.,Microsoft Corp.,MSFT,2012-09-30,SH,0.0,0.0,24960.0,763530.0,,0.0194,999999,163,-100.0,soldall,INFORMATION TECHNOLOGY,178
CHILTON INVESTMENT COMPANY INC.,Apple Inc,AAPL,2012-09-30,SH,0.0,0.0,128604.0,2682310.0,,0.0682,999999,141,-100.0,soldall,INFORMATION TECHNOLOGY,195
CHILTON INVESTMENT COMPANY INC.,World Kinect Corp,WKC,2012-09-30,SH,0.0,0.0,17950.0,682640.0,,0.0174,999999,168,-100.0,soldall,ENERGY,288
CHILTON INVESTMENT COMPANY INC.,Starbucks Corp.,SBUX,2012-09-30,SH,0.0,0.0,25940.0,691560.0,,0.0176,999999,166,-100.0,soldall,CONSUMER DISCRETIONARY,360
CHILTON INVESTMENT COMPANY INC.,Beam Inc,BEAM,2012-09-30,SH,0.0,0.0,385326.0,24079020.0,,0.6121,999999,57,-100.0,soldall,CONSUMER DISCRETIONARY,503
CHILTON INVESTMENT COMPANY INC.,Adeia Inc,ADEA,2012-09-30,SH,0.0,0.0,546504.84,2222160.0,,0.0565,999999,148,-100.0,soldall,INFORMATION TECHNOLOGY,929
CHILTON INVESTMENT COMPANY INC.,Destination XL Group Inc.,DXLG,2012-09-30,SH,0.0,0.0,635000.0,2305050.0,,0.0586,999999,145,-100.0,soldall,CONSUMER DISCRETIONARY,988
CHILTON INVESTMENT COMPANY INC.,Seagate Technology plc,STX,2012-09-30,SH,0.0,0.0,263470.0,6515610.0,,0.1656,999999,104,-100.0,soldall,INFORMATION TECHNOLOGY,2526
CHILTON INVESTMENT COMPANY INC.,Eagle Materials Inc.,EXP,2012-09-30,SH,0.0,0.0,470855.0,17581730.0,,0.4469,999999,74,-100.0,soldall,MATERIALS,2704
CHILTON INVESTMENT COMPANY INC.,Buffalo Wild Wings Inc,BWLD,2012-09-30,SH,0.0,0.0,40000.0,3465600.0,,0.0881,999999,136,-100.0,soldall,CONSUMER DISCRETIONARY,2727
CHILTON INVESTMENT COMPANY INC.,Freightcar America Inc,RAIL,2012-09-30,SH,0.0,0.0,298338.0,6852820.0,,0.1742,999999,102,-100.0,soldall,INDUSTRIALS,2768
CHILTON INVESTMENT COMPANY INC.,MeadWestvaco Corporation,MWV,2012-09-30,SH,0.0,0.0,100000.0,2875000.0,,0.0731,999999,139,-100.0,soldall,MATERIALS,3629
CHILTON INVESTMENT COMPANY INC.,Valassis Communications Inc.,VCI,2012-09-30,SH,0.0,0.0,506174.0,11009280.0,,0.2799,999999,91,-100.0,soldall,CONSUMER DISCRETIONARY,3831
CHILTON INVESTMENT COMPANY INC.,NIKE Inc.,NKE,2012-09-30,SH,0.0,0.0,242080.0,5312450.0,,0.135,999999,107,-100.0,soldall,CONSUMER DISCRETIONARY,4000
CHILTON INVESTMENT COMPANY INC.,Alphabet Inc. Class A,GOOGL,2012-09-30,SH,0.0,0.0,1277580.0,37054290.0,,0.942,999999,38,-100.0,soldall,COMMUNICATIONS,4112
CHILTON INVESTMENT COMPANY INC.,Novartis AG ADS,NVS,2012-09-30,SH,0.0,0.0,207289.19,10383030.0,,0.2639,999999,93,-100.0,soldall,HEALTH CARE,4136
CHILTON INVESTMENT COMPANY INC.,Coeur Mining Inc.,CDE,2012-09-30,SH,0.0,0.0,45800.0,804250.0,,0.0204,999999,161,-100.0,soldall,MATERIALS,4989
CHILTON INVESTMENT COMPANY INC.,Astoria Financial Corp.,AF,2012-09-30,SH,0.0,0.0,822589.0,8061370.0,,0.2049,999999,101,-100.0,soldall,FINANCE,5050
CHILTON INVESTMENT COMPANY INC.,Denbury Inc,DNRCQ,2012-09-30,SH,0.0,0.0,29250.0,441970.0,,0.0112,999999,176,-100.0,soldall,ENERGY,5073
CHILTON INVESTMENT COMPANY INC.,Newfield Exploration Co. Inc,NFX,2012-09-30,SH,0.0,0.0,53152.9,583270.0,,0.0148,999999,171,-100.0,soldall,ENERGY,5143
CHILTON INVESTMENT COMPANY INC.,SEI Investments Co.,SEIC,2012-09-30,SH,0.0,0.0,14200.0,282440.0,,0.0072,999999,183,-100.0,soldall,FINANCE,5163
CHILTON INVESTMENT COMPANY INC.,Advantage Oil & Gas Ltd,AAVVF,2012-09-30,SH,0.0,0.0,2250960.0,6637640.0,,0.1687,999999,103,-100.0,soldall,ENERGY,5346
CHILTON INVESTMENT COMPANY INC.,Alexco Resource Corp,AXU,2012-09-30,SH,0.0,0.0,614119.0,2708260.0,,0.0688,999999,140,-100.0,soldall,MATERIALS,5501
CHILTON INVESTMENT COMPANY INC.,Endeavour Silver Corp,EXK,2012-09-30,SH,0.0,0.0,635324.0,5139490.0,,0.1307,999999,111,-100.0,soldall,MATERIALS,5523
CHILTON INVESTMENT COMPANY INC.,Teck Resources Ltd,TECK,2012-09-30,SH,0.0,0.0,574277.0,17768130.0,,0.4517,999999,73,-100.0,soldall,MATERIALS,5572
CHILTON INVESTMENT COMPANY INC.,Brightpoint Inc.,CELL,2012-09-30,SH,0.0,0.0,5668527.0,30666730.0,,0.7796,999999,51,-100.0,soldall,INFORMATION TECHNOLOGY,5682
CHILTON INVESTMENT COMPANY INC.,Continental Resources Inc,CLR,2012-09-30,SH,0.0,0.0,15900.0,529630.0,,0.0135,999999,173,-100.0,soldall,ENERGY,6338
CHILTON INVESTMENT COMPANY INC.,KEURIG GREEN MTN INC,GMCR,2012-09-30,SH,0.0,0.0,50000.0,1089000.0,,0.0277,999999,157,-100.0,soldall,CONSUMER STAPLES,6362
CHILTON INVESTMENT COMPANY INC.,Genco Shipping & Trading Ltd,GNK,2012-09-30,SH,0.0,0.0,75864.3,2313860.0,,0.0588,999999,144,-100.0,soldall,TRANSPORTS,6475
CHILTON INVESTMENT COMPANY INC.,Whiting Petroleum Corp,WLL,2012-09-30,SH,0.0,0.0,2112.5,347460.0,,0.0088,999999,178,-100.0,soldall,ENERGY,6888
CHILTON INVESTMENT COMPANY INC.,PLX TECHNOLOGY INC,PLXT,2012-09-30,SH,0.0,0.0,925063.0,5874150.0,,0.1493,999999,105,-100.0,soldall,INFORMATION TECHNOLOGY,7451
CHILTON INVESTMENT COMPANY INC.,United States Oil Fund,USO,2012-09-30,SH,0.0,0.0,70177.25,17864320.0,,0.4541,999999,72,-100.0,soldall,FINANCE,7651
CHILTON INVESTMENT COMPANY INC.,North American Palladium Ltd,PALDF,2012-09-30,SH,0.0,0.0,2586590.0,5250780.0,,0.1335,999999,108,-100.0,soldall,MATERIALS,8102
CHILTON INVESTMENT COMPANY INC.,Sothebys Holdings Inc.,BID,2012-09-30,SH,0.0,0.0,366198.0,12216370.0,,0.3106,999999,87,-100.0,soldall,CONSUMER DISCRETIONARY,11400
CHILTON INVESTMENT COMPANY INC.,Platinum Group Metals Ltd,PLG,2012-09-30,SH,0.0,0.0,30652.85,2561030.0,,0.0651,999999,142,-100.0,soldall,MATERIALS,11994
CHILTON INVESTMENT COMPANY INC.,Cloud Peak Energy Inc,CLDPQ,2012-09-30,SH,0.0,0.0,571417.0,9662660.0,,0.2456,999999,95,-100.0,soldall,ENERGY,85582
CHILTON INVESTMENT COMPANY INC.,Excel Trust Inc,EXL,2012-09-30,SH,0.0,0.0,49046.0,586590.0,,0.0149,999999,170,-100.0,soldall,REAL ESTATE,88978
CHILTON INVESTMENT COMPANY INC.,Zynga Inc.,ZNGA,2012-09-30,SH,0.0,0.0,2018778.0,10982150.0,,0.2792,999999,92,-100.0,soldall,INFORMATION TECHNOLOGY,115965
CHILTON INVESTMENT COMPANY INC.,Annies Inc,BNNY,2012-09-30,SH,0.0,0.0,19949.0,835070.0,,0.0212,999999,160,-100.0,soldall,CONSUMER STAPLES,120962
