Filer Name,Stock Name,Stock Ticker,Quarter Date,Type of Security,Current Shares Held,Current Market Value,Previous Shares Held,Previous Market Value,Current % of Portfolio,Previous % of Portfolio,Current Rank,Previous Rank,Change in Shares,Type of Change,Sector,stock_id
CHILTON INVESTMENT COMPANY INC.,Sherwin-Williams Co.,SHW,2020-12-31,SH,1246341.0,305316000.0,1239750.0,287928000.0,8.7109,8.4753,1,1,0.531639,addition,MATERIALS,11358
CHILTON INVESTMENT COMPANY INC.,Ball Corp.,BALL,2020-12-31,SH,3210917.0,299193000.0,3280621.0,272685000.0,8.5362,8.0266,2,2,-2.12472,reduction,MATERIALS,11340
CHILTON INVESTMENT COMPANY INC.,Microsoft Corp.,MSFT,2020-12-31,SH,1117813.0,248624000.0,1177392.0,247641000.0,7.0934,7.2894,3,3,-5.060252,reduction,INFORMATION TECHNOLOGY,178
CHILTON INVESTMENT COMPANY INC.,Home Depot Inc. (The),HD,2020-12-31,SH,799926.0,212476000.0,801838.0,222679000.0,6.0621,6.5547,4,4,-0.238452,reduction,CONSUMER DISCRETIONARY,354
CHILTON INVESTMENT COMPANY INC.,Mastercard Inc,MA,2020-12-31,SH,560362.0,200016000.0,597915.0,202197000.0,5.7066,5.9518,5,5,-6.280659,reduction,FINANCE,4044
CHILTON INVESTMENT COMPANY INC.,Union Pacific Corp.,UNP,2020-12-31,SH,813124.0,169309000.0,801358.0,157763000.0,4.8305,4.6438,6,6,1.468258,addition,TRANSPORTS,473
CHILTON INVESTMENT COMPANY INC.,Costco Co.,COST,2020-12-31,SH,422437.0,159166000.0,428984.0,152289000.0,4.5411,4.4827,7,7,-1.526164,reduction,CONSUMER STAPLES,393
CHILTON INVESTMENT COMPANY INC.,Kansas City Southern Industries Inc.,KSU,2020-12-31,SH,679476.0,138701000.0,587678.0,106270000.0,3.9572,3.1281,8,11,15.620459,addition,TRANSPORTS,4957
CHILTON INVESTMENT COMPANY INC.,Mettler-Toledo International Inc.,MTD,2020-12-31,SH,120880.0,137765000.0,121754.0,117584000.0,3.9305,3.4611,9,10,-0.717841,reduction,INFORMATION TECHNOLOGY,5469
CHILTON INVESTMENT COMPANY INC.,Cintas Corporation,CTAS,2020-12-31,SH,373207.0,131914000.0,394252.0,131219000.0,3.7636,3.8625,10,8,-5.337956,reduction,INDUSTRIALS,4809
CHILTON INVESTMENT COMPANY INC.,Republic Services Inc.,RSG,2020-12-31,SH,1331608.0,128234000.0,1318681.0,123099000.0,3.6586,3.6235,11,9,0.980298,addition,INDUSTRIALS,5160
CHILTON INVESTMENT COMPANY INC.,CSX Corp,CSX,2020-12-31,SH,3735000.0,112984000.0,3929601.0,101737000.0,3.2235,2.9947,12,12,-4.952182,reduction,TRANSPORTS,220
CHILTON INVESTMENT COMPANY INC.,Thermo Fisher Scientific Inc.,TMO,2020-12-31,SH,227619.0,106020000.0,207249.0,91505000.0,3.0248,2.6935,13,14,9.828757,addition,HEALTH CARE,468
CHILTON INVESTMENT COMPANY INC.,Moodys Corp,MCO,2020-12-31,SH,351548.0,102033000.0,350567.0,101612000.0,2.9111,2.991,14,13,0.279832,addition,FINANCE,2707
CHILTON INVESTMENT COMPANY INC.,Dominos Pizza Inc,DPZ,2020-12-31,SH,230203.0,88274000.0,208772.0,88787000.0,2.5185,2.6135,15,15,10.265265,addition,CONSUMER DISCRETIONARY,776
CHILTON INVESTMENT COMPANY INC.,Five Below Inc,FIVE,2020-12-31,SH,500002.0,87490000.0,511881.0,65009000.0,2.4961,1.9136,16,19,-2.320657,reduction,CONSUMER DISCRETIONARY,129123
CHILTON INVESTMENT COMPANY INC.,Intuit Inc.,INTU,2020-12-31,SH,182610.0,69364000.0,247057.0,80592000.0,1.979,2.3723,17,16,-26.085883,reduction,INFORMATION TECHNOLOGY,793
CHILTON INVESTMENT COMPANY INC.,Zoetis Inc.,ZTS,2020-12-31,SH,390757.0,64670000.0,396529.0,65574000.0,1.8451,1.9302,18,18,-1.455631,reduction,HEALTH CARE,138718
CHILTON INVESTMENT COMPANY INC.,Pool Corp,POOL,2020-12-31,SH,169103.0,62991000.0,168043.0,56217000.0,1.7972,1.6548,19,20,0.630791,addition,CONSUMER DISCRETIONARY,3887
CHILTON INVESTMENT COMPANY INC.,Danaher Corp.,DHR,2020-12-31,SH,300810.53,59239000.0,11319.48,2161000.0,1.6901,0.0636,20,73,2557.458912,addition,HEALTH CARE,4323
CHILTON INVESTMENT COMPANY INC.,Ecolab Inc.,ECL,2020-12-31,SH,230474.0,49865000.0,255559.0,51071000.0,1.4227,1.5033,21,21,-9.815737,reduction,MATERIALS,11345
CHILTON INVESTMENT COMPANY INC.,Pepsico Inc. (Loft Inc.),PEP,2020-12-31,SH,308331.0,45725000.0,310155.0,42987000.0,1.3046,1.2653,22,23,-0.588093,reduction,CONSUMER STAPLES,264
CHILTON INVESTMENT COMPANY INC.,Toro Co,TTC,2020-12-31,SH,407756.0,38672000.0,401459.0,33702000.0,1.1033,0.992,23,26,1.568529,addition,INDUSTRIALS,5034
CHILTON INVESTMENT COMPANY INC.,UnitedHealth Group Inc.,UNH,2020-12-31,SH,101759.0,35685000.0,220236.0,68663000.0,1.0181,2.0211,24,17,-53.795474,reduction,HEALTH CARE,153
CHILTON INVESTMENT COMPANY INC.,VISA Inc,V,2020-12-31,SH,133992.0,29308000.0,243241.0,48641000.0,0.8362,1.4318,25,22,-44.913892,reduction,FINANCE,45920
CHILTON INVESTMENT COMPANY INC.,Deere & Co.,DE,2020-12-31,SH,103769.0,27919000.0,112020.0,24827000.0,0.7965,0.7308,26,27,-7.365649,reduction,INDUSTRIALS,222
CHILTON INVESTMENT COMPANY INC.,American Public Education Inc,APEI,2020-12-31,SH,739055.0,22526000.0,264083.0,7445000.0,0.6427,0.2191,27,45,179.85709,addition,CONSUMER DISCRETIONARY,5595
CHILTON INVESTMENT COMPANY INC.,Vroom Inc.,VRM,2020-12-31,SH,6633.21,21741000.0,4594.46,19032000.0,0.6203,0.5602,28,31,44.374094,addition,CONSUMER DISCRETIONARY,241245
CHILTON INVESTMENT COMPANY INC.,McDonalds Corp.,MCD,2020-12-31,SH,91596.0,19655000.0,92621.0,20329000.0,0.5608,0.5984,29,29,-1.10666,reduction,CONSUMER DISCRETIONARY,250
CHILTON INVESTMENT COMPANY INC.,Capital One Financial Corp,COF,2020-12-31,SH,192847.0,19063000.0,0.0,0.0,0.5439,,30,999999,,new,FINANCE,3587
CHILTON INVESTMENT COMPANY INC.,Adaptive Biotechnologies Corp,ADPT,2020-12-31,SH,317754.0,18789000.0,188768.0,9180000.0,0.5361,0.2702,31,39,68.330437,addition,HEALTH CARE,211777
CHILTON INVESTMENT COMPANY INC.,PayPal Holdings Inc,PYPL,2020-12-31,SH,63555.0,14885000.0,62415.0,12298000.0,0.4247,0.362,32,35,1.826484,addition,COMMUNICATIONS,178356
CHILTON INVESTMENT COMPANY INC.,Ulta Beauty Inc,ULTA,2020-12-31,SH,51082.0,14669000.0,102416.0,22939000.0,0.4185,0.6752,33,28,-50.123028,reduction,CONSUMER DISCRETIONARY,8297
CHILTON INVESTMENT COMPANY INC.,Merck & Co,MRK,2020-12-31,SH,181404.61,14159000.0,102790.98,8136000.0,0.404,0.2395,34,42,76.479113,addition,HEALTH CARE,431
CHILTON INVESTMENT COMPANY INC.,Blackstone Group Inc,BX,2020-12-31,SH,212092.0,13746000.0,672068.0,35082000.0,0.3922,1.0327,35,24,-68.441884,reduction,FINANCE,4162
CHILTON INVESTMENT COMPANY INC.,IDEXX Laboratories Inc.,IDXX,2020-12-31,SH,25993.0,12993000.0,26304.0,10340000.0,0.3707,0.3044,36,37,-1.18233,reduction,HEALTH CARE,4037
CHILTON INVESTMENT COMPANY INC.,Coca Cola Co.,KO,2020-12-31,SH,229188.0,12569000.0,233836.0,11544000.0,0.3586,0.3398,37,36,-1.987718,reduction,CONSUMER STAPLES,386
CHILTON INVESTMENT COMPANY INC.,Tractor Supply Company,TSCO,2020-12-31,SH,84419.0,11868000.0,86459.0,12393000.0,0.3386,0.3648,38,34,-2.3595,reduction,CONSUMER DISCRETIONARY,5178
CHILTON INVESTMENT COMPANY INC.,Lockheed Martin Corp.,LMT,2020-12-31,SH,33389.0,11852000.0,33054.0,12669000.0,0.3381,0.3729,39,33,1.013493,addition,INDUSTRIALS,245
CHILTON INVESTMENT COMPANY INC.,OReilly Automotive Inc.,ORLY,2020-12-31,SH,23181.0,10491000.0,73294.0,33794000.0,0.2993,0.9947,40,25,-68.372582,reduction,CONSUMER DISCRETIONARY,5148
CHILTON INVESTMENT COMPANY INC.,Wells Fargo & Co. 7.50% Non-Cumulative Perpetual Convertible Class A Preferred,WFCPRL,2020-12-31,SH,6425.0,9753000.0,6425.0,8623000.0,0.2783,0.2538,41,41,0.0,,FINANCE,73782
CHILTON INVESTMENT COMPANY INC.,RPM International Inc.,RPM,2020-12-31,SH,98668.0,8957000.0,120722.0,10001000.0,0.2555,0.2944,42,38,-18.268418,reduction,MATERIALS,4373
CHILTON INVESTMENT COMPANY INC.,Simply Good Foods Co/The,SMPL,2020-12-31,SH,281575.0,8830000.0,201796.0,4450000.0,0.2519,0.131,43,56,39.53448,addition,CONSUMER STAPLES,202483
CHILTON INVESTMENT COMPANY INC.,Apple Inc,AAPL,2020-12-31,SH,46559.0,6178000.0,49477.0,5730000.0,0.1763,0.1687,44,51,-5.89769,reduction,INFORMATION TECHNOLOGY,195
CHILTON INVESTMENT COMPANY INC.,Zebra Technologies Corp,ZBRA,2020-12-31,SH,15951.0,6130000.0,17291.0,4365000.0,0.1749,0.1285,45,57,-7.749696,reduction,INFORMATION TECHNOLOGY,4407
CHILTON INVESTMENT COMPANY INC.,Berkshire Hathaway Inc Class A,BRK.A,2020-12-31,SH,17.0,5913000.0,17.0,5440000.0,0.1687,0.1601,46,52,0.0,,FINANCE,4161
CHILTON INVESTMENT COMPANY INC.,Linde Plc.,LIN,2020-12-31,SH,22372.0,5895000.0,27059.0,6444000.0,0.1682,0.1897,47,47,-17.321409,reduction,MATERIALS,269
CHILTON INVESTMENT COMPANY INC.,Medtronic Plc,MDT,2020-12-31,SH,44480.0,5210000.0,47363.0,4922000.0,0.1486,0.1449,48,54,-6.08703,reduction,HEALTH CARE,297
CHILTON INVESTMENT COMPANY INC.,New Mountain Finance Corp,NMFC,2020-12-31,SH,447159.0,5080000.0,546999.0,5229000.0,0.1449,0.1539,49,53,-18.252319,reduction,INDUSTRIALS,112197
CHILTON INVESTMENT COMPANY INC.,Clorox Co.,CLX,2020-12-31,SH,22781.0,4600000.0,13905.0,2922000.0,0.1312,0.086,50,65,63.833154,addition,CONSUMER STAPLES,11327
CHILTON INVESTMENT COMPANY INC.,iShares Russell 1000 ETF-iShares Russell 1000 ETF,IWB,2020-12-31,SH,21250.0,4502000.0,21250.0,3977000.0,0.1284,0.1171,51,58,0.0,,FINANCE,4119
CHILTON INVESTMENT COMPANY INC.,Skyworks Solutions Inc.,SWKS,2020-12-31,SH,28647.0,4380000.0,26188.0,3810000.0,0.125,0.1121,52,60,9.389797,addition,INFORMATION TECHNOLOGY,2785
CHILTON INVESTMENT COMPANY INC.,Alphabet Inc. Class A,GOOGL,2020-12-31,SH,48160.0,4220000.0,51660.0,3786000.0,0.1204,0.1114,53,61,-6.775068,reduction,COMMUNICATIONS,4112
CHILTON INVESTMENT COMPANY INC.,Skyline Champion Corp,SKY,2020-12-31,SH,124490.0,3852000.0,82101.0,2198000.0,0.1099,0.0647,54,72,51.630309,addition,CONSUMER DISCRETIONARY,7565
CHILTON INVESTMENT COMPANY INC.,CarMax Inc.,KMX,2020-12-31,SH,37034.0,3498000.0,88028.0,8091000.0,0.0998,0.2382,55,43,-57.929295,reduction,CONSUMER DISCRETIONARY,5061
CHILTON INVESTMENT COMPANY INC.,Canada Goose Holdings Inc,GOOS,2020-12-31,SH,114528.0,3409000.0,230100.0,7402000.0,0.0973,0.2179,56,46,-50.226858,reduction,CONSUMER DISCRETIONARY,198643
CHILTON INVESTMENT COMPANY INC.,Dun & Bradstreet Holdings Inc.,DNB,2020-12-31,SH,134098.0,3339000.0,237844.0,6103000.0,0.0953,0.1796,57,49,-43.619347,reduction,INFORMATION TECHNOLOGY,5078
CHILTON INVESTMENT COMPANY INC.,United Parcel Service Inc. Class B,UPS,2020-12-31,SH,18599.0,3132000.0,18946.0,3157000.0,0.0894,0.0929,58,62,-1.831521,reduction,TRANSPORTS,3795
CHILTON INVESTMENT COMPANY INC.,Alphabet Inc. Class C,GOOG,2020-12-31,SH,34760.0,3045000.0,39800.0,2925000.0,0.0869,0.0861,59,64,-12.663317,reduction,COMMUNICATIONS,166886
CHILTON INVESTMENT COMPANY INC.,Texas Instruments Inc.,TXN,2020-12-31,SH,18498.0,3036000.0,20250.0,2892000.0,0.0866,0.0851,60,66,-8.651852,reduction,INFORMATION TECHNOLOGY,128
CHILTON INVESTMENT COMPANY INC.,Berkeley (W.R.) Corp.,WRB,2020-12-31,SH,65139.0,2884000.0,188862.0,7699000.0,0.0823,0.2266,61,44,-65.509737,reduction,FINANCE,543
CHILTON INVESTMENT COMPANY INC.,Berkshire Hathaway Inc Class B,BRK.B,2020-12-31,SH,12395.0,2874000.0,12671.0,2698000.0,0.082,0.0794,62,67,-2.178202,reduction,FINANCE,2827
CHILTON INVESTMENT COMPANY INC.,Hershey Company (The),HSY,2020-12-31,SH,18029.0,2746000.0,17859.0,2560000.0,0.0783,0.0754,63,69,0.951901,addition,CONSUMER STAPLES,2832
CHILTON INVESTMENT COMPANY INC.,Abbott Laboratories,ABT,2020-12-31,SH,24652.0,2699000.0,28116.0,3060000.0,0.077,0.0901,64,63,-12.320387,reduction,HEALTH CARE,189
CHILTON INVESTMENT COMPANY INC.,TJX Companies Inc.,TJX,2020-12-31,SH,38263.0,2613000.0,37666.0,2096000.0,0.0746,0.0617,65,74,1.584984,addition,CONSUMER DISCRETIONARY,185
CHILTON INVESTMENT COMPANY INC.,First of Long Island Corp,FLIC,2020-12-31,SH,141074.0,2518000.0,139450.0,2065000.0,0.0718,0.0608,66,75,1.164575,addition,FINANCE,9647
CHILTON INVESTMENT COMPANY INC.,U.S. Bancorp (First National Bank of Cincinnati),USB,2020-12-31,SH,51610.0,2405000.0,41162.0,1476000.0,0.0686,0.0434,67,82,25.382634,addition,FINANCE,471
CHILTON INVESTMENT COMPANY INC.,Automatic Data Processing Inc,ADP,2020-12-31,SH,13459.0,2371000.0,32832.0,4580000.0,0.0676,0.1348,68,55,-59.006457,reduction,INFORMATION TECHNOLOGY,201
CHILTON INVESTMENT COMPANY INC.,JPMorgan Chase & Co. (Chemical Bank),JPM,2020-12-31,SH,17734.0,2253000.0,19787.0,1905000.0,0.0643,0.0561,69,76,-10.375499,reduction,FINANCE,240
CHILTON INVESTMENT COMPANY INC.,Johnson & Johnson Co.,JNJ,2020-12-31,SH,12692.0,1997000.0,12608.0,1877000.0,0.057,0.0553,70,77,0.666244,addition,HEALTH CARE,239
CHILTON INVESTMENT COMPANY INC.,Vmware Inc,VMW,2020-12-31,SH,14093.0,1977000.0,133590.0,19193000.0,0.0564,0.565,71,30,-89.450558,reduction,INFORMATION TECHNOLOGY,11431
CHILTON INVESTMENT COMPANY INC.,Enterprise Products Partners LP,EPD,2020-12-31,SH,100154.0,1962000.0,100154.0,1581000.0,0.056,0.0465,72,79,0.0,,ENERGY,3822
CHILTON INVESTMENT COMPANY INC.,BlackRock Inc. Class A,BLK,2020-12-31,SH,2655.0,1916000.0,2737.0,1542000.0,0.0547,0.0454,73,80,-2.995981,reduction,FINANCE,5029
CHILTON INVESTMENT COMPANY INC.,Desktop Metal Inc,DM,2020-12-31,SH,93285.0,1605000.0,0.0,0.0,0.0458,,74,999999,,new,FINANCE,211867
CHILTON INVESTMENT COMPANY INC.,Amazon.com Inc.,AMZN,2020-12-31,SH,9340.0,1521000.0,14120.0,2223000.0,0.0434,0.0654,75,71,-33.852691,reduction,CONSUMER DISCRETIONARY,3573
CHILTON INVESTMENT COMPANY INC.,Blackstone Mortgage Trust Inc.,BXMT,2020-12-31,SH,49500.0,1363000.0,34592.0,760000.0,0.0389,0.0224,76,94,43.09667,addition,REAL ESTATE,140860
CHILTON INVESTMENT COMPANY INC.,Estee Lauder Companies Inc.,EL,2020-12-31,SH,4886.0,1301000.0,4959.0,1082000.0,0.0371,0.0318,77,87,-1.472071,reduction,CONSUMER STAPLES,5031
CHILTON INVESTMENT COMPANY INC.,Nordstrom Inc.,JWN,2020-12-31,SH,39806.0,1242000.0,115300.0,1374000.0,0.0354,0.0404,78,83,-65.476149,reduction,CONSUMER DISCRETIONARY,258
CHILTON INVESTMENT COMPANY INC.,Procter & Gamble Co. (OH) (1905),PG,2020-12-31,SH,8407.0,1170000.0,8407.0,1169000.0,0.0334,0.0344,79,86,0.0,,CONSUMER STAPLES,272
CHILTON INVESTMENT COMPANY INC.,Walt Disney Co. (The),DIS,2020-12-31,SH,6219.0,1127000.0,6269.0,778000.0,0.0322,0.0229,80,93,-0.797575,reduction,COMMUNICATIONS,395
CHILTON INVESTMENT COMPANY INC.,Booking Holdings Inc. (Priceline),BKNG,2020-12-31,SH,492.0,1096000.0,943.0,1613000.0,0.0313,0.0475,81,78,-47.826087,reduction,CONSUMER DISCRETIONARY,4288
CHILTON INVESTMENT COMPANY INC.,Hasbro Inc.,HAS,2020-12-31,SH,11284.0,1056000.0,28035.0,2319000.0,0.0301,0.0683,82,70,-59.750312,reduction,CONSUMER DISCRETIONARY,2610
CHILTON INVESTMENT COMPANY INC.,AbbVie Inc,ABBV,2020-12-31,SH,9697.0,1039000.0,10430.0,914000.0,0.0296,0.0269,83,90,-7.027804,reduction,HEALTH CARE,133912
CHILTON INVESTMENT COMPANY INC.,VANGUARD MORTGAGE-BACKED SECURITIES INDEX FUND-ETF Shares,VMBS,2020-12-31,SH,17876.0,967000.0,22601.0,1227000.0,0.0276,0.0361,84,85,-20.906155,reduction,FINANCE,85926
CHILTON INVESTMENT COMPANY INC.,Stryker Corp.,SYK,2020-12-31,SH,3628.0,889000.0,3594.0,749000.0,0.0254,0.022,85,96,0.946021,addition,HEALTH CARE,282
CHILTON INVESTMENT COMPANY INC.,Meta Platforms Inc,META,2020-12-31,SH,3126.0,854000.0,3150.0,825000.0,0.0244,0.0243,86,91,-0.761905,reduction,COMMUNICATIONS,123861
CHILTON INVESTMENT COMPANY INC.,Norfolk Southern Corp.,NSC,2020-12-31,SH,3324.0,790000.0,3216.0,688000.0,0.0225,0.0203,87,100,3.358209,addition,TRANSPORTS,440
CHILTON INVESTMENT COMPANY INC.,Fastenal Co.,FAST,2020-12-31,SH,15970.0,780000.0,15970.0,720000.0,0.0223,0.0212,88,97,0.0,,INDUSTRIALS,3446
CHILTON INVESTMENT COMPANY INC.,AT&T Inc. (Southwestern Bell - SBC Corp.),T,2020-12-31,SH,35247.53,766000.0,35247.53,759000.0,0.0219,0.0223,89,95,0.0,,UTILITIES AND TELECOMMUNICATIONS,200
CHILTON INVESTMENT COMPANY INC.,Peloton Interactive Inc,PTON,2020-12-31,SH,4892.0,742000.0,4892.0,485000.0,0.0212,0.0143,90,109,0.0,,CONSUMER DISCRETIONARY,212213
CHILTON INVESTMENT COMPANY INC.,Korro Bio Inc.,KRRO,2020-12-31,SH,414.1,730000.0,414.1,398000.0,0.0208,0.0117,91,119,0.0,,HEALTH CARE,212277
CHILTON INVESTMENT COMPANY INC.,Magellan Midstream Partners LP,MMP,2020-12-31,SH,16232.0,689000.0,27757.0,949000.0,0.0197,0.0279,92,89,-41.521058,reduction,ENERGY,3802
CHILTON INVESTMENT COMPANY INC.,NIKE Inc.,NKE,2020-12-31,SH,4638.0,656000.0,4718.0,592000.0,0.0187,0.0174,93,101,-1.695634,reduction,CONSUMER DISCRETIONARY,4000
CHILTON INVESTMENT COMPANY INC.,Ameriprise Financial Inc.,AMP,2020-12-31,SH,3373.0,655000.0,3373.0,520000.0,0.0187,0.0153,94,107,0.0,,FINANCE,536
CHILTON INVESTMENT COMPANY INC.,Bank of America Corp. (North Carolina National Bank),BAC,2020-12-31,SH,21138.0,641000.0,19788.0,477000.0,0.0183,0.014,95,110,6.822317,addition,FINANCE,205
CHILTON INVESTMENT COMPANY INC.,Bristol-Myers Squibb Co,BMY,2020-12-31,SH,10156.0,630000.0,7156.0,431000.0,0.018,0.0127,96,116,41.922862,addition,HEALTH CARE,380
CHILTON INVESTMENT COMPANY INC.,Ingevity Corp,NGVT,2020-12-31,SH,8278.0,627000.0,127944.0,6326000.0,0.0179,0.1862,97,48,-93.529982,reduction,MATERIALS,197071
CHILTON INVESTMENT COMPANY INC.,SPDR(R) Portfolio Short Term Corporate Bond ETF-SPDR(R) Portfolio Short Term Corporate Bond ETF,SPSB,2020-12-31,SH,19886.0,624000.0,25753.0,808000.0,0.0178,0.0238,98,92,-22.781812,reduction,FINANCE,88488
CHILTON INVESTMENT COMPANY INC.,Truist Financial Corp,TFC,2020-12-31,SH,12950.0,621000.0,0.0,0.0,0.0177,,99,999999,,new,FINANCE,11341
CHILTON INVESTMENT COMPANY INC.,Profound Medical Corp.,PROF,2020-12-31,SH,30000.0,617000.0,30000.0,529000.0,0.0176,0.0156,100,106,0.0,,HEALTH CARE,212716
CHILTON INVESTMENT COMPANY INC.,Huntington Bancshares Inc. (Huntington National Bank Columbus OH),HBAN,2020-12-31,SH,46733.0,590000.0,0.0,0.0,0.0168,,101,999999,,new,FINANCE,486
CHILTON INVESTMENT COMPANY INC.,PNC Financial Services Group Inc. (The) (Provident National Trust Co.),PNC,2020-12-31,SH,3816.0,569000.0,0.0,0.0,0.0162,,102,999999,,new,FINANCE,3649
CHILTON INVESTMENT COMPANY INC.,Adobe Systems Inc.,ADBE,2020-12-31,SH,1124.0,562000.0,1194.0,586000.0,0.016,0.0172,103,102,-5.862647,reduction,INFORMATION TECHNOLOGY,4294
CHILTON INVESTMENT COMPANY INC.,Applied Materials Inc.,AMAT,2020-12-31,SH,6359.0,549000.0,6995.0,416000.0,0.0157,0.0122,104,117,-9.092209,reduction,INFORMATION TECHNOLOGY,918
CHILTON INVESTMENT COMPANY INC.,Yum! Brands Inc. (Tricon Global Restaurants),YUM,2020-12-31,SH,4887.0,531000.0,4887.0,446000.0,0.0151,0.0131,105,113,0.0,,CONSUMER DISCRETIONARY,479
CHILTON INVESTMENT COMPANY INC.,Honeywell International Inc. (Allied Chemical and Dye - Allied Signal),HON,2020-12-31,SH,2392.0,509000.0,2392.0,394000.0,0.0145,0.0116,106,121,0.0,,INDUSTRIALS,416
CHILTON INVESTMENT COMPANY INC.,Copart Inc.,CPRT,2020-12-31,SH,15756.0,501000.0,0.0,0.0,0.0143,,107,999999,,new,INDUSTRIALS,2766
CHILTON INVESTMENT COMPANY INC.,Walmart Inc,WMT,2020-12-31,SH,9969.0,479000.0,9969.0,465000.0,0.0137,0.0137,108,112,0.0,,CONSUMER STAPLES,345
CHILTON INVESTMENT COMPANY INC.,Heico Corp.,HEI,2020-12-31,SH,3490.0,462000.0,4781.0,500000.0,0.0132,0.0147,109,108,-27.002719,reduction,INDUSTRIALS,660
CHILTON INVESTMENT COMPANY INC.,FedEx Corporation,FDX,2020-12-31,SH,1635.0,424000.0,1638.0,412000.0,0.0121,0.0121,110,118,-0.18315,reduction,TRANSPORTS,485
CHILTON INVESTMENT COMPANY INC.,SSgA SPDR Gold Shares,GLD,2020-12-31,SH,2295.0,409000.0,0.0,0.0,0.0117,,111,999999,,new,MATERIALS,3418
CHILTON INVESTMENT COMPANY INC.,3M Co. (Minnesota Mining & Manufacturing),MMM,2020-12-31,SH,2319.0,405000.0,2175.0,348000.0,0.0116,0.0102,112,123,6.62069,addition,INDUSTRIALS,188
CHILTON INVESTMENT COMPANY INC.,Canadian National Railway Co.,CNI,2020-12-31,SH,3651.0,401000.0,4133.0,440000.0,0.0114,0.013,113,114,-11.662231,reduction,TRANSPORTS,5508
CHILTON INVESTMENT COMPANY INC.,Lam Research Corp.,LRCX,2020-12-31,SH,840.0,397000.0,1017.0,337000.0,0.0113,0.0099,114,125,-17.40413,reduction,INFORMATION TECHNOLOGY,2661
CHILTON INVESTMENT COMPANY INC.,SPDR S&P 500 ETF TRUST,SPY,2020-12-31,SH,1029.0,385000.0,0.0,0.0,0.011,,115,999999,,new,FINANCE,3962
CHILTON INVESTMENT COMPANY INC.,Repligen Corp.,RGEN,2020-12-31,SH,2000.0,383000.0,0.0,0.0,0.0109,,116,999999,,new,HEALTH CARE,11512
CHILTON INVESTMENT COMPANY INC.,Darden Restaurants Inc,DRI,2020-12-31,SH,3187.0,380000.0,3142.0,317000.0,0.0108,0.0093,117,129,1.432209,addition,CONSUMER DISCRETIONARY,2638
CHILTON INVESTMENT COMPANY INC.,PPG Industries Inc. (Pittsburgh Plate Glass),PPG,2020-12-31,SH,2565.0,370000.0,2567.0,313000.0,0.0106,0.0092,118,130,-0.077912,reduction,MATERIALS,3701
CHILTON INVESTMENT COMPANY INC.,Etsy Inc,ETSY,2020-12-31,SH,2000.0,356000.0,0.0,0.0,0.0102,,119,999999,,new,CONSUMER DISCRETIONARY,176671
CHILTON INVESTMENT COMPANY INC.,Roper Technologies Inc,ROP,2020-12-31,SH,820.0,353000.0,1415.0,559000.0,0.0101,0.0165,120,105,-42.04947,reduction,INDUSTRIALS,576
CHILTON INVESTMENT COMPANY INC.,VanEck Agribusiness ETF-VanEck Agribusiness ETF,MOO,2020-12-31,SH,4500.0,351000.0,0.0,0.0,0.01,,121,999999,,new,CONSUMER STAPLES,5584
CHILTON INVESTMENT COMPANY INC.,Quince Therapeutics Inc,QNCX,2020-12-31,SH,12500.0,347000.0,0.0,0.0,0.0099,,122,999999,,new,HEALTH CARE,211585
CHILTON INVESTMENT COMPANY INC.,Brown-Forman Corp. Class B,BF.B,2020-12-31,SH,4256.0,338000.0,4456.0,336000.0,0.0096,0.0099,123,126,-4.48833,reduction,CONSUMER STAPLES,5058
CHILTON INVESTMENT COMPANY INC.,Broadcom Ltd. (Avago Technologies),AVGO,2020-12-31,SH,765.0,335000.0,927.0,338000.0,0.0096,0.0099,124,124,-17.475728,reduction,INFORMATION TECHNOLOGY,81122
CHILTON INVESTMENT COMPANY INC.,QUALCOMM Inc.,QCOM,2020-12-31,SH,2130.0,324000.0,2150.0,253000.0,0.0092,0.0074,125,134,-0.930233,reduction,INFORMATION TECHNOLOGY,273
CHILTON INVESTMENT COMPANY INC.,Dollar General Corp.,DG,2020-12-31,SH,1527.0,321000.0,1529.0,321000.0,0.0092,0.0094,126,127,-0.130804,reduction,CONSUMER DISCRETIONARY,85548
CHILTON INVESTMENT COMPANY INC.,Accenture Plc,ACN,2020-12-31,SH,1180.0,308000.0,1134.0,256000.0,0.0088,0.0075,127,133,4.056437,addition,INFORMATION TECHNOLOGY,4409
CHILTON INVESTMENT COMPANY INC.,VANGUARD SHORT-TERM TREASURY INDEX FUND-ETF Shares,VGSH,2020-12-31,SH,4871.0,300000.0,9240.0,574000.0,0.0086,0.0169,128,103,-47.28355,reduction,FINANCE,85923
CHILTON INVESTMENT COMPANY INC.,Waste Management Inc.,WM,2020-12-31,SH,2374.0,280000.0,2374.0,269000.0,0.008,0.0079,129,132,0.0,,INDUSTRIALS,474
CHILTON INVESTMENT COMPANY INC.,Intuitive Surgical Inc,ISRG,2020-12-31,SH,990.0,270000.0,990.0,234000.0,0.0077,0.0069,130,138,0.0,,HEALTH CARE,4093
CHILTON INVESTMENT COMPANY INC.,Air Products & Chemicals Inc,APD,2020-12-31,SH,944.0,258000.0,844.0,252000.0,0.0074,0.0074,131,135,11.848341,addition,MATERIALS,363
CHILTON INVESTMENT COMPANY INC.,SPDR(R) S&P Bank ETF-SPDR(R) S&P Bank ETF,KBE,2020-12-31,SH,6000.0,251000.0,0.0,0.0,0.0072,,132,999999,,new,FINANCE,9571
CHILTON INVESTMENT COMPANY INC.,SPDR(R) EURO STOXX 50(R) ETF-,FEZ,2020-12-31,SH,6000.0,250000.0,0.0,0.0,0.0071,,133,999999,,new,FINANCE,7576
CHILTON INVESTMENT COMPANY INC.,ExxonMobil Corp. (Standard Oil of New Jersey),XOM,2020-12-31,SH,5979.0,246000.0,5835.0,200000.0,0.007,0.0059,134,142,2.467866,addition,ENERGY,228
CHILTON INVESTMENT COMPANY INC.,Pfizer Inc.,PFE,2020-12-31,SH,6672.0,246000.0,7079.72,247000.0,0.007,0.0073,135,136,-5.758985,reduction,HEALTH CARE,265
CHILTON INVESTMENT COMPANY INC.,AutoZone Inc.,AZO,2020-12-31,SH,205.0,243000.0,371.0,437000.0,0.0069,0.0129,136,115,-44.743935,reduction,CONSUMER DISCRETIONARY,2609
CHILTON INVESTMENT COMPANY INC.,Verizon Communications (Bell Atlantic Corp.),VZ,2020-12-31,SH,4109.0,241000.0,0.0,0.0,0.0069,,137,999999,,new,UTILITIES AND TELECOMMUNICATIONS,286
CHILTON INVESTMENT COMPANY INC.,Waters Corporation,WAT,2020-12-31,SH,942.0,233000.0,0.0,0.0,0.0066,,138,999999,,new,HEALTH CARE,3457
CHILTON INVESTMENT COMPANY INC.,Yum China Holdings Inc,YUMC,2020-12-31,SH,4000.0,228000.0,4000.0,212000.0,0.0065,0.0062,139,141,0.0,,CONSUMER DISCRETIONARY,197946
CHILTON INVESTMENT COMPANY INC.,VANGUARD SHORT-TERM CORPORATE BOND INDEX FUND-ETF Shares,VCSH,2020-12-31,SH,2690.0,224000.0,2796.0,232000.0,0.0064,0.0068,140,139,-3.79113,reduction,FINANCE,85924
CHILTON INVESTMENT COMPANY INC.,Boeing Company,BA,2020-12-31,SH,1034.0,221000.0,0.0,0.0,0.0063,,141,999999,,new,INDUSTRIALS,210
CHILTON INVESTMENT COMPANY INC.,iShares Floating Rate Bond ETF-,FLOT,2020-12-31,SH,4320.0,219000.0,4481.0,227000.0,0.0062,0.0067,142,140,-3.592948,reduction,FINANCE,114499
CHILTON INVESTMENT COMPANY INC.,Agilent Technologies Inc,A,2020-12-31,SH,1842.0,218000.0,0.0,0.0,0.0062,,143,999999,,new,INFORMATION TECHNOLOGY,4847
CHILTON INVESTMENT COMPANY INC.,Intel Corp.,INTC,2020-12-31,SH,4170.0,208000.0,7244.0,375000.0,0.0059,0.011,144,122,-42.435119,reduction,INFORMATION TECHNOLOGY,236
CHILTON INVESTMENT COMPANY INC.,Root Inc.,ROOT,2020-12-31,SH,722.8,204000.0,0.0,0.0,0.0058,,145,999999,,new,FINANCE,242481
CHILTON INVESTMENT COMPANY INC.,Albertsons Companies Inc.,ACI,2020-12-31,SH,10000.0,176000.0,0.0,0.0,0.005,,146,999999,,new,CONSUMER STAPLES,241378
CHILTON INVESTMENT COMPANY INC.,PG&E Corp. (Pacific Gas & Electric),PCG,2020-12-31,SH,10000.0,125000.0,0.0,0.0,0.0036,,147,999999,,new,UTILITIES AND TELECOMMUNICATIONS,4367
CHILTON INVESTMENT COMPANY INC.,Harmony Gold Mining Co. Ltd. ADR,HMY,2020-12-31,SH,20000.0,94000.0,0.0,0.0,0.0027,,148,999999,,new,MATERIALS,6847
CHILTON INVESTMENT COMPANY INC.,Sonoco Products Co.,SON,2020-12-31,SH,0.0,0.0,20011.0,1022000.0,,0.0301,999999,88,-100.0,soldall,MATERIALS,457
CHILTON INVESTMENT COMPANY INC.,Canadian Pacific Railway Ltd. (2001),CP,2020-12-31,SH,0.0,0.0,5205.0,317000.0,,0.0093,999999,128,-100.0,soldall,TRANSPORTS,2507
CHILTON INVESTMENT COMPANY INC.,Crown Castle International Corp,CCI,2020-12-31,SH,0.0,0.0,1707.0,284000.0,,0.0084,999999,131,-100.0,soldall,UTILITIES AND TELECOMMUNICATIONS,2617
CHILTON INVESTMENT COMPANY INC.,FLIR Systems Inc,FLIR,2020-12-31,SH,0.0,0.0,34411.0,1234000.0,,0.0363,999999,84,-100.0,soldall,INFORMATION TECHNOLOGY,3530
CHILTON INVESTMENT COMPANY INC.,Energy Transfer Equity LP,ET,2020-12-31,SH,0.0,0.0,130960.0,710000.0,,0.0209,999999,98,-100.0,soldall,ENERGY,3779
CHILTON INVESTMENT COMPANY INC.,Willis Towers Watson Public Limited Co,WTW,2020-12-31,SH,0.0,0.0,1136.0,237000.0,,0.007,999999,137,-100.0,soldall,FINANCE,4158
CHILTON INVESTMENT COMPANY INC.,Becton Dickinson and Co.,BDX,2020-12-31,SH,0.0,0.0,39931.95,9065000.0,,0.2668,999999,40,-100.0,soldall,HEALTH CARE,4305
CHILTON INVESTMENT COMPANY INC.,Sanofi SA,SNY,2020-12-31,SH,0.0,0.0,30057.0,1508000.0,,0.0444,999999,81,-100.0,soldall,HEALTH CARE,4377
CHILTON INVESTMENT COMPANY INC.,American Tower Corp. Class A,AMT,2020-12-31,SH,0.0,0.0,1635.0,395000.0,,0.0116,999999,120,-100.0,soldall,UTILITIES AND TELECOMMUNICATIONS,4850
CHILTON INVESTMENT COMPANY INC.,Ralph Lauren Corp. Class A,RL,2020-12-31,SH,0.0,0.0,57605.0,3915000.0,,0.1152,999999,59,-100.0,soldall,CONSUMER DISCRETIONARY,5153
CHILTON INVESTMENT COMPANY INC.,Carters Inc,CRI,2020-12-31,SH,0.0,0.0,29663.0,2568000.0,,0.0756,999999,68,-100.0,soldall,CONSUMER DISCRETIONARY,5450
CHILTON INVESTMENT COMPANY INC.,Cambridge Bancorp,CATC,2020-12-31,SH,0.0,0.0,13239.0,704000.0,,0.0207,999999,99,-100.0,soldall,FINANCE,9423
CHILTON INVESTMENT COMPANY INC.,Aon PLC,AON,2020-12-31,SH,0.0,0.0,71349.0,14719000.0,,0.4333,999999,32,-100.0,soldall,FINANCE,11339
CHILTON INVESTMENT COMPANY INC.,Western Midstream Partners LP,WES,2020-12-31,SH,0.0,0.0,15022.0,120000.0,,0.0035,999999,143,-100.0,soldall,ENERGY,46193
CHILTON INVESTMENT COMPANY INC.,MPLX L.P.,MPLX,2020-12-31,SH,0.0,0.0,35718.0,562000.0,,0.0165,999999,104,-100.0,soldall,ENERGY,134653
CHILTON INVESTMENT COMPANY INC.,iHeartMedia Inc,IHRT,2020-12-31,SH,0.0,0.0,739547.0,6005000.0,,0.1768,999999,50,-100.0,soldall,COMMUNICATIONS,211541
CHILTON INVESTMENT COMPANY INC.,AMERICAN AIRLS GROUP INC NOTE 6.500% 7/0,DEBT-AMER,2020-12-31,PRN,0.0,0.0,500000.0,467000.0,,0.0137,999999,111,-100.0,soldall, ,241425
