Filer Name,Stock Name,Stock Ticker,Quarter Date,Type of Security,Current Shares Held,Current Market Value,Previous Shares Held,Previous Market Value,Current % of Portfolio,Previous % of Portfolio,Current Rank,Previous Rank,Change in Shares,Type of Change,Sector,stock_id
CHILTON INVESTMENT COMPANY INC.,Grace (W.R.) & Co. (DE),GRA,2014-03-31,SH,2345056.0,232559000.0,2481899.0,245385000.0,7.2161,7.124,1,1,-5.513641,reduction,MATERIALS,881
CHILTON INVESTMENT COMPANY INC.,Brown-Forman Corp. Class B,BF.B,2014-03-31,SH,3099407.5,111195000.0,2931247.5,88606000.0,3.4503,2.5724,2,9,5.736807,addition,CONSUMER STAPLES,5058
CHILTON INVESTMENT COMPANY INC.,Costco Co.,COST,2014-03-31,SH,919590.0,102700000.0,915873.0,109000000.0,3.1867,3.1645,3,4,0.405842,addition,CONSUMER STAPLES,393
CHILTON INVESTMENT COMPANY INC.,Sherwin-Williams Co.,SHW,2014-03-31,SH,1554450.0,102143000.0,1885263.0,115315000.0,3.1694,3.3478,4,3,-17.547313,reduction,MATERIALS,11358
CHILTON INVESTMENT COMPANY INC.,Union Pacific Corp.,UNP,2014-03-31,SH,982832.0,92219000.0,968740.0,81374000.0,2.8615,2.3625,5,10,1.454673,addition,TRANSPORTS,473
CHILTON INVESTMENT COMPANY INC.,Dollar General Corp.,DG,2014-03-31,SH,1613346.0,89508000.0,2114255.0,127532000.0,2.7774,3.7025,6,2,-23.691986,reduction,CONSUMER DISCRETIONARY,85548
CHILTON INVESTMENT COMPANY INC.,Diageo Plc ADR,DEO,2014-03-31,SH,696920.0,86829000.0,670705.0,88814000.0,2.6942,2.5785,7,8,3.908574,addition,CONSUMER STAPLES,4107
CHILTON INVESTMENT COMPANY INC.,Mastercard Inc,MA,2014-03-31,SH,1150678.0,85955000.0,1074220.0,89746000.0,2.6671,2.6055,8,7,7.117536,addition,FINANCE,4044
CHILTON INVESTMENT COMPANY INC.,Anheuser-Busch Inbev SA ADR,BUD,2014-03-31,SH,750808.0,79060000.0,939877.0,100060000.0,2.4532,2.9049,9,5,-20.116356,reduction,CONSUMER STAPLES,372
CHILTON INVESTMENT COMPANY INC.,United Parcel Service Inc. Class B,UPS,2014-03-31,SH,798776.0,77785000.0,725843.0,75961000.0,2.4136,2.2053,10,11,10.048041,addition,TRANSPORTS,3795
CHILTON INVESTMENT COMPANY INC.,Walmart Inc,WMT,2014-03-31,SH,2948718.0,75124000.0,2747127.0,72057000.0,2.331,2.092,11,14,7.338248,addition,CONSUMER STAPLES,345
CHILTON INVESTMENT COMPANY INC.,Ecolab Inc.,ECL,2014-03-31,SH,667228.0,72054000.0,576037.0,60064000.0,2.2358,1.7438,12,18,15.830754,addition,MATERIALS,11345
CHILTON INVESTMENT COMPANY INC.,FedEx Corporation,FDX,2014-03-31,SH,504855.0,66923000.0,51385.0,7388000.0,2.0766,0.2145,13,86,882.494892,addition,TRANSPORTS,485
CHILTON INVESTMENT COMPANY INC.,Airgas Inc.,ARG,2014-03-31,SH,625952.0,66670000.0,807734.0,90345000.0,2.0687,2.6229,14,6,-22.505181,reduction,MATERIALS,5042
CHILTON INVESTMENT COMPANY INC.,Timken (Roller Bearing Axle) Co.,TKR,2014-03-31,SH,1122202.0,65963000.0,231043.0,12724000.0,2.0468,0.3694,15,66,385.711318,addition,INDUSTRIALS,11404
CHILTON INVESTMENT COMPANY INC.,Wells Fargo & Co.  (Northwest Bancorporation),WFC,2014-03-31,SH,1316746.0,65495000.0,1272296.0,57762000.0,2.0323,1.677,16,19,3.493684,addition,FINANCE,309
CHILTON INVESTMENT COMPANY INC.,Home Depot Inc. (The),HD,2014-03-31,SH,824834.0,65269000.0,819285.0,67460000.0,2.0253,1.9585,17,16,0.677298,addition,CONSUMER DISCRETIONARY,354
CHILTON INVESTMENT COMPANY INC.,Walt Disney Co. (The),DIS,2014-03-31,SH,740247.0,59272000.0,720947.0,55081000.0,1.8392,1.5991,18,21,2.677035,addition,COMMUNICATIONS,395
CHILTON INVESTMENT COMPANY INC.,Moodys Corp,MCO,2014-03-31,SH,706754.0,56060000.0,930403.0,73008000.0,1.7395,2.1196,19,13,-24.037863,reduction,FINANCE,2707
CHILTON INVESTMENT COMPANY INC.,Dominos Pizza Inc,DPZ,2014-03-31,SH,719696.0,55395000.0,777177.0,54131000.0,1.7189,1.5715,20,22,-7.396127,reduction,CONSUMER DISCRETIONARY,776
CHILTON INVESTMENT COMPANY INC.,Toro Co,TTC,2014-03-31,SH,1570220.0,49611000.0,1402028.0,44584000.0,1.5394,1.2944,21,27,11.996337,addition,INDUSTRIALS,5034
CHILTON INVESTMENT COMPANY INC.,Tiffany & Co. (DE),TIF,2014-03-31,SH,561628.0,48385000.0,770981.0,71532000.0,1.5014,2.0767,22,15,-27.154106,reduction,CONSUMER DISCRETIONARY,3676
CHILTON INVESTMENT COMPANY INC.,Colgate-Palmolive Co.,CL,2014-03-31,SH,650815.0,42218000.0,744478.0,48547000.0,1.31,1.4094,23,26,-12.58103,reduction,CONSUMER STAPLES,217
CHILTON INVESTMENT COMPANY INC.,EOG Resources Inc,EOG,2014-03-31,SH,422562.0,41447000.0,433902.0,36413000.0,1.2861,1.0571,24,32,-2.613493,reduction,ENERGY,4870
CHILTON INVESTMENT COMPANY INC.,MSC Industrial Direct Inc.,MSM,2014-03-31,SH,475279.0,41121000.0,439862.0,35572000.0,1.276,1.0327,25,33,8.051844,addition,INDUSTRIALS,5127
CHILTON INVESTMENT COMPANY INC.,CST Brands Inc,CST,2014-03-31,SH,1247996.0,38987000.0,842061.0,30920000.0,1.2097,0.8977,26,38,48.207315,addition,CONSUMER DISCRETIONARY,140176
CHILTON INVESTMENT COMPANY INC.,Canadian Pacific Railway Ltd. (2001),CP,2014-03-31,SH,1269335.0,38189000.0,0.0,0.0,1.185,,27,999999,,new,TRANSPORTS,2507
CHILTON INVESTMENT COMPANY INC.,Paramount Global,PARA,2014-03-31,SH,615241.0,38022000.0,0.0,0.0,1.1798,,28,999999,,new,COMMUNICATIONS,2509
CHILTON INVESTMENT COMPANY INC.,Spansion Inc,CODE,2014-03-31,SH,2135183.0,37195000.0,2910979.0,40434000.0,1.1541,1.1739,29,28,-26.65069,reduction,INFORMATION TECHNOLOGY,89278
CHILTON INVESTMENT COMPANY INC.,TransDigm Group Inc,TDG,2014-03-31,SH,197754.0,36624000.0,162292.0,26132000.0,1.1364,0.7587,30,48,21.850738,addition,INDUSTRIALS,2714
CHILTON INVESTMENT COMPANY INC.,LKQ Corp,LKQ,2014-03-31,SH,1347391.0,35504000.0,1621078.0,53333000.0,1.1017,1.5484,31,23,-16.883025,reduction,INDUSTRIALS,5610
CHILTON INVESTMENT COMPANY INC.,Schlumberger Ltd.,SLB,2014-03-31,SH,362272.0,35322000.0,416594.0,37539000.0,1.096,1.0898,32,31,-13.039554,reduction,ENERGY,276
CHILTON INVESTMENT COMPANY INC.,Southwestern Energy Co.,SWN,2014-03-31,SH,761237.0,35025000.0,771851.0,30357000.0,1.0868,0.8813,33,39,-1.375136,reduction,ENERGY,3900
CHILTON INVESTMENT COMPANY INC.,FleetCor Technologies Inc,FLT,2014-03-31,SH,299311.0,34451000.0,638495.0,74812000.0,1.069,2.1719,34,12,-53.122421,reduction,INFORMATION TECHNOLOGY,106914
CHILTON INVESTMENT COMPANY INC.,Pioneer Natural Resources Co.,PXD,2014-03-31,SH,175286.0,32803000.0,178787.0,32909000.0,1.0179,0.9554,35,34,-1.958196,reduction,ENERGY,2612
CHILTON INVESTMENT COMPANY INC.,Designer Brands Inc,DBI,2014-03-31,SH,897564.0,32187000.0,563527.0,24080000.0,0.9987,0.6991,36,50,59.276131,addition,CONSUMER DISCRETIONARY,641
CHILTON INVESTMENT COMPANY INC.,Broadcom Ltd. (Avago Technologies),AVGO,2014-03-31,SH,479926.0,30912000.0,550609.0,29122000.0,0.9592,0.8455,37,41,-12.83724,reduction,INFORMATION TECHNOLOGY,81122
CHILTON INVESTMENT COMPANY INC.,Baker Hughes Company,BKR,2014-03-31,SH,461849.0,30029000.0,503663.0,27832000.0,0.9318,0.808,38,42,-8.30198,reduction,ENERGY,2502
CHILTON INVESTMENT COMPANY INC.,Dollar Tree Inc.,DLTR,2014-03-31,SH,560542.0,29249000.0,556516.0,31399000.0,0.9076,0.9116,39,37,0.723429,addition,CONSUMER DISCRETIONARY,2640
CHILTON INVESTMENT COMPANY INC.,Halliburton Co.,HAL,2014-03-31,SH,489905.0,28851000.0,544941.0,27656000.0,0.8952,0.8029,40,44,-10.099442,reduction,ENERGY,411
CHILTON INVESTMENT COMPANY INC.,Becton Dickinson and Co.,BDX,2014-03-31,SH,251395.6,28715000.0,570862.48,61536000.0,0.891,1.7865,41,17,-55.962143,reduction,HEALTH CARE,4305
CHILTON INVESTMENT COMPANY INC.,KKR & Co. Inc,KKR,2014-03-31,SH,1244432.0,28423000.0,1232754.0,30005000.0,0.8819,0.8711,42,40,0.94731,addition,FINANCE,92493
CHILTON INVESTMENT COMPANY INC.,Range Resources Corp.,RRC,2014-03-31,SH,330610.0,27431000.0,373180.0,31463000.0,0.8512,0.9134,43,36,-11.407364,reduction,ENERGY,3656
CHILTON INVESTMENT COMPANY INC.,Occidental Petroleum Corp.,OXY,2014-03-31,SH,265085.88,25217000.0,291421.58,27667000.0,0.7825,0.8032,44,43,-9.036977,reduction,ENERGY,442
CHILTON INVESTMENT COMPANY INC.,Fluor Corp.,FLR,2014-03-31,SH,304937.0,23703000.0,310506.0,24931000.0,0.7355,0.7238,45,49,-1.793524,reduction,INDUSTRIALS,407
CHILTON INVESTMENT COMPANY INC.,Robert Half International Inc.,RHI,2014-03-31,SH,560814.0,23526000.0,373455.0,15681000.0,0.73,0.4553,46,59,50.169097,addition,INDUSTRIALS,815
CHILTON INVESTMENT COMPANY INC.,Freeport-McMoRan Copper & Gold Inc,FCX,2014-03-31,SH,707424.0,23395000.0,719322.0,27147000.0,0.7259,0.7881,47,45,-1.654058,reduction,MATERIALS,652
CHILTON INVESTMENT COMPANY INC.,Coterra Energy Inc,CTRA,2014-03-31,SH,684070.0,23176000.0,694620.0,26923000.0,0.7191,0.7816,48,46,-1.518816,reduction,ENERGY,2765
CHILTON INVESTMENT COMPANY INC.,Wyndham Destinations Inc,TNL,2014-03-31,SH,304202.0,22277000.0,0.0,0.0,0.6912,,49,999999,,new,CONSUMER DISCRETIONARY,1078
CHILTON INVESTMENT COMPANY INC.,ATMEL CORP;COM USD0.001,ATML,2014-03-31,SH,2654149.0,22189000.0,7217187.0,56511000.0,0.6885,1.6406,50,20,-63.224605,reduction,INFORMATION TECHNOLOGY,5051
CHILTON INVESTMENT COMPANY INC.,Tapestry Inc,TPR,2014-03-31,SH,437036.0,21704000.0,0.0,0.0,0.6735,,51,999999,,new,CONSUMER DISCRETIONARY,11325
CHILTON INVESTMENT COMPANY INC.,U.S. Bancorp (First National Bank of Cincinnati),USB,2014-03-31,SH,506095.0,21691000.0,787861.0,31830000.0,0.6731,0.9241,52,35,-35.763415,reduction,FINANCE,471
CHILTON INVESTMENT COMPANY INC.,Helmerich & Payne Inc.,HP,2014-03-31,SH,196432.0,21128000.0,198449.0,16686000.0,0.6556,0.4844,53,57,-1.016382,reduction,ENERGY,5001
CHILTON INVESTMENT COMPANY INC.,Mosaic Company (The),MOS,2014-03-31,SH,392907.0,19645000.0,191961.0,9074000.0,0.6096,0.2634,54,78,104.680638,addition,MATERIALS,11443
CHILTON INVESTMENT COMPANY INC.,Nov Inc,NOV,2014-03-31,SH,250799.0,19530000.0,486333.0,38678000.0,0.606,1.1229,55,30,-48.430602,reduction,ENERGY,17
CHILTON INVESTMENT COMPANY INC.,Signet Jewelers Ltd,SIG,2014-03-31,SH,177633.0,18804000.0,189196.0,14890000.0,0.5835,0.4323,56,60,-6.111651,reduction,CONSUMER DISCRETIONARY,8531
CHILTON INVESTMENT COMPANY INC.,Popeyes Louisiana Kitchen Inc.,PLKI,2014-03-31,SH,445042.0,18087000.0,442924.0,17053000.0,0.5612,0.4951,57,56,0.478186,addition,CONSUMER DISCRETIONARY,6078
CHILTON INVESTMENT COMPANY INC.,BTC iShares Silver Trust,SLV,2014-03-31,SH,864517.0,16460000.0,544211.0,10182000.0,0.5107,0.2956,58,74,58.856951,addition,FINANCE,5927
CHILTON INVESTMENT COMPANY INC.,Gulfport Energy Corp,GPORQ,2014-03-31,SH,230484.0,16406000.0,233114.0,14721000.0,0.5091,0.4274,59,61,-1.128203,reduction,ENERGY,6156
CHILTON INVESTMENT COMPANY INC.,Coca Cola Co.,KO,2014-03-31,SH,403740.0,15609000.0,414851.0,17138000.0,0.4843,0.4976,60,54,-2.678311,reduction,CONSUMER STAPLES,386
CHILTON INVESTMENT COMPANY INC.,Lazard Inc.,LAZ,2014-03-31,SH,326410.0,15371000.0,377308.0,17100000.0,0.477,0.4964,61,55,-13.489775,reduction,FINANCE,6025
CHILTON INVESTMENT COMPANY INC.,Southern Copper Corp.,SCCO,2014-03-31,SH,511921.0,14902000.0,0.0,0.0,0.4624,,62,999999,,new,MATERIALS,87972
CHILTON INVESTMENT COMPANY INC.,McDonalds Corp.,MCD,2014-03-31,SH,133436.0,13081000.0,131724.0,12781000.0,0.4059,0.3711,63,64,1.299687,addition,CONSUMER DISCRETIONARY,250
CHILTON INVESTMENT COMPANY INC.,First Horizon,FHN,2014-03-31,SH,1050878.0,12968000.0,981199.0,11431000.0,0.4024,0.3319,64,67,7.101414,addition,FINANCE,3603
CHILTON INVESTMENT COMPANY INC.,Concho Resources Inc,CXO,2014-03-31,SH,94148.0,11533000.0,95870.0,10354000.0,0.3579,0.3006,65,71,-1.796182,reduction,ENERGY,6018
CHILTON INVESTMENT COMPANY INC.,Macys Inc,M,2014-03-31,SH,191769.0,11370000.0,496589.0,26518000.0,0.3528,0.7699,66,47,-61.382753,reduction,CONSUMER DISCRETIONARY,427
CHILTON INVESTMENT COMPANY INC.,Cisco Systems Inc.,CSCO,2014-03-31,CALL,500000.0,11205000.0,0.0,0.0,0.3477,,67,999999,,new,INFORMATION TECHNOLOGY,215
CHILTON INVESTMENT COMPANY INC.,Suncor Energy Inc.,SU,2014-03-31,SH,308649.0,10790000.0,313755.0,10997000.0,0.3348,0.3193,68,69,-1.627384,reduction,ENERGY,127
CHILTON INVESTMENT COMPANY INC.,Oceaneering International Inc.,OII,2014-03-31,SH,148475.0,10669000.0,0.0,0.0,0.3311,,69,999999,,new,ENERGY,5613
CHILTON INVESTMENT COMPANY INC.,EQT Corporation (Equitable Gas Co.),EQT,2014-03-31,SH,105874.0,10267000.0,109301.0,9813000.0,0.3186,0.2849,70,76,-3.135378,reduction,UTILITIES AND TELECOMMUNICATIONS,3739
CHILTON INVESTMENT COMPANY INC.,Athlon Energy Inc.,ATHL,2014-03-31,SH,268907.0,9533000.0,198813.0,6014000.0,0.2958,0.1746,71,89,35.256246,addition,ENERGY,161714
CHILTON INVESTMENT COMPANY INC.,Monsanto Co. (New),MON,2014-03-31,SH,83702.0,9523000.0,84325.0,9828000.0,0.2955,0.2853,72,75,-0.738808,reduction,MATERIALS,16
CHILTON INVESTMENT COMPANY INC.,Diamondback Energy Inc,FANG,2014-03-31,SH,140284.0,9443000.0,139895.0,7395000.0,0.293,0.2147,73,85,0.278066,addition,ENERGY,131984
CHILTON INVESTMENT COMPANY INC.,Steven Madden Ltd,SHOO,2014-03-31,SH,370168.5,8879000.0,0.0,0.0,0.2755,,74,999999,,new,CONSUMER DISCRETIONARY,5790
CHILTON INVESTMENT COMPANY INC.,Dryships Inc,DRYS,2014-03-31,SH,1.42,7681000.0,1.44,11330000.0,0.2383,0.3289,75,68,-1.388889,reduction,TRANSPORTS,11439
CHILTON INVESTMENT COMPANY INC.,Vital Energy Inc.,VTLE,2014-03-31,SH,14138.55,7312000.0,10268.6,5687000.0,0.2269,0.1651,76,90,37.687221,addition,ENERGY,116228
CHILTON INVESTMENT COMPANY INC.,Nutrien Ltd,NTR,2014-03-31,SH,196558.0,7119000.0,197917.0,6523000.0,0.2209,0.1894,77,88,-0.686651,reduction,MATERIALS,267
CHILTON INVESTMENT COMPANY INC.,IMAX Corp,IMAX,2014-03-31,SH,243998.0,6668000.0,125813.0,3709000.0,0.2069,0.1077,78,98,93.937034,addition,COMMUNICATIONS,6853
CHILTON INVESTMENT COMPANY INC.,Blount International Inc. Class A,BLT,2014-03-31,SH,546486.0,6503000.0,543726.0,7868000.0,0.2018,0.2284,79,82,0.507609,addition,INDUSTRIALS,2504
CHILTON INVESTMENT COMPANY INC.,Antero Resources Corp,AR,2014-03-31,SH,103584.0,6484000.0,0.0,0.0,0.2012,,80,999999,,new,ENERGY,162818
CHILTON INVESTMENT COMPANY INC.,GLOBE SPECIALTY METALS INC COM STK,11G.OLD:FWB2,2014-03-31,SH,304856.0,6347000.0,568197.0,10233000.0,0.1969,0.2971,81,73,-46.346778,reduction,MATERIALS,79437
CHILTON INVESTMENT COMPANY INC.,SFX ENTERTAINMENT INC COM,SFXEQ,2014-03-31,SH,888683.0,6265000.0,854450.0,10253000.0,0.1944,0.2977,82,72,4.006437,addition,CONSUMER DISCRETIONARY,163445
CHILTON INVESTMENT COMPANY INC.,Silver Spring Networks Inc.,SSNI,2014-03-31,SH,356939.0,6204000.0,358410.0,7527000.0,0.1925,0.2185,83,84,-0.410424,reduction,ENERGY,139639
CHILTON INVESTMENT COMPANY INC.,VanEck Gold Miners ETF-VanEck Gold Miners ETF,GDX,2014-03-31,SH,234260.0,5529000.0,240712.0,5084000.0,0.1716,0.1476,84,93,-2.680382,reduction,FINANCE,7342
CHILTON INVESTMENT COMPANY INC.,Verisk Analytics Inc,VRSK,2014-03-31,SH,90972.0,5455000.0,759984.0,49946000.0,0.1693,1.45,85,24,-88.029748,reduction,INDUSTRIALS,83334
CHILTON INVESTMENT COMPANY INC.,Nordstrom Inc.,JWN,2014-03-31,SH,85892.0,5364000.0,265459.0,16405000.0,0.1664,0.4763,86,58,-67.643968,reduction,CONSUMER DISCRETIONARY,258
CHILTON INVESTMENT COMPANY INC.,Cabelas Inc. Class A,CAB,2014-03-31,SH,80891.0,5299000.0,0.0,0.0,0.1644,,87,999999,,new,CONSUMER DISCRETIONARY,5060
CHILTON INVESTMENT COMPANY INC.,ExxonMobil Corp. (Standard Oil of New Jersey),XOM,2014-03-31,SH,52171.0,5096000.0,52171.0,5280000.0,0.1581,0.1533,88,92,0.0,,ENERGY,228
CHILTON INVESTMENT COMPANY INC.,Nielsen N.V.,NLSN,2014-03-31,SH,112210.0,5008000.0,0.0,0.0,0.1554,,89,999999,,new,COMMUNICATIONS,109936
CHILTON INVESTMENT COMPANY INC.,Infoblox Inc,BLOX,2014-03-31,SH,241621.0,4847000.0,240145.0,7930000.0,0.1504,0.2302,90,81,0.614629,addition,INFORMATION TECHNOLOGY,122608
CHILTON INVESTMENT COMPANY INC.,WPP plc ADS ADR,WPP,2014-03-31,SH,46396.0,4783000.0,0.0,0.0,0.1484,,91,999999,,new,COMMUNICATIONS,6461
CHILTON INVESTMENT COMPANY INC.,Rice Energy,RICE,2014-03-31,SH,173611.0,4582000.0,0.0,0.0,0.1422,,92,999999,,new,ENERGY,165367
CHILTON INVESTMENT COMPANY INC.,Mountain Province Diamonds Inc,MPVDF,2014-03-31,SH,965105.0,4578000.0,881605.0,4365000.0,0.1421,0.1267,93,94,9.471362,addition,MATERIALS,434
CHILTON INVESTMENT COMPANY INC.,Burlington Stores Inc,BURL,2014-03-31,SH,140681.0,4153000.0,130419.0,4173000.0,0.1289,0.1212,94,95,7.868485,addition,CONSUMER DISCRETIONARY,162667
CHILTON INVESTMENT COMPANY INC.,Teck Resources Ltd,TECK,2014-03-31,SH,165475.0,3588000.0,0.0,0.0,0.1113,,95,999999,,new,MATERIALS,5572
CHILTON INVESTMENT COMPANY INC.,International Business Machines Corp.,IBM,2014-03-31,SH,18023.0,3469000.0,18023.0,3381000.0,0.1076,0.0982,96,100,0.0,,INFORMATION TECHNOLOGY,237
CHILTON INVESTMENT COMPANY INC.,Bausch Health Companies,BHC,2014-03-31,SH,24010.0,3165000.0,24010.0,2819000.0,0.0982,0.0818,97,104,0.0,,HEALTH CARE,5185
CHILTON INVESTMENT COMPANY INC.,Diana Shipping Inc,DSX,2014-03-31,SH,260103.0,3119000.0,567293.0,7539000.0,0.0968,0.2189,98,83,-54.150148,reduction,TRANSPORTS,62
CHILTON INVESTMENT COMPANY INC.,Raytheon Technologies Corp. (United Technologies),RTX,2014-03-31,SH,39044.91,2871000.0,38118.52,2730000.0,0.0891,0.0793,99,105,2.430288,addition,INDUSTRIALS,285
CHILTON INVESTMENT COMPANY INC.,Linde Plc.,LIN,2014-03-31,SH,19835.0,2598000.0,10930.0,1421000.0,0.0806,0.0413,100,111,81.47301,addition,MATERIALS,269
CHILTON INVESTMENT COMPANY INC.,Wynn Resorts Ltd,WYNN,2014-03-31,SH,10143.0,2253000.0,12994.0,2524000.0,0.0699,0.0733,101,107,-21.940896,reduction,CONSUMER DISCRETIONARY,839
CHILTON INVESTMENT COMPANY INC.,United Technologies Corp. 7.50% Corporate Units,UTX+A1,2014-03-31,SH,30350.0,2020000.0,22500.0,1473000.0,0.0627,0.0428,102,110,34.888889,addition,INDUSTRIALS,128147
CHILTON INVESTMENT COMPANY INC.,Noah Holdings Ltd ADR,NOAH,2014-03-31,SH,123711.0,1784000.0,159627.0,2873000.0,0.0554,0.0834,103,102,-22.499953,reduction,FINANCE,108034
CHILTON INVESTMENT COMPANY INC.,Wells Fargo & Co. 7.50% Non-Cumulative Perpetual Convertible Class A Preferred,WFCPRL,2014-03-31,SH,1428.0,1675000.0,4966.0,5512000.0,0.052,0.16,104,91,-71.244462,reduction,FINANCE,73782
CHILTON INVESTMENT COMPANY INC.,Johnson & Johnson Co.,JNJ,2014-03-31,SH,16885.0,1659000.0,19570.0,1792000.0,0.0515,0.052,105,108,-13.71998,reduction,HEALTH CARE,239
CHILTON INVESTMENT COMPANY INC.,Allison Transmission Holdings Inc,ALSN,2014-03-31,SH,54149.0,1621000.0,0.0,0.0,0.0503,,106,999999,,new,CONSUMER DISCRETIONARY,120309
CHILTON INVESTMENT COMPANY INC.,Berkshire Hathaway Inc Class A,BRK.A,2014-03-31,SH,8.0,1499000.0,7.0,1245000.0,0.0465,0.0361,107,113,14.285714,addition,FINANCE,4161
CHILTON INVESTMENT COMPANY INC.,Allergan Inc.,AGN,2014-03-31,SH,11558.0,1434000.0,2307.0,256000.0,0.0445,0.0074,108,155,400.996966,addition,HEALTH CARE,3531
CHILTON INVESTMENT COMPANY INC.,Berkshire Hathaway Inc Class B,BRK.B,2014-03-31,SH,11391.0,1424000.0,201566.0,23898000.0,0.0442,0.6938,109,51,-94.348749,reduction,FINANCE,2827
CHILTON INVESTMENT COMPANY INC.,Walgreens Boots Alliance Inc.,WBA,2014-03-31,SH,21240.0,1402000.0,21240.0,1220000.0,0.0435,0.0354,110,115,0.0,,CONSUMER STAPLES,308
CHILTON INVESTMENT COMPANY INC.,Abbott Laboratories,ABT,2014-03-31,SH,35741.0,1376000.0,1019167.0,39065000.0,0.0427,1.1341,111,29,-96.493116,reduction,HEALTH CARE,189
CHILTON INVESTMENT COMPANY INC.,Air Products & Chemicals Inc,APD,2014-03-31,SH,12160.17,1339000.0,472388.35,48847000.0,0.0415,1.4181,112,25,-97.425811,reduction,MATERIALS,363
CHILTON INVESTMENT COMPANY INC.,TJX Companies Inc.,TJX,2014-03-31,SH,43386.0,1316000.0,43386.0,1383000.0,0.0408,0.0402,113,112,0.0,,CONSUMER DISCRETIONARY,185
CHILTON INVESTMENT COMPANY INC.,Pepsico Inc. (Loft Inc.),PEP,2014-03-31,SH,15485.0,1293000.0,32597.0,2704000.0,0.0401,0.0785,114,106,-52.495628,reduction,CONSUMER STAPLES,264
CHILTON INVESTMENT COMPANY INC.,Chevron Corp. (Standard Oil of California),CVX,2014-03-31,SH,10770.0,1281000.0,156668.0,19569000.0,0.0397,0.5681,115,52,-93.12559,reduction,ENERGY,214
CHILTON INVESTMENT COMPANY INC.,Procter & Gamble Co. (OH) (1905),PG,2014-03-31,SH,14747.0,1189000.0,13742.0,1119000.0,0.0369,0.0325,116,116,7.313346,addition,CONSUMER STAPLES,272
CHILTON INVESTMENT COMPANY INC.,PERICOM SEMICONDUCTOR CORP COM STK,PSEM,2014-03-31,SH,148811.0,1165000.0,389243.0,3449000.0,0.0361,0.1001,117,99,-61.769126,reduction,INFORMATION TECHNOLOGY,5768
CHILTON INVESTMENT COMPANY INC.,NetEase Inc ADR,NTES,2014-03-31,SH,82665.0,1113000.0,0.0,0.0,0.0345,,118,999999,,new,COMMUNICATIONS,6030
CHILTON INVESTMENT COMPANY INC.,Yum! Brands Inc. (Tricon Global Restaurants),YUM,2014-03-31,SH,14353.0,1082000.0,16328.0,1235000.0,0.0336,0.0359,119,114,-12.095786,reduction,CONSUMER DISCRETIONARY,479
CHILTON INVESTMENT COMPANY INC.,General Mills Co.,GIS,2014-03-31,SH,20864.0,1081000.0,16898.0,843000.0,0.0335,0.0245,120,123,23.470233,addition,CONSUMER STAPLES,524
CHILTON INVESTMENT COMPANY INC.,Sonoco Products Co.,SON,2014-03-31,SH,26040.0,1068000.0,25846.0,1078000.0,0.0331,0.0313,121,117,0.7506,addition,MATERIALS,457
CHILTON INVESTMENT COMPANY INC.,Automatic Data Processing Inc,ADP,2014-03-31,SH,13332.0,1030000.0,13332.0,1077000.0,0.032,0.0313,122,118,0.0,,INFORMATION TECHNOLOGY,201
CHILTON INVESTMENT COMPANY INC.,Franklin Resources Inc,BEN,2014-03-31,SH,15510.0,840000.0,15529.0,896000.0,0.0261,0.026,123,121,-0.122352,reduction,FINANCE,2808
CHILTON INVESTMENT COMPANY INC.,JOYY Inc,YY,2014-03-31,SH,10948.0,836000.0,0.0,0.0,0.0259,,124,999999,,new,INFORMATION TECHNOLOGY,133672
CHILTON INVESTMENT COMPANY INC.,Target Corp.,TGT,2014-03-31,SH,13255.0,802000.0,13255.0,839000.0,0.0249,0.0244,125,124,0.0,,CONSUMER DISCRETIONARY,305
CHILTON INVESTMENT COMPANY INC.,TAL Education Group American Depositary ADR,TAL,2014-03-31,SH,182442.0,685000.0,274614.0,1006000.0,0.0213,0.0292,126,119,-33.564203,reduction,CONSUMER DISCRETIONARY,96103
CHILTON INVESTMENT COMPANY INC.,Philip Morris International Inc,PM,2014-03-31,SH,8220.0,673000.0,8220.0,716000.0,0.0209,0.0208,127,126,0.0,,CONSUMER STAPLES,45788
CHILTON INVESTMENT COMPANY INC.,Alphabet Inc. Class A,GOOGL,2014-03-31,SH,12020.0,670000.0,9520.0,533000.0,0.0208,0.0155,128,134,26.260504,addition,COMMUNICATIONS,4112
CHILTON INVESTMENT COMPANY INC.,Fastenal Co.,FAST,2014-03-31,SH,27040.0,667000.0,27040.0,642000.0,0.0207,0.0186,129,131,0.0,,INDUSTRIALS,3446
CHILTON INVESTMENT COMPANY INC.,Precision Castparts Corp.,PCP,2014-03-31,SH,2568.0,649000.0,2568.0,692000.0,0.0201,0.0201,130,128,0.0,,INDUSTRIALS,270
CHILTON INVESTMENT COMPANY INC.,Mead Johnson Nutrition Co.,MJN,2014-03-31,SH,7067.0,588000.0,9034.0,757000.0,0.0182,0.022,131,125,-21.773301,reduction,CONSUMER STAPLES,73084
CHILTON INVESTMENT COMPANY INC.,Merck & Co,MRK,2014-03-31,SH,9211.92,499000.0,9342.92,446000.0,0.0155,0.0129,132,137,-1.402131,reduction,HEALTH CARE,431
CHILTON INVESTMENT COMPANY INC.,IDEXX Laboratories Inc.,IDXX,2014-03-31,SH,7698.0,467000.0,7698.0,409000.0,0.0145,0.0119,133,143,0.0,,HEALTH CARE,4037
CHILTON INVESTMENT COMPANY INC.,Marsh & McLennan Companies Inc.,MMC,2014-03-31,SH,9401.0,463000.0,11343.0,549000.0,0.0144,0.0159,134,133,-17.120691,reduction,FINANCE,4352
CHILTON INVESTMENT COMPANY INC.,Novartis AG ADS,NVS,2014-03-31,SH,5742.94,438000.0,5742.94,414000.0,0.0136,0.012,135,142,0.0,,HEALTH CARE,4136
CHILTON INVESTMENT COMPANY INC.,Cadence Design Systems Inc.,CDNS,2014-03-31,SH,27386.0,426000.0,29660.0,416000.0,0.0132,0.0121,136,141,-7.666891,reduction,INFORMATION TECHNOLOGY,947
CHILTON INVESTMENT COMPANY INC.,Qihoo 360 Technology Co. Ltd,QIHU,2014-03-31,SH,4106.0,409000.0,3090.0,254000.0,0.0127,0.0074,137,156,32.880259,addition,INFORMATION TECHNOLOGY,111476
CHILTON INVESTMENT COMPANY INC.,Ameriprise Financial Inc.,AMP,2014-03-31,SH,3648.0,402000.0,3648.0,420000.0,0.0125,0.0122,138,140,0.0,,FINANCE,536
CHILTON INVESTMENT COMPANY INC.,Advance Auto Parts Inc.,AAP,2014-03-31,SH,3136.0,397000.0,3332.0,369000.0,0.0123,0.0107,139,145,-5.882353,reduction,CONSUMER DISCRETIONARY,3562
CHILTON INVESTMENT COMPANY INC.,Verizon Communications (Bell Atlantic Corp.),VZ,2014-03-31,SH,8110.0,386000.0,9780.0,481000.0,0.012,0.014,140,136,-17.075665,reduction,UTILITIES AND TELECOMMUNICATIONS,286
CHILTON INVESTMENT COMPANY INC.,Sanofi SA,SNY,2014-03-31,SH,7388.0,386000.0,7388.0,396000.0,0.012,0.0115,141,144,0.0,,HEALTH CARE,4377
CHILTON INVESTMENT COMPANY INC.,Huazhu Grp Ltd ADS ADR,HTHT,2014-03-31,SH,58300.0,358000.0,80000.0,609000.0,0.0111,0.0177,142,132,-27.125,reduction,CONSUMER DISCRETIONARY,89141
CHILTON INVESTMENT COMPANY INC.,Unilever N.V. ADR,UN,2014-03-31,SH,8535.0,351000.0,8325.0,335000.0,0.0109,0.0097,143,147,2.522523,addition,CONSUMER STAPLES,6451
CHILTON INVESTMENT COMPANY INC.,BlackRock Inc. Class A,BLK,2014-03-31,SH,1067.0,336000.0,1370.0,434000.0,0.0104,0.0126,144,138,-22.116788,reduction,FINANCE,5029
CHILTON INVESTMENT COMPANY INC.,TotalEnergies SE,TTE,2014-03-31,SH,4858.0,319000.0,4858.0,298000.0,0.0099,0.0087,145,150,0.0,,ENERGY,4389
CHILTON INVESTMENT COMPANY INC.,Markel Corp. (Holding Co.),MKL,2014-03-31,SH,510.0,304000.0,400.0,232000.0,0.0094,0.0067,146,164,27.5,addition,FINANCE,3461
CHILTON INVESTMENT COMPANY INC.,Bristol-Myers Squibb Co,BMY,2014-03-31,SH,5829.0,303000.0,5829.0,310000.0,0.0094,0.009,147,149,0.0,,HEALTH CARE,380
CHILTON INVESTMENT COMPANY INC.,Apple Inc,AAPL,2014-03-31,SH,15736.0,302000.0,15736.0,315000.0,0.0094,0.0091,148,148,0.0,,INFORMATION TECHNOLOGY,195
CHILTON INVESTMENT COMPANY INC.,The Consumer Staples Select Sector SPDR Fund-,XLP,2014-03-31,SH,6919.0,298000.0,5612.0,241000.0,0.0092,0.007,149,160,23.28938,addition,CONSUMER STAPLES,6764
CHILTON INVESTMENT COMPANY INC.,OReilly Automotive Inc.,ORLY,2014-03-31,SH,2000.0,297000.0,2000.0,257000.0,0.0092,0.0075,150,154,0.0,,CONSUMER DISCRETIONARY,5148
CHILTON INVESTMENT COMPANY INC.,AbbVie Inc,ABBV,2014-03-31,SH,5700.0,293000.0,6900.0,364000.0,0.0091,0.0106,151,146,-17.391304,reduction,HEALTH CARE,133912
CHILTON INVESTMENT COMPANY INC.,Oracle Corp,ORCL,2014-03-31,SH,6431.0,263000.0,6431.0,246000.0,0.0082,0.0071,152,157,0.0,,INFORMATION TECHNOLOGY,20
CHILTON INVESTMENT COMPANY INC.,Microsoft Corp.,MSFT,2014-03-31,SH,6424.0,263000.0,6424.0,240000.0,0.0082,0.007,153,161,0.0,,INFORMATION TECHNOLOGY,178
CHILTON INVESTMENT COMPANY INC.,CVS Health Corp. (Melville Shoe),CVS,2014-03-31,SH,3340.0,250000.0,9860.0,706000.0,0.0078,0.0205,154,127,-66.125761,reduction,CONSUMER STAPLES,221
CHILTON INVESTMENT COMPANY INC.,Mohawk Industries Inc.,MHK,2014-03-31,SH,1804.0,245000.0,1804.0,269000.0,0.0076,0.0078,155,152,0.0,,CONSUMER DISCRETIONARY,5137
CHILTON INVESTMENT COMPANY INC.,NCR Voyix Corp,VYX,2014-03-31,SH,10847.65,243000.0,10847.65,227000.0,0.0075,0.0066,156,166,0.0,,INFORMATION TECHNOLOGY,3634
CHILTON INVESTMENT COMPANY INC.,Baxter International Inc.,BAX,2014-03-31,SH,3238.0,238000.0,0.0,0.0,0.0074,,157,999999,,new,HEALTH CARE,206
CHILTON INVESTMENT COMPANY INC.,China Mobile Ltd. ADR,CHL,2014-03-31,SH,9708.0,221000.0,0.0,0.0,0.0069,,158,999999,,new,UTILITIES AND TELECOMMUNICATIONS,5638
CHILTON INVESTMENT COMPANY INC.,American International Group Inc.,AIG,2014-03-31,SH,4374.0,219000.0,4374.0,223000.0,0.0068,0.0065,159,167,0.0,,FINANCE,193
CHILTON INVESTMENT COMPANY INC.,AFLAC Inc.,AFL,2014-03-31,SH,6838.0,216000.0,6838.0,228000.0,0.0067,0.0066,160,165,0.0,,FINANCE,190
CHILTON INVESTMENT COMPANY INC.,Apache Corp,APA,2014-03-31,SH,2490.0,207000.0,109286.0,9392000.0,0.0064,0.2727,161,77,-97.721575,reduction,ENERGY,373
CHILTON INVESTMENT COMPANY INC.,Avalon Advanced Materials Inc,AVLNF,2014-03-31,SH,313787.0,202000.0,313787.0,171000.0,0.0063,0.005,162,171,0.0,,MATERIALS,84355
CHILTON INVESTMENT COMPANY INC.,Pall Corp.,PLL,2014-03-31,SH,2240.0,200000.0,3388.0,289000.0,0.0062,0.0084,163,151,-33.884298,reduction,INDUSTRIALS,447
CHILTON INVESTMENT COMPANY INC.,CF Industries Holdings Inc,CF,2014-03-31,SH,0.0,0.0,411110.0,19161000.0,,0.5563,999999,53,-100.0,soldall,MATERIALS,4
CHILTON INVESTMENT COMPANY INC.,Lowes Companies Inc.,LOW,2014-03-31,SH,0.0,0.0,13469.0,667000.0,,0.0194,999999,130,-100.0,soldall,CONSUMER DISCRETIONARY,138
CHILTON INVESTMENT COMPANY INC.,McKesson Corp.,MCK,2014-03-31,SH,0.0,0.0,1662.0,268000.0,,0.0078,999999,153,-100.0,soldall,HEALTH CARE,252
CHILTON INVESTMENT COMPANY INC.,Anheuser-Busch Inbev SA ADR,BUD,2014-03-31,CALL,0.0,0.0,100600.0,10710000.0,,0.3109,999999,70,-100.0,soldall,CONSUMER STAPLES,372
CHILTON INVESTMENT COMPANY INC.,Maxim Integrated Products Inc,MXIM,2014-03-31,SH,0.0,0.0,245385.0,6849000.0,,0.1988,999999,87,-100.0,soldall,INFORMATION TECHNOLOGY,429
CHILTON INVESTMENT COMPANY INC.,Norfolk Southern Corp.,NSC,2014-03-31,SH,0.0,0.0,148014.0,13740000.0,,0.3989,999999,62,-100.0,soldall,TRANSPORTS,440
CHILTON INVESTMENT COMPANY INC.,Thor Industries Inc.,THO,2014-03-31,SH,0.0,0.0,51259.0,2831000.0,,0.0822,999999,103,-100.0,soldall,CONSUMER DISCRETIONARY,469
CHILTON INVESTMENT COMPANY INC.,Micron Technology Inc.,MU,2014-03-31,SH,0.0,0.0,585790.0,12747000.0,,0.3701,999999,65,-100.0,soldall,INFORMATION TECHNOLOGY,488
CHILTON INVESTMENT COMPANY INC.,Tenet Healthcare Corp.,THC,2014-03-31,SH,0.0,0.0,313350.0,13199000.0,,0.3832,999999,63,-100.0,soldall,HEALTH CARE,831
CHILTON INVESTMENT COMPANY INC.,Cadence Design Systems Inc.,CDNS,2014-03-31,CALL,0.0,0.0,48800.0,684000.0,,0.0199,999999,129,-100.0,soldall,INFORMATION TECHNOLOGY,947
CHILTON INVESTMENT COMPANY INC.,Kellogg Co.,K,2014-03-31,SH,0.0,0.0,15001.59,860000.0,,0.025,999999,122,-100.0,soldall,CONSUMER STAPLES,2538
CHILTON INVESTMENT COMPANY INC.,Oil States International Inc,OIS,2014-03-31,SH,0.0,0.0,2145.0,218000.0,,0.0063,999999,168,-100.0,soldall,ENERGY,3534
CHILTON INVESTMENT COMPANY INC.,Community Health Systems Inc.,CYH,2014-03-31,SH,0.0,0.0,75000.0,2945000.0,,0.0855,999999,101,-100.0,soldall,HEALTH CARE,3590
CHILTON INVESTMENT COMPANY INC.,SPDR S&P 500 ETF TRUST,SPY,2014-03-31,SH,0.0,0.0,1328.0,245000.0,,0.0071,999999,159,-100.0,soldall,FINANCE,3962
CHILTON INVESTMENT COMPANY INC.,Cognizant Technology Solutions Corp,CTSH,2014-03-31,SH,0.0,0.0,4610.0,233000.0,,0.0068,999999,163,-100.0,soldall,INFORMATION TECHNOLOGY,3996
CHILTON INVESTMENT COMPANY INC.,Vodafone Group Plc Sponsored ADR,VOD,2014-03-31,SH,0.0,0.0,5340.0,210000.0,,0.0061,999999,169,-100.0,soldall,UTILITIES AND TELECOMMUNICATIONS,4155
CHILTON INVESTMENT COMPANY INC.,Blackstone Group Inc,BX,2014-03-31,SH,0.0,0.0,266425.0,8392000.0,,0.2436,999999,79,-100.0,soldall,FINANCE,4162
CHILTON INVESTMENT COMPANY INC.,HSBC Holdings plc ADR,HSBC,2014-03-31,SH,0.0,0.0,3735.0,206000.0,,0.006,999999,170,-100.0,soldall,FINANCE,4164
CHILTON INVESTMENT COMPANY INC.,Mellanox Technologies Ltd,MLNX,2014-03-31,SH,0.0,0.0,95129.0,3802000.0,,0.1104,999999,97,-100.0,soldall,INFORMATION TECHNOLOGY,4191
CHILTON INVESTMENT COMPANY INC.,Smucker (J.M.) Co.,SJM,2014-03-31,SH,0.0,0.0,2375.0,246000.0,,0.0071,999999,158,-100.0,soldall,CONSUMER STAPLES,4381
CHILTON INVESTMENT COMPANY INC.,Baidu Inc ADR,BIDU,2014-03-31,SH,0.0,0.0,1338.0,238000.0,,0.0069,999999,162,-100.0,soldall,COMMUNICATIONS,4807
CHILTON INVESTMENT COMPANY INC.,Cummins Inc,CMI,2014-03-31,SH,0.0,0.0,10842.0,1528000.0,,0.0444,999999,109,-100.0,soldall,INDUSTRIALS,4863
CHILTON INVESTMENT COMPANY INC.,Carters Inc,CRI,2014-03-31,SH,0.0,0.0,54988.0,3947000.0,,0.1146,999999,96,-100.0,soldall,CONSUMER DISCRETIONARY,5450
CHILTON INVESTMENT COMPANY INC.,Eagle Bulk Shipping Inc,EGLE,2014-03-31,SH,0.0,0.0,85.55,999000.0,,0.029,999999,120,-100.0,soldall,TRANSPORTS,6633
CHILTON INVESTMENT COMPANY INC.,SunTrust Banks Inc.,STI,2014-03-31,SH,0.0,0.0,225006.0,8282000.0,,0.2404,999999,80,-100.0,soldall,FINANCE,11359
CHILTON INVESTMENT COMPANY INC.,Fang Holdings Ltd,SFUNY,2014-03-31,SH,0.0,0.0,628.9,518000.0,,0.015,999999,135,-100.0,soldall,REAL ESTATE,11560
CHILTON INVESTMENT COMPANY INC.,PacWest Bancorp (DE),PACW,2014-03-31,SH,0.0,0.0,9985.0,422000.0,,0.0123,999999,139,-100.0,soldall,FINANCE,45974
