Filer Name,Stock Name,Stock Ticker,Quarter Date,Type of Security,Current Shares Held,Current Market Value,Previous Shares Held,Previous Market Value,Current % of Portfolio,Previous % of Portfolio,Current Rank,Previous Rank,Change in Shares,Type of Change,Sector,stock_id
COOPERMAN LEON G,Johnson Controls International plc (Tyco Laboratories),JCI,2002-09-30,SH,3538523.5,103881000.0,2518284.31,70836000.0,7.8335,5.1203,1,3,40.513265,addition,INDUSTRIALS,2837
COOPERMAN LEON G,Oxford Health Plans Inc.,OHP,2002-09-30,SH,2110900.0,82198000.0,1486900.0,69081000.0,6.1984,4.9934,2,4,41.966507,addition,HEALTH CARE,103644
COOPERMAN LEON G,Cendant Corp,cd,2002-09-30,SH,5462649.0,58778000.0,5171249.0,82119000.0,4.4323,5.9359,3,1,5.635002,addition, ,141590
COOPERMAN LEON G,Mohawk Industries Inc.,MHK,2002-09-30,SH,1000000.0,49650000.0,1210054.0,74455000.0,3.744,5.3819,4,2,-17.35906,reduction,CONSUMER DISCRETIONARY,5137
COOPERMAN LEON G,Advance Auto Parts Inc.,AAP,2002-09-30,SH,2599200.0,45694000.0,2596800.0,47184000.0,3.4457,3.4106,5,7,0.092421,addition,CONSUMER DISCRETIONARY,3562
COOPERMAN LEON G,Manor Care Inc. (New),HCR,2002-09-30,SH,2010900.0,45205000.0,1970300.0,45317000.0,3.4088,3.2757,6,8,2.0606,addition,HEALTH CARE,97301
COOPERMAN LEON G,Hercules Inc.,HPC,2002-09-30,SH,4651600.0,42841000.0,4721000.0,54764000.0,3.2306,3.9585,7,5,-1.470028,reduction,MATERIALS,3614
COOPERMAN LEON G,Newhall Land & Farming Co.,NHL,2002-09-30,SH,1606500.0,39520000.0,1605000.0,51360000.0,2.9801,3.7125,8,6,0.093458,addition,CONSUMER DISCRETIONARY,103315
COOPERMAN LEON G,BayCorp Holdings Ltd.,MWH,2002-09-30,SH,2749800.0,34977000.0,2736500.0,32564000.0,2.6376,2.3538,9,11,0.486022,addition,UTILITIES AND TELECOMMUNICATIONS,103160
COOPERMAN LEON G,Edison International (Southern California Edison),EIX,2002-09-30,SH,3171900.0,31719000.0,1195200.0,20318000.0,2.3919,1.4687,10,26,165.386546,addition,UTILITIES AND TELECOMMUNICATIONS,4866
COOPERMAN LEON G,Dish Network Corp Class A,DISH,2002-09-30,SH,1762700.0,30495000.0,1392000.0,25835000.0,2.2996,1.8675,11,20,26.630747,addition,COMMUNICATIONS,8397
COOPERMAN LEON G,Cablevision Systems Corp. Class A,CVC,2002-09-30,SH,3277967.0,29698000.0,0.0,0.0,2.2395,,12,999999,,new,CONSUMER DISCRETIONARY,5211
COOPERMAN LEON G,Evergy Inc,EVRG,2002-09-30,SH,2911400.0,29289000.0,2146700.0,32952000.0,2.2086,2.3819,13,10,35.622118,addition,UTILITIES AND TELECOMMUNICATIONS,2791
COOPERMAN LEON G,Pharmacia Corporation,PHA,2002-09-30,SH,746200.0,29012000.0,0.0,0.0,2.1877,,14,999999,,new,HEALTH CARE,108690
COOPERMAN LEON G,Apria Healthcare Group Inc.,AHG,2002-09-30,SH,1226300.0,28892000.0,1151300.0,25789000.0,2.1787,1.8641,15,21,6.514375,addition,HEALTH CARE,610
COOPERMAN LEON G,Chiquita Brands International Inc,CQB,2002-09-30,SH,1748900.0,27021000.0,1768400.0,31672000.0,2.0376,2.2894,16,13,-1.102692,reduction,CONSUMER STAPLES,11517
COOPERMAN LEON G,Match Group Inc.,MTCH,2002-09-30,SH,2411127.0,26686000.0,2006646.0,26874000.0,2.0123,1.9426,17,19,20.157068,addition,CONSUMER DISCRETIONARY,3997
COOPERMAN LEON G,PG&E Corp. (Pacific Gas & Electric),PCG,2002-09-30,SH,2337200.0,26317000.0,1278500.0,22872000.0,1.9845,1.6533,18,24,82.807978,addition,UTILITIES AND TELECOMMUNICATIONS,4367
COOPERMAN LEON G,Freeport-McMoRan Copper & Gold Inc,FCX,2002-09-30,SH,3767200.0,25353000.0,4061400.0,36248000.0,1.9118,2.6201,19,9,-7.243808,reduction,MATERIALS,652
COOPERMAN LEON G,New York Community Bancorp,NYCB,2002-09-30,SH,1563655.15,24778000.0,1558677.62,23761000.0,1.8685,1.7175,20,22,0.319343,addition,FINANCE,57673
COOPERMAN LEON G,Vodafone Group Plc Sponsored ADR,VOD,2002-09-30,SH,1661625.0,24364000.0,1169875.0,18250000.0,1.8372,1.3192,21,29,42.034405,addition,UTILITIES AND TELECOMMUNICATIONS,4155
COOPERMAN LEON G,Motors Liquidation Corp. (Old General Motors Corp.),MTLQQ,2002-09-30,SH,2539800.0,23239000.0,2944900.0,30627000.0,1.7524,2.2138,22,14,-13.755985,reduction,CONSUMER DISCRETIONARY,3607
COOPERMAN LEON G,CNA Financial Corp.,CNA,2002-09-30,SH,913879.0,22847000.0,814479.0,21584000.0,1.7229,1.5602,23,25,12.204121,addition,FINANCE,2802
COOPERMAN LEON G,Sun-Times Media Group Inc.,SUTMQ,2002-09-30,SH,2469100.0,22444000.0,2469300.0,29632000.0,1.6925,2.1419,24,15,-0.008099,reduction,CONSUMER DISCRETIONARY,105475
COOPERMAN LEON G,PartnerRe Ltd.,PRE,2002-09-30,SH,449300.0,21647000.0,254800.0,12472000.0,1.6324,0.9015,25,39,76.33438,addition,FINANCE,11408
COOPERMAN LEON G,RenaissanceRe Holdings Ltd,RNR,2002-09-30,SH,569700.0,21529000.0,266300.0,9747000.0,1.6235,0.7045,26,44,113.931656,addition,FINANCE,2614
COOPERMAN LEON G,Transocean Ltd,RIG,2002-09-30,SH,809400.0,16836000.0,869400.0,27082000.0,1.2696,1.9576,28,18,-6.901311,reduction,ENERGY,4160
COOPERMAN LEON G,Halliburton Co.,HAL,2002-09-30,SH,2478000.0,15995000.0,1650000.0,13151000.0,1.2062,0.9506,29,37,50.181818,addition,ENERGY,411
COOPERMAN LEON G,Royal Caribbean Cruises Ltd,RCL,2002-09-30,SH,990400.0,15767000.0,808400.0,15764000.0,1.189,1.1395,30,31,22.513607,addition,CONSUMER DISCRETIONARY,5197
COOPERMAN LEON G,Tyson Foods Inc.,TSN,2002-09-30,SH,1326038.0,15422000.0,1883738.0,29217000.0,1.1629,2.1119,31,16,-29.606028,reduction,CONSUMER STAPLES,4924
COOPERMAN LEON G,Hanover Compressor Co.,HC,2002-09-30,SH,1811700.0,15037000.0,688600.0,9296000.0,1.1339,0.6719,32,47,163.099042,addition,ENERGY,101321
COOPERMAN LEON G,Nokia Corp. ADR Class A ADR,NOK,2002-09-30,SH,1053600.0,13960000.0,0.0,0.0,1.0527,,33,999999,,new,INFORMATION TECHNOLOGY,4362
COOPERMAN LEON G,AES Corp. (The),AES,2002-09-30,SH,5557400.0,13949000.0,5857000.0,31745000.0,1.0519,2.2946,34,12,-5.115247,reduction,UTILITIES AND TELECOMMUNICATIONS,860
COOPERMAN LEON G,Wyeth Inc.,WYE,2002-09-30,SH,431200.0,13712000.0,0.0,0.0,1.034,,35,999999,,new,HEALTH CARE,477
COOPERMAN LEON G,Convergys Corp.,CVG,2002-09-30,SH,893400.0,13428000.0,362500.0,7062000.0,1.0126,0.5105,36,53,146.455172,addition,INFORMATION TECHNOLOGY,633
COOPERMAN LEON G,Kemper Corp. (1990),KMPR,2002-09-30,SH,417700.0,12823000.0,38500.0,1377000.0,0.967,0.0995,37,68,984.935065,addition,FINANCE,5181
COOPERMAN LEON G,Pride  International Inc.,PDE,2002-09-30,SH,951600.0,12371000.0,1732100.0,27125000.0,0.9329,1.9607,38,17,-45.060909,reduction,ENERGY,2583
COOPERMAN LEON G,AK Steel Holding Corp.,AKS,2002-09-30,SH,1647800.0,12045000.0,875500.0,11215000.0,0.9083,0.8107,39,42,88.21245,addition,MATERIALS,602
COOPERMAN LEON G,Home Depot Inc. (The),HD,2002-09-30,SH,455100.0,11878000.0,0.0,0.0,0.8957,,40,999999,,new,CONSUMER DISCRETIONARY,354
COOPERMAN LEON G,Honeywell International Inc. (Allied Chemical and Dye - Allied Signal),HON,2002-09-30,SH,545877.9,11761000.0,0.0,0.0,0.8869,,41,999999,,new,INDUSTRIALS,416
COOPERMAN LEON G,Cameco Corp.,CCJ,2002-09-30,SH,4041600.0,11640000.0,3679800.0,15731000.0,0.8778,1.1371,42,32,9.832056,addition,ENERGY,156
COOPERMAN LEON G,Liberty Media Group Inc. Class A,LMCA,2002-09-30,SH,1516971.0,10892000.0,1512371.0,15124000.0,0.8213,1.0932,43,33,0.304158,addition,CONSUMER DISCRETIONARY,107293
COOPERMAN LEON G,Tsakos Energy Navigation Limited,TNP,2002-09-30,SH,377545.6,10288000.0,385705.6,13500000.0,0.7758,0.9758,44,35,-2.115603,reduction,ENERGY,5802
COOPERMAN LEON G,Gemstar-TV Guide International Inc.,GMST,2002-09-30,SH,3892000.0,9808000.0,3017800.0,16266000.0,0.7396,1.1758,45,30,28.968122,addition,INFORMATION TECHNOLOGY,3605
COOPERMAN LEON G,Foot Locker Inc. (F. W. Woolworth),FL,2002-09-30,SH,981300.0,9803000.0,592100.0,8556000.0,0.7392,0.6185,46,51,65.73214,addition,CONSUMER DISCRETIONARY,2425
COOPERMAN LEON G,Pogo Producing Co.,PPP,2002-09-30,SH,257975.0,8787000.0,702875.0,22928000.0,0.6626,1.6573,47,23,-63.297172,reduction,ENERGY,97276
COOPERMAN LEON G,Wellman Inc,WMANQ,2002-09-30,SH,641900.0,8762000.0,688700.0,11536000.0,0.6607,0.8339,48,41,-6.795412,reduction,MATERIALS,5810
COOPERMAN LEON G,Altria Group Inc. (Philip Morris),MO,2002-09-30,SH,225000.0,8730000.0,0.0,0.0,0.6583,,49,999999,,new,CONSUMER STAPLES,191
COOPERMAN LEON G,Best Buy Co. Inc.,BBY,2002-09-30,SH,585000.0,8701000.0,0.0,0.0,0.6561,,50,999999,,new,CONSUMER DISCRETIONARY,208
COOPERMAN LEON G,Kroger Co.,KR,2002-09-30,SH,1102200.0,7771000.0,400000.0,3980000.0,0.586,0.2877,51,59,175.55,addition,CONSUMER STAPLES,677
COOPERMAN LEON G,GlobalSantaFe Corp.,GSF,2002-09-30,SH,337400.0,7541000.0,337400.0,9228000.0,0.5687,0.667,52,48,0.0,,ENERGY,97269
COOPERMAN LEON G,Office Depot Inc,ODP,2002-09-30,SH,50850.0,6275000.0,116700.0,19606000.0,0.4732,1.4172,53,28,-56.426735,reduction,CONSUMER DISCRETIONARY,124
COOPERMAN LEON G,CNH Global NV,CNH,2002-09-30,SH,342660.0,5791000.0,425000.0,8564000.0,0.4367,0.619,54,50,-19.374118,reduction,INDUSTRIALS,6826
COOPERMAN LEON G,White Mountains Insurance Group Inc,WTM,2002-09-30,SH,18300.0,5389000.0,24500.0,7754000.0,0.4064,0.5605,55,52,-25.306122,reduction,FINANCE,3460
COOPERMAN LEON G,21st Century Fox Inc. Class B,TFCF,2002-09-30,SH,492000.0,4736000.0,0.0,0.0,0.3571,,56,999999,,new,COMMUNICATIONS,4047
COOPERMAN LEON G,Sanmina Corp.,SANM,2002-09-30,SH,266720.0,4432000.0,0.0,0.0,0.3342,,57,999999,,new,INFORMATION TECHNOLOGY,713
COOPERMAN LEON G,Abercrombie & Fitch Co.,ANF,2002-09-30,SH,220000.0,4327000.0,283400.0,6836000.0,0.3263,0.4941,58,54,-22.371207,reduction,CONSUMER DISCRETIONARY,4063
COOPERMAN LEON G,CIT Group Inc. (2002),CITGQ,2002-09-30,SH,200000.0,3596000.0,0.0,0.0,0.2712,,59,999999,,new,FINANCE,2415
COOPERMAN LEON G,PMI Group Inc.,PMI,2002-09-30,SH,117000.0,3184000.0,0.0,0.0,0.2401,,60,999999,,new,FINANCE,2711
COOPERMAN LEON G,Radian Group Inc.,RDN,2002-09-30,SH,97000.0,3168000.0,0.0,0.0,0.2389,,61,999999,,new,FINANCE,2712
COOPERMAN LEON G,Resource America Inc Class A,REXI,2002-09-30,SH,345800.0,2766000.0,194500.0,2050000.0,0.2086,0.1482,62,66,77.789203,addition,FINANCE,11532
COOPERMAN LEON G,CSX Corp,CSX,2002-09-30,SH,1632600.0,2393000.0,0.0,0.0,0.1805,,63,999999,,new,TRANSPORTS,220
COOPERMAN LEON G,Baker Hughes Company,BKR,2002-09-30,SH,77500.0,2250000.0,0.0,0.0,0.1697,,64,999999,,new,ENERGY,2502
COOPERMAN LEON G,SPDR DOW JONES INDUSTRIAL AVERAGE ETF TRUST,DIA,2002-09-30,SH,25000.0,1900000.0,0.0,0.0,0.1433,,65,999999,,new,FINANCE,3411
COOPERMAN LEON G,Continental Airlines Inc. (1980) Class B,CALB,2002-09-30,SH,352000.0,1897000.0,0.0,0.0,0.143,,66,999999,,new,TRANSPORTS,4278
COOPERMAN LEON G,AT&T Corp.,T,2002-09-30,SH,24000.0,1441000.0,0.0,0.0,0.1087,,67,999999,,new,COMMUNICATIONS,106868
COOPERMAN LEON G,Taiwan Semiconductor Manufacturing Co Ltd ADR,TSM,2002-09-30,SH,200000.0,1270000.0,0.0,0.0,0.0958,,68,999999,,new,INFORMATION TECHNOLOGY,5232
COOPERMAN LEON G,COMCAST HLDGS INC ZERO PREM OPT NT,CCZMP,2002-09-30,SH,60000.0,1261000.0,0.0,0.0,0.0951,,69,999999,,new, ,7872
COOPERMAN LEON G,Trizec Properties Inc.,TRZ,2002-09-30,SH,102900.0,1168000.0,655400.0,11050000.0,0.0881,0.7987,70,43,-84.299664,reduction,FINANCE,105965
COOPERMAN LEON G,Synopsys Inc.,SNPS,2002-09-30,SH,60000.0,1145000.0,0.0,0.0,0.0863,,71,999999,,new,INFORMATION TECHNOLOGY,2681
COOPERMAN LEON G,LO JACK CORP,LOJN,2002-09-30,SH,203800.0,866000.0,295000.0,1033000.0,0.0653,0.0747,72,69,-30.915254,reduction,INFORMATION TECHNOLOGY,3812
COOPERMAN LEON G,Schering-Plough Inc.,SGP,2002-09-30,SH,35000.0,746000.0,0.0,0.0,0.0563,,73,999999,,new,HEALTH CARE,530
COOPERMAN LEON G,SPDR S&P 500 ETF TRUST,SPY,2002-09-30,SH,7200.0,589000.0,0.0,0.0,0.0444,,74,999999,,new,FINANCE,3962
COOPERMAN LEON G,Raytheon Co.,RTN,2002-09-30,SH,20000.0,586000.0,0.0,0.0,0.0442,,75,999999,,new,INDUSTRIALS,452
COOPERMAN LEON G,MBNA Corp.,KRB,2002-09-30,SH,20000.0,368000.0,0.0,0.0,0.0278,,76,999999,,new,FINANCE,102274
COOPERMAN LEON G,Level 3 Communications Inc.,LVLT,2002-09-30,SH,3335.0,195000.0,0.0,0.0,0.0147,,77,999999,,new,COMMUNICATIONS,995
COOPERMAN LEON G,Beam Inc,BEAM,2002-09-30,SH,0.0,0.0,4000.0,224000.0,,0.0162,999999,70,-100.0,soldall,CONSUMER DISCRETIONARY,503
COOPERMAN LEON G,Cablevision Systems Corp. - Rainbow Media Group,RMG,2002-09-30,SH,0.0,0.0,764800.0,6692000.0,,0.4837,999999,55,-100.0,soldall,CONSUMER DISCRETIONARY,170687
COOPERMAN LEON G,Calpine Corp. (Old),CPNLQ,2002-09-30,SH,0.0,0.0,1707000.0,12000000.0,,0.8674,999999,40,-100.0,soldall,UTILITIES AND TELECOMMUNICATIONS,170201
COOPERMAN LEON G,Pfizer Inc.,PFE,2002-09-30,SH,0.0,0.0,105400.0,3500000.0,,0.253,999999,61,-100.0,soldall,HEALTH CARE,265
COOPERMAN LEON G,Kookmin Bank,KB,2002-09-30,SH,0.0,0.0,254600.0,12514000.0,,0.9046,999999,38,-100.0,soldall, ,111576
COOPERMAN LEON G,Con-Way Inc.,CNW,2002-09-30,SH,0.0,0.0,350100.0,13297000.0,,0.9612,999999,36,-100.0,soldall,TRANSPORTS,330
COOPERMAN LEON G,Premcor Inc.,PCO,2002-09-30,SH,0.0,0.0,54000.0,1389000.0,,0.1004,999999,67,-100.0,soldall,ENERGY,107421
COOPERMAN LEON G,Motorola Solutions Inc,MSI,2002-09-30,SH,0.0,0.0,53158.8,5364000.0,,0.3877,999999,56,-100.0,soldall,INFORMATION TECHNOLOGY,433
COOPERMAN LEON G,Yankee Candle Co. Inc. (The),YCC,2002-09-30,SH,0.0,0.0,330000.0,8940000.0,,0.6462,999999,49,-100.0,soldall,CONSUMER DISCRETIONARY,106791
COOPERMAN LEON G,Diebold Nixdorf Inc.,DBD,2002-09-30,SH,0.0,0.0,131800.0,4908000.0,,0.3548,999999,57,-100.0,soldall,INFORMATION TECHNOLOGY,501
COOPERMAN LEON G,Ovintiv Inc. (Pan Canadian Energy - Encana Corp.),OVV,2002-09-30,SH,0.0,0.0,260236.8,19908000.0,,1.439,999999,27,-100.0,soldall,ENERGY,112
COOPERMAN LEON G,ATMEL CORP;COM USD0.001,ATML,2002-09-30,SH,0.0,0.0,700000.0,4382000.0,,0.3167,999999,58,-100.0,soldall,INFORMATION TECHNOLOGY,5051
COOPERMAN LEON G,Genentech Inc.,DNA,2002-09-30,SH,0.0,0.0,826600.0,13846000.0,,1.0008,999999,34,-100.0,soldall,HEALTH CARE,555
COOPERMAN LEON G,Topgold Callaway Brands,MODG,2002-09-30,SH,0.0,0.0,205400.0,3254000.0,,0.2352,999999,62,-100.0,soldall,CONSUMER DISCRETIONARY,619
COOPERMAN LEON G,Kinder Morgan Inc. (KS),KMI,2002-09-30,SH,0.0,0.0,250000.0,9505000.0,,0.6871,999999,45,-100.0,soldall,ENERGY,102231
COOPERMAN LEON G,CSK Auto Corp.,CAO,2002-09-30,SH,0.0,0.0,160000.0,2230000.0,,0.1612,999999,65,-100.0,soldall,CONSUMER DISCRETIONARY,636
COOPERMAN LEON G,El Paso Corp.,EP,2002-09-30,SH,0.0,0.0,460000.0,9481000.0,,0.6853,999999,46,-100.0,soldall,ENERGY,644
COOPERMAN LEON G,Reebok International Ltd,RBK,2002-09-30,SH,0.0,0.0,120000.0,3540000.0,,0.2559,999999,60,-100.0,soldall,CONSUMER DISCRETIONARY,97271
COOPERMAN LEON G,Johnson Controls International plc (Tyco Laboratories),JCI,2002-09-30,PUT,0.0,0.0,108066.01,2644000.0,,0.1911,999999,64,-100.0,soldall,INDUSTRIALS,2837
