Filer Name,Stock Name,Stock Ticker,Quarter Date,Type of Security,Current Shares Held,Current Market Value,Previous Shares Held,Previous Market Value,Current % of Portfolio,Previous % of Portfolio,Current Rank,Previous Rank,Change in Shares,Type of Change,Sector,stock_id
COOPERMAN LEON G,Transocean Ltd,RIG,2008-09-30,SH,1617447.0,177660000.0,1551447.0,236425008.0,7.7277,6.9865,1,1,4.254093,addition,ENERGY,4160
COOPERMAN LEON G,Atlas Energy LP,ATLS,2008-09-30,SH,3297497.0,112478000.0,3159697.0,142344350.0,4.8925,4.2063,2,3,4.361178,addition,ENERGY,5446
COOPERMAN LEON G,Corning Inc.,GLW,2008-09-30,SH,6520900.0,101987000.0,6246300.0,143977215.0,4.4362,4.2546,3,2,4.396203,addition,MATERIALS,146
COOPERMAN LEON G,UnitedHealth Group Inc.,UNH,2008-09-30,SH,3908000.0,99224000.0,0.0,0.0,4.316,,4,999999,,new,HEALTH CARE,153
COOPERMAN LEON G,Atlas Energy Resources LLC Class B,ATN,2008-09-30,SH,3777127.0,97450000.0,3727627.0,142208970.0,4.2388,4.2023,5,4,1.327923,addition,ENERGY,7775
COOPERMAN LEON G,Atlas Pipeline Partners LP,APL,2008-09-30,SH,3558518.0,90707000.0,2793318.0,109107001.0,3.9455,3.2242,6,9,27.393945,addition,ENERGY,4202
COOPERMAN LEON G,Linn Energy LLC Units,LINEQ,2008-09-30,SH,5666001.0,86690000.0,4902501.0,121827150.0,3.7708,3.6,7,8,15.573684,addition,ENERGY,4203
COOPERMAN LEON G,Elevance Health Inc,ELV,2008-09-30,SH,1841600.0,86132000.0,1966600.0,93728156.0,3.7465,2.7697,8,11,-6.356148,reduction,HEALTH CARE,175259
COOPERMAN LEON G,XL Group Plc,XL,2008-09-30,SH,4778200.0,85721000.0,250000.0,5140000.0,3.7286,0.1519,9,65,1811.28,addition,FINANCE,4930
COOPERMAN LEON G,SLM Corp,SLM,2008-09-30,SH,6034400.0,74465000.0,4211100.0,81484785.0,3.239,2.4079,10,12,43.297476,addition,FINANCE,892
COOPERMAN LEON G,Blackberry Ltd,BB,2008-09-30,SH,1089800.0,74433000.0,1142000.0,133499800.0,3.2376,3.945,11,6,-4.570928,reduction,INFORMATION TECHNOLOGY,21
COOPERMAN LEON G,Nucor Corp. (Nuclear Corp. of America),NUE,2008-09-30,SH,1846800.0,72949000.0,1052600.0,78597642.0,3.1731,2.3226,12,14,75.451264,addition,MATERIALS,2750
COOPERMAN LEON G,Shire Plc ADS,SHPG,2008-09-30,SH,1458300.0,69634000.0,1455500.0,71508715.0,3.0289,2.1131,13,19,0.192374,addition,HEALTH CARE,4912
COOPERMAN LEON G,Teva Pharmaceutical Industries Ltd ADR,TEVA,2008-09-30,SH,1443200.0,66084000.0,1596200.0,73105960.0,2.8745,2.1603,14,18,-9.585265,reduction,HEALTH CARE,3839
COOPERMAN LEON G,AES Corp. (The),AES,2008-09-30,SH,5452100.0,63735000.0,4078600.0,78349906.0,2.7723,2.3153,15,15,33.675771,addition,UTILITIES AND TELECOMMUNICATIONS,860
COOPERMAN LEON G,3M Co. (Minnesota Mining & Manufacturing),MMM,2008-09-30,SH,909100.0,62101000.0,1001600.0,69701344.0,2.7012,2.0597,16,20,-9.235224,reduction,INDUSTRIALS,188
COOPERMAN LEON G,Nokia Corp. ADR Class A ADR,NOK,2008-09-30,SH,2471400.0,46093000.0,3030400.0,74244800.0,2.0049,2.194,17,17,-18.44641,reduction,INFORMATION TECHNOLOGY,4362
COOPERMAN LEON G,Dish Network Corp Class A,DISH,2008-09-30,SH,2051100.0,43073000.0,2253000.0,65967840.0,1.8736,1.9494,18,23,-8.961385,reduction,COMMUNICATIONS,8397
COOPERMAN LEON G,Freeport-McMoRan Copper & Gold Inc,FCX,2008-09-30,SH,1479400.0,42052000.0,316800.0,18562896.0,1.8291,0.5485,19,44,366.982323,addition,MATERIALS,652
COOPERMAN LEON G,Williams Cos. (The),WMB,2008-09-30,SH,1771500.0,41896000.0,3220800.0,129830448.0,1.8224,3.8365,20,7,-44.998137,reduction,ENERGY,532
COOPERMAN LEON G,eBay Inc.,EBAY,2008-09-30,SH,1788900.0,40036000.0,1400000.0,38262000.0,1.7415,1.1307,21,30,27.778571,addition,CONSUMER DISCRETIONARY,399
COOPERMAN LEON G,Halliburton Co.,HAL,2008-09-30,SH,1216200.0,39393000.0,1837200.0,97500204.0,1.7135,2.8812,22,10,-33.801437,reduction,ENERGY,411
COOPERMAN LEON G,Textron Inc.,TXT,2008-09-30,SH,1318900.0,38617000.0,0.0,0.0,1.6797,,23,999999,,new,INDUSTRIALS,467
COOPERMAN LEON G,Boeing Company,BA,2008-09-30,SH,666000.0,38195000.0,1216600.0,79954952.0,1.6614,2.3627,24,13,-45.257274,reduction,INDUSTRIALS,210
COOPERMAN LEON G,CIT Group Inc. (2002),CITGQ,2008-09-30,SH,5205800.0,36232000.0,3836600.0,26127246.0,1.576,0.7721,25,38,35.687849,addition,FINANCE,2415
COOPERMAN LEON G,CVS Health Corp. (Melville Shoe),CVS,2008-09-30,SH,1067429.0,35930000.0,1274429.0,50429156.0,1.5629,1.4902,26,27,-16.242568,reduction,CONSUMER STAPLES,221
COOPERMAN LEON G,Enterprise GP Holdings L.P. Units,EPE,2008-09-30,SH,1433950.0,33741000.0,1396950.0,42020256.0,1.4676,1.2417,27,28,2.648627,addition,ENERGY,7925
COOPERMAN LEON G,Discover Financial Services,DFS,2008-09-30,SH,2330300.0,32205000.0,1469100.0,19348047.0,1.4008,0.5717,28,42,58.620924,addition,FINANCE,4324
COOPERMAN LEON G,Mirant Corp. (New),MIRKQ,2008-09-30,SH,1702980.0,31148000.0,3607480.0,141232842.0,1.3549,4.1735,29,5,-52.793085,reduction,UTILITIES AND TELECOMMUNICATIONS,887
COOPERMAN LEON G,Aetna Inc.,AET,2008-09-30,SH,797500.0,28798000.0,0.0,0.0,1.2526,,30,999999,,new,HEALTH CARE,11337
COOPERMAN LEON G,Barr Pharmaceuticals Inc.,BRL,2008-09-30,SH,386700.0,25252000.0,0.0,0.0,1.0984,,31,999999,,new,HEALTH CARE,3348
COOPERMAN LEON G,KKR Financial Holding Co.,KFN,2008-09-30,SH,3939602.0,25056000.0,3524902.0,37011471.0,1.0899,1.0937,32,31,11.764866,addition,FINANCE,6855
COOPERMAN LEON G,Domtar Corp. (Dominion Tar & Chemical),UFS,2008-09-30,SH,10827000.0,24902000.0,10501600.0,28616860.0,1.0832,0.8456,33,36,3.098575,addition,MATERIALS,4947
COOPERMAN LEON G,American Tower Corp. Class A,AMT,2008-09-30,SH,612700.0,22039000.0,843900.0,35654775.0,0.9586,1.0536,34,32,-27.396611,reduction,UTILITIES AND TELECOMMUNICATIONS,4850
COOPERMAN LEON G,Timberland Co Class A,TBL,2008-09-30,SH,1049800.0,18235000.0,1689400.0,27621690.0,0.7932,0.8162,35,37,-37.859595,reduction,CONSUMER DISCRETIONARY,5176
COOPERMAN LEON G,Acres Commercial Realty Corp,ACR,2008-09-30,SH,241586.92,17570000.0,241586.92,20904191.0,0.7642,0.6177,36,41,0.0,,REAL ESTATE,4966
COOPERMAN LEON G,Nutrien Ltd,NTR,2008-09-30,SH,128400.0,16950000.0,0.0,0.0,0.7373,,37,999999,,new,MATERIALS,267
COOPERMAN LEON G,Atlas Energy Inc,ATLS,2008-09-30,SH,699356.0,16855000.0,555556.0,18611126.0,0.7331,0.55,38,43,25.883979,addition,ENERGY,7776
COOPERMAN LEON G,Triplecrown Acquisition Corp,TCW,2008-09-30,SH,1800000.0,15930000.0,1800000.0,16506000.0,0.6929,0.4878,39,45,0.0,,FINANCE,5897
COOPERMAN LEON G,Victory Acquisition Corp,VRY,2008-09-30,SH,1500000.0,14250000.0,1500000.0,14280000.0,0.6198,0.422,40,50,0.0,,FINANCE,9389
COOPERMAN LEON G,Kemper Corp. (1990),KMPR,2008-09-30,SH,545100.0,13595000.0,351200.0,9682584.0,0.5913,0.2861,41,55,55.210706,addition,FINANCE,5181
COOPERMAN LEON G,MPG Office Trust Inc.,MPG,2008-09-30,SH,2177300.0,12977000.0,0.0,0.0,0.5645,,42,999999,,new,FINANCE,2574
COOPERMAN LEON G,Rockwell Automation Inc.,ROK,2008-09-30,SH,325700.0,12162000.0,900000.0,39357000.0,0.529,1.163,43,29,-63.811111,reduction,INDUSTRIALS,816
COOPERMAN LEON G,Resource America Inc Class A,REXI,2008-09-30,SH,1195000.0,11353000.0,1195000.0,11137400.0,0.4938,0.3291,44,52,0.0,,FINANCE,11532
COOPERMAN LEON G,Given Imaging Ltd,GIVN,2008-09-30,SH,1007909.0,11238000.0,965536.0,14232001.0,0.4888,0.4206,45,51,4.388547,addition,HEALTH CARE,7192
COOPERMAN LEON G,Annaly Mortgage Management Inc.,NLY,2008-09-30,SH,197375.0,10619000.0,0.0,0.0,0.4619,,46,999999,,new,REAL ESTATE,2545
COOPERMAN LEON G,RAIT Financial Trust,RASFQ,2008-09-30,SH,11959.88,9850000.0,20898.99,23262902.0,0.4284,0.6874,47,40,-42.772928,reduction,REAL ESTATE,4069
COOPERMAN LEON G,BPW ACQUISITION CORP,BPW-U1,2008-09-30,SH,1027600.0,9259000.0,1040000.0,10202400.0,0.4027,0.3015,48,54,-1.192308,reduction, ,49823
COOPERMAN LEON G,Retail Opportunity Investments Corp,ROIC,2008-09-30,SH,1000000.0,9000000.0,1000000.0,9330000.0,0.3915,0.2757,49,57,0.0,,REAL ESTATE,85696
COOPERMAN LEON G,Crown Castle International Corp,CCI,2008-09-30,SH,223500.0,6475000.0,268900.0,10414497.0,0.2816,0.3078,50,53,-16.8836,reduction,UTILITIES AND TELECOMMUNICATIONS,2617
COOPERMAN LEON G,ProShares UltraShort Real Estate-ProShares UltraShort Real Estate,SRS,2008-09-30,SH,699.93,6467000.0,0.0,0.0,0.2813,,51,999999,,new,REAL ESTATE,4903
COOPERMAN LEON G,Hatteras Financial Corp,HTS,2008-09-30,SH,275000.0,6380000.0,0.0,0.0,0.2775,,52,999999,,new,REAL ESTATE,46117
COOPERMAN LEON G,CastlePoint Holdings Ltd,CPHL,2008-09-30,SH,545000.0,6066000.0,411300.0,3738717.0,0.2639,0.1105,53,67,32.506686,addition,FINANCE,213
COOPERMAN LEON G,CBRE Group Inc Common Stock Class A,CBRE,2008-09-30,SH,425000.0,5682000.0,175000.0,3360000.0,0.2472,0.0993,54,70,142.857143,addition,REAL ESTATE,4017
COOPERMAN LEON G,Ryanair Holdings ADR,RYAAY,2008-09-30,SH,241995.0,5567000.0,292500.0,8601000.0,0.2421,0.2542,55,59,-17.266667,reduction,TRANSPORTS,5951
COOPERMAN LEON G,Wyndham Destinations Inc,TNL,2008-09-30,SH,323900.0,5089000.0,900000.0,16119000.0,0.2214,0.4763,56,47,-64.011111,reduction,CONSUMER DISCRETIONARY,1078
COOPERMAN LEON G,Service Corp. International Inc.,SCI,2008-09-30,SH,472500.0,3950000.0,1603100.0,15806566.0,0.1718,0.4671,57,48,-70.525856,reduction,CONSUMER DISCRETIONARY,714
COOPERMAN LEON G,Hilltop Holdings Inc,HTH,2008-09-30,SH,373675.0,3856000.0,340075.0,3506173.0,0.1677,0.1036,58,69,9.880173,addition,REAL ESTATE,7219
COOPERMAN LEON G,JPMorgan Chase & Co. (Chemical Bank),JPM,2008-09-30,SH,60800.0,2839000.0,0.0,0.0,0.1235,,59,999999,,new,FINANCE,240
COOPERMAN LEON G,VICTORY ACQ CP WTS,TTUNW,2008-09-30,SH,1500000.0,675000.0,1500000.0,945000.0,0.0294,0.0279,60,90,0.0,, ,9402
COOPERMAN LEON G,Ligand Pharmaceuticals Inc.,LGND,2008-09-30,SH,0.0,0.0,265590.06,2584140.0,,0.0764,999999,76,-100.0,soldall,HEALTH CARE,7325
COOPERMAN LEON G,Sprint Corp. (PCS Group),PCS,2008-09-30,SH,0.0,0.0,298700.0,5289977.0,,0.1563,999999,64,-100.0,soldall,COMMUNICATIONS,8913
COOPERMAN LEON G,Citigroup Inc.,C,2008-09-30,SH,0.0,0.0,38750.0,6494500.0,,0.1919,999999,61,-100.0,soldall,FINANCE,216
COOPERMAN LEON G,ConocoPhillips (Phillips Petroleum),COP,2008-09-30,SH,0.0,0.0,601700.0,56794463.0,,1.6783,999999,26,-100.0,soldall,ENERGY,218
COOPERMAN LEON G,Loews Corp,L,2008-09-30,SH,0.0,0.0,1584800.0,74327120.0,,2.1964,999999,16,-100.0,soldall,FINANCE,246
COOPERMAN LEON G,J C Penney Company Inc,CPPRQ,2008-09-30,SH,0.0,0.0,430000.0,15604700.0,,0.4611,999999,49,-100.0,soldall,CONSUMER DISCRETIONARY,338
COOPERMAN LEON G,Wells Fargo & Co.  (Northwest Bancorporation),WFC,2008-09-30,SH,0.0,0.0,337500.0,8015625.0,,0.2369,999999,60,-100.0,soldall,FINANCE,309
COOPERMAN LEON G,Anadarko Petroleum Corp.,APC,2008-09-30,SH,0.0,0.0,874096.6,60515624.0,,1.7883,999999,24,-100.0,soldall,ENERGY,370
COOPERMAN LEON G,Husky Energy Inc.,HUSKF,2008-09-30,SH,0.0,0.0,1241000.0,59531899.0,,1.7592,999999,25,-100.0,soldall,ENERGY,10473
COOPERMAN LEON G,EchoStar Corp.,SATS,2008-09-30,SH,0.0,0.0,376987.0,9537710.0,,0.2818,999999,56,-100.0,soldall,CONSUMER DISCRETIONARY,11307
COOPERMAN LEON G,Bank of America Corp. (North Carolina National Bank),BAC,2008-09-30,SH,0.0,0.0,150000.0,3580500.0,,0.1058,999999,68,-100.0,soldall,FINANCE,205
COOPERMAN LEON G,Ocwen Financial Corp,OCN,2008-09-30,SH,0.0,0.0,44467.56,1860000.0,,0.055,999999,82,-100.0,soldall,FINANCE,11419
COOPERMAN LEON G,Barrick Gold Corp,GOLD,2008-09-30,SH,0.0,0.0,35000.0,1592500.0,,0.0471,999999,86,-100.0,soldall,MATERIALS,11423
COOPERMAN LEON G,ARRIS International Plc,ARRS,2008-09-30,SH,0.0,0.0,275000.0,2323750.0,,0.0687,999999,77,-100.0,soldall,INFORMATION TECHNOLOGY,198
COOPERMAN LEON G,Philip Morris International Inc,PM,2008-09-30,SH,0.0,0.0,608200.0,30038998.0,,0.8877,999999,35,-100.0,soldall,CONSUMER STAPLES,45788
COOPERMAN LEON G,Tembec Inc,TMBCF,2008-09-30,SH,0.0,0.0,473123.0,1627132.0,,0.0481,999999,85,-100.0,soldall,MATERIALS,46796
COOPERMAN LEON G,Yamana Gold Inc.,AUY,2008-09-30,SH,0.0,0.0,100000.0,1654000.0,,0.0489,999999,84,-100.0,soldall,MATERIALS,132
COOPERMAN LEON G,GoldCorp Inc.,GG,2008-09-30,SH,0.0,0.0,36000.0,1662120.0,,0.0491,999999,83,-100.0,soldall,MATERIALS,116
COOPERMAN LEON G,Genentech Inc.,DNA,2008-09-30,SH,0.0,0.0,873000.0,66260700.0,,1.958,999999,22,-100.0,soldall,HEALTH CARE,555
COOPERMAN LEON G,COMCAST CORP SPL A (NEW),CMCSK,2008-09-30,SH,0.0,0.0,309900.0,5813724.0,,0.1718,999999,62,-100.0,soldall,CONSUMER DISCRETIONARY,2829
COOPERMAN LEON G,Mondelez International Inc. (Kraft Foods),MDLZ,2008-09-30,SH,0.0,0.0,35000.0,995750.0,,0.0294,999999,89,-100.0,soldall,CONSUMER STAPLES,3785
COOPERMAN LEON G,Seagate Technology plc,STX,2008-09-30,SH,0.0,0.0,175000.0,3347750.0,,0.0989,999999,71,-100.0,soldall,INFORMATION TECHNOLOGY,2526
COOPERMAN LEON G,Unisys Corp. (Burroughs Adding Machine),UIS,2008-09-30,SH,0.0,0.0,70000.0,2765000.0,,0.0817,999999,74,-100.0,soldall,INFORMATION TECHNOLOGY,4184
COOPERMAN LEON G,Alcatel-Lucent ADS,ALU,2008-09-30,SH,0.0,0.0,500000.0,3020000.0,,0.0892,999999,73,-100.0,soldall,INFORMATION TECHNOLOGY,4201
COOPERMAN LEON G,Burlington Northern Santa Fe Corp.,BNI,2008-09-30,SH,0.0,0.0,254600.0,25431994.0,,0.7515,999999,39,-100.0,soldall,TRANSPORTS,1052
COOPERMAN LEON G,Whole Foods Market Inc.,WFM,2008-09-30,SH,0.0,0.0,400000.0,4738000.0,,0.14,999999,66,-100.0,soldall,CONSUMER STAPLES,1037
COOPERMAN LEON G,Amkor Technology Inc.,AMKR,2008-09-30,SH,0.0,0.0,152000.0,1582320.0,,0.0468,999999,87,-100.0,soldall,INFORMATION TECHNOLOGY,931
COOPERMAN LEON G,LSI Corp. (CA),LSI,2008-09-30,SH,0.0,0.0,2664312.0,16358876.0,,0.4834,999999,46,-100.0,soldall,INFORMATION TECHNOLOGY,922
COOPERMAN LEON G,UTStarcom Holdings Corp,UTSI,2008-09-30,SH,0.0,0.0,33330.0,2188000.0,,0.0647,999999,78,-100.0,soldall,INFORMATION TECHNOLOGY,837
COOPERMAN LEON G,NORTEL NETWORKS CRP(HLDG CO) NEW,NRTLQ,2008-09-30,SH,0.0,0.0,330000.0,2712600.0,,0.0802,999999,75,-100.0,soldall,INFORMATION TECHNOLOGY,6555
COOPERMAN LEON G,Micron Technology Inc.,MU,2008-09-30,SH,0.0,0.0,350000.0,2100000.0,,0.0621,999999,79,-100.0,soldall,INFORMATION TECHNOLOGY,488
COOPERMAN LEON G,Wyeth Inc.,WYE,2008-09-30,SH,0.0,0.0,1414800.0,67853808.0,,2.0051,999999,21,-100.0,soldall,HEALTH CARE,477
COOPERMAN LEON G,STMicroelectronics N.V. ADS ADR,STM,2008-09-30,SH,0.0,0.0,190000.0,1962700.0,,0.058,999999,81,-100.0,soldall,INFORMATION TECHNOLOGY,5019
COOPERMAN LEON G,Sprint Corp,S,2008-09-30,SH,0.0,0.0,320000.0,3040000.0,,0.0898,999999,72,-100.0,soldall,UTILITIES AND TELECOMMUNICATIONS,461
COOPERMAN LEON G,Honeywell International Inc. (Allied Chemical and Dye - Allied Signal),HON,2008-09-30,SH,0.0,0.0,185980.5,9301800.0,,0.2749,999999,58,-100.0,soldall,INDUSTRIALS,416
COOPERMAN LEON G,Zumiez Inc,ZUMZ,2008-09-30,SH,0.0,0.0,325000.0,5388500.0,,0.1592,999999,63,-100.0,soldall,CONSUMER DISCRETIONARY,5194
COOPERMAN LEON G,Apache Corp,APA,2008-09-30,SH,0.0,0.0,255700.0,35542300.0,,1.0503,999999,33,-100.0,soldall,ENERGY,373
COOPERMAN LEON G,Chicago Bridge & Iron Co. NV,CBI,2008-09-30,SH,0.0,0.0,35000.0,1393700.0,,0.0412,999999,88,-100.0,soldall,INDUSTRIALS,5454
COOPERMAN LEON G,Johnson Controls International plc (Tyco Laboratories),JCI,2008-09-30,SH,0.0,0.0,1623007.37,33825792.0,,0.9996,999999,34,-100.0,soldall,INDUSTRIALS,2837
COOPERMAN LEON G,ASE Technology Holding Co Ltd,ASX,2008-09-30,SH,0.0,0.0,450000.0,2002500.0,,0.0592,999999,80,-100.0,soldall,INFORMATION TECHNOLOGY,6302
