Filer Name,Stock Name,Stock Ticker,Quarter Date,Type of Security,Current Shares Held,Current Market Value,Previous Shares Held,Previous Market Value,Current % of Portfolio,Previous % of Portfolio,Current Rank,Previous Rank,Change in Shares,Type of Change,Sector,stock_id
COOPERMAN LEON G,Elevance Health Inc,ELV,2005-06-30,SH,2740194.0,190827000.0,3010200.0,188664000.0,5.9558,6.0185,1,2,-8.969703,reduction,HEALTH CARE,175259
COOPERMAN LEON G,Nextel Communications Inc. Class A,NXTL,2005-06-30,SH,3780900.0,122161000.0,1826000.0,51895000.0,3.8127,1.6555,2,19,107.059146,addition,INFORMATION TECHNOLOGY,97432
COOPERMAN LEON G,Dish Network Corp Class A,DISH,2005-06-30,SH,3357300.0,101223000.0,3365400.0,98438000.0,3.1592,3.1402,3,5,-0.240685,reduction,COMMUNICATIONS,8397
COOPERMAN LEON G,Royal Dutch Petroleum Co. ADR (New York),RD,2005-06-30,SH,1559100.0,101186000.0,1936100.0,116243000.0,3.1581,3.7082,4,3,-19.472135,reduction,ENERGY,107471
COOPERMAN LEON G,Cendant Corp,cd,2005-06-30,SH,4070055.0,91047000.0,4715055.0,96847000.0,2.8416,3.0895,5,6,-13.679586,reduction, ,141590
COOPERMAN LEON G,MCI Inc,MCIP,2005-06-30,SH,3242500.0,83365000.0,10142709.0,252756000.0,2.6019,8.063,6,1,-68.031223,reduction,COMMUNICATIONS,102700
COOPERMAN LEON G,American International Group Inc.,AIG,2005-06-30,SH,70375.0,81776000.0,58025.0,64303000.0,2.5523,2.0513,7,10,21.283929,addition,FINANCE,193
COOPERMAN LEON G,Johnson Controls International plc (Tyco Laboratories),JCI,2005-06-30,SH,1344096.69,81716000.0,1170422.61,82367000.0,2.5504,2.6275,8,7,14.838579,addition,INDUSTRIALS,2837
COOPERMAN LEON G,Light & Wonder Inc,LNW,2005-06-30,SH,2968300.0,79936000.0,2978900.0,68068000.0,2.4949,2.1714,9,9,-0.355836,reduction,INDUSTRIALS,4002
COOPERMAN LEON G,Freeport-McMoRan Copper & Gold Inc,FCX,2005-06-30,SH,3855668.0,72178000.0,4094068.0,81083000.0,2.2527,2.5866,10,8,-5.823059,reduction,MATERIALS,652
COOPERMAN LEON G,Autoliv Inc,ALV,2005-06-30,SH,2266187.6,71512000.0,1691972.0,58085000.0,2.2319,1.8529,11,15,33.937654,addition,CONSUMER DISCRETIONARY,6313
COOPERMAN LEON G,Bread Financial Holdings Inc,BFH,2005-06-30,SH,1683200.0,68271000.0,0.0,0.0,2.1308,,12,999999,,new,INFORMATION TECHNOLOGY,3569
COOPERMAN LEON G,Kerr-McGee Corp.,KMG,2005-06-30,SH,1653138.0,63075000.0,1478800.0,57917000.0,1.9686,1.8476,13,16,11.789153,addition,ENERGY,102229
COOPERMAN LEON G,CNO Financial Group Inc,CNO,2005-06-30,SH,2766800.0,60372000.0,2784800.0,56866000.0,1.8843,1.814,14,18,-0.646366,reduction,FINANCE,4077
COOPERMAN LEON G,TXU Corp.,TXU,2005-06-30,SH,1390600.0,57772000.0,1244000.0,49530000.0,1.8031,1.58,15,22,11.784566,addition,UTILITIES AND TELECOMMUNICATIONS,97257
COOPERMAN LEON G,Transocean Ltd,RIG,2005-06-30,SH,1030300.0,55605000.0,698000.0,35919000.0,1.7355,1.1458,16,35,47.60745,addition,ENERGY,4160
COOPERMAN LEON G,Service Corp. International Inc.,SCI,2005-06-30,SH,6919700.0,55496000.0,6611800.0,49456000.0,1.7321,1.5777,17,23,4.656826,addition,CONSUMER DISCRETIONARY,714
COOPERMAN LEON G,MBNA Corp.,KRB,2005-06-30,SH,2120000.0,55459000.0,35299.0,867000.0,1.7309,0.0277,18,105,5905.835859,addition,FINANCE,102274
COOPERMAN LEON G,TotalEnergies SE,TTE,2005-06-30,SH,469900.0,54908000.0,364900.0,42777000.0,1.7137,1.3646,19,30,28.775007,addition,ENERGY,4389
COOPERMAN LEON G,Hilton Hotels Corp.,HLT,2005-06-30,SH,2270687.0,54156000.0,2108400.0,47123000.0,1.6902,1.5032,20,26,7.697164,addition,CONSUMER DISCRETIONARY,97330
COOPERMAN LEON G,Computer Network Technology,CMNT,2005-06-30,SH,1935100.0,53177000.0,2261100.0,61276000.0,1.6597,1.9547,21,11,-14.417761,reduction,INFORMATION TECHNOLOGY,99250
COOPERMAN LEON G,Chiquita Brands International Inc,CQB,2005-06-30,SH,1930900.0,53023000.0,2244800.0,60116000.0,1.6549,1.9177,22,13,-13.983428,reduction,CONSUMER STAPLES,11517
COOPERMAN LEON G,Lilly (Eli) & Co.,LLY,2005-06-30,SH,930785.0,51854000.0,0.0,0.0,1.6184,,23,999999,,new,HEALTH CARE,244
COOPERMAN LEON G,Gen Digital Inc,GEN,2005-06-30,SH,2381700.0,51778000.0,1413500.0,30150000.0,1.616,0.9618,24,39,68.49664,addition,INFORMATION TECHNOLOGY,466
COOPERMAN LEON G,CMS Energy Corp. (Consumers Power Co.),CMS,2005-06-30,SH,3430700.0,51666000.0,4458400.0,58138000.0,1.6125,1.8546,25,14,-23.05087,reduction,UTILITIES AND TELECOMMUNICATIONS,895
COOPERMAN LEON G,Yellow Corp,YELLQ,2005-06-30,SH,133.17,51252000.0,91.59,40621000.0,1.5996,1.2958,26,34,45.397969,addition,TRANSPORTS,3517
COOPERMAN LEON G,Spirit Finance Corp.,SFC,2005-06-30,SH,4044900.0,47528000.0,4044900.0,43928000.0,1.4834,1.4013,27,28,0.0,,FINANCE,104929
COOPERMAN LEON G,Altria Group Inc. (Philip Morris),MO,2005-06-30,SH,734500.0,47493000.0,400000.0,26156000.0,1.4823,0.8344,28,43,83.625,addition,CONSUMER STAPLES,191
COOPERMAN LEON G,Citigroup Inc.,C,2005-06-30,SH,102250.0,47270000.0,99900.0,44895000.0,1.4753,1.4322,29,27,2.352352,addition,FINANCE,216
COOPERMAN LEON G,J C Penney Company Inc,CPPRQ,2005-06-30,SH,852000.0,44798000.0,1158300.0,60139000.0,1.3982,1.9185,30,12,-26.443926,reduction,CONSUMER DISCRETIONARY,338
COOPERMAN LEON G,Freddie Mac (Federal Home Loan Mortgage Corp.),FMCC,2005-06-30,SH,679900.0,44350000.0,378600.0,23928000.0,1.3842,0.7633,31,45,79.582673,addition,FINANCE,2416
COOPERMAN LEON G,Cameco Corp.,CCJ,2005-06-30,SH,1917000.0,42893000.0,2157000.0,47713000.0,1.3387,1.5221,32,25,-11.126565,reduction,ENERGY,156
COOPERMAN LEON G,CareMark RX Inc.,CMX,2005-06-30,SH,955800.0,42552000.0,1224611.0,48715000.0,1.3281,1.554,33,24,-21.950726,reduction,HEALTH CARE,99273
COOPERMAN LEON G,Tempur Sealy International Inc,TPX,2005-06-30,SH,7422800.0,41159000.0,9236800.0,43090000.0,1.2846,1.3746,34,29,-19.638836,reduction,CONSUMER DISCRETIONARY,2683
COOPERMAN LEON G,BP Plc ADR (British Petroleum),BP,2005-06-30,SH,655800.0,40909000.0,655800.0,40922000.0,1.2768,1.3054,35,33,0.0,,ENERGY,2506
COOPERMAN LEON G,Resource America Inc Class A,REXI,2005-06-30,SH,1059700.0,40830000.0,917200.0,32143000.0,1.2743,1.0254,36,38,15.536415,addition,FINANCE,11532
COOPERMAN LEON G,International Business Machines Corp.,IBM,2005-06-30,SH,545000.0,40439000.0,0.0,0.0,1.2621,,37,999999,,new,INFORMATION TECHNOLOGY,237
COOPERMAN LEON G,Pfizer Inc.,PFE,2005-06-30,SH,1451041.8,37969000.0,1071601.8,26709000.0,1.185,0.852,38,42,35.408675,addition,HEALTH CARE,265
COOPERMAN LEON G,Bank of America Corp. (North Carolina National Bank),BAC,2005-06-30,SH,813600.0,37108000.0,813600.0,35880000.0,1.1582,1.1446,39,36,0.0,,FINANCE,205
COOPERMAN LEON G,Embraer S.A. ADR,ERJ,2005-06-30,SH,1073100.0,35487000.0,1073100.0,33588000.0,1.1076,1.0715,40,37,0.0,,INDUSTRIALS,5079
COOPERMAN LEON G,E*Trade Financial Corp.,ETFC,2005-06-30,SH,2526500.0,35346000.0,2057700.0,24692000.0,1.1032,0.7877,41,44,22.782719,addition,FINANCE,3598
COOPERMAN LEON G,Kohls Corp.,KSS,2005-06-30,SH,628600.0,35145000.0,0.0,0.0,1.0969,,42,999999,,new,CONSUMER DISCRETIONARY,526
COOPERMAN LEON G,Liberty Media Group Inc. Class A,LMCA,2005-06-30,SH,3375445.0,34396000.0,3950445.0,40966000.0,1.0735,1.3068,43,32,-14.555322,reduction,CONSUMER DISCRETIONARY,107293
COOPERMAN LEON G,DuPont de Nemours Inc.,DD,2005-06-30,SH,362107.94,34126000.0,149688.0,15792000.0,1.0651,0.5038,44,56,141.908463,addition,MATERIALS,225
COOPERMAN LEON G,Time Warner Inc. (New),TWX,2005-06-30,SH,579508.71,29054000.0,427990.53,22536000.0,0.9068,0.7189,45,48,35.402227,addition,COMMUNICATIONS,284
COOPERMAN LEON G,Alamosa Holdings Inc,APCS,2005-06-30,SH,2036100.0,28302000.0,2036100.0,23761000.0,0.8833,0.758,46,46,0.0,,COMMUNICATIONS,97974
COOPERMAN LEON G,Walmart Inc,WMT,2005-06-30,SH,1683600.0,27050000.0,0.0,0.0,0.8442,,47,999999,,new,CONSUMER STAPLES,345
COOPERMAN LEON G,Ross Stores Inc. (DE),ROST,2005-06-30,SH,3718800.0,26878000.0,3050800.0,22225000.0,0.8389,0.709,48,49,21.895896,addition,CONSUMER DISCRETIONARY,2755
COOPERMAN LEON G,Copart Inc.,CPRT,2005-06-30,SH,17374400.0,25844000.0,14420800.0,21235000.0,0.8066,0.6774,49,51,20.481527,addition,INDUSTRIALS,2766
COOPERMAN LEON G,Accenture Plc,ACN,2005-06-30,SH,1036700.0,23502000.0,200000.0,4830000.0,0.7335,0.1541,50,74,418.35,addition,INFORMATION TECHNOLOGY,4409
COOPERMAN LEON G,Scottish Re Group Ltd. Ordinary,SKRRF,2005-06-30,SH,909500.0,22046000.0,759500.0,17104000.0,0.6881,0.5456,51,54,19.749835,addition,FINANCE,105073
COOPERMAN LEON G,Deere & Co.,DE,2005-06-30,SH,641400.0,21003000.0,250000.0,8391000.0,0.6555,0.2677,52,68,156.56,addition,INDUSTRIALS,222
COOPERMAN LEON G,Fisher Scientific International Inc.,FSH,2005-06-30,SH,293000.0,19016000.0,150000.0,8538000.0,0.5935,0.2724,53,65,95.333333,addition,HEALTH CARE,100819
COOPERMAN LEON G,Morgan Stanley,MS,2005-06-30,SH,353600.0,18553000.0,150000.0,8588000.0,0.5791,0.274,54,64,135.733333,addition,FINANCE,505
COOPERMAN LEON G,NTL Inc. (New),NTLI,2005-06-30,SH,270600.0,18514000.0,0.0,0.0,0.5778,,55,999999,,new,CONSUMER DISCRETIONARY,103474
COOPERMAN LEON G,Affiliated Managers Group Inc,AMG,2005-06-30,SH,258300.0,17650000.0,140000.0,8684000.0,0.5509,0.277,56,63,84.5,addition,FINANCE,2620
COOPERMAN LEON G,Axis Capital Holdings Ltd,AXS,2005-06-30,SH,615000.0,17405000.0,130000.0,3515000.0,0.5432,0.1121,57,75,373.076923,addition,FINANCE,5676
COOPERMAN LEON G,Cablevision Systems Corp. Class A,CVC,2005-06-30,SH,537600.0,17311000.0,0.0,0.0,0.5403,,58,999999,,new,CONSUMER DISCRETIONARY,5211
COOPERMAN LEON G,CAE Inc,CAE,2005-06-30,SH,2870300.0,15365000.0,3070300.0,15170000.0,0.4796,0.4839,59,57,-6.514021,reduction,INDUSTRIALS,6898
COOPERMAN LEON G,Virgin Media Inc,VMED,2005-06-30,SH,660100.0,15037000.0,0.0,0.0,0.4693,,60,999999,,new,CONSUMER DISCRETIONARY,2410
COOPERMAN LEON G,Advanced Medical Optics Inc.,EYE,2005-06-30,SH,378100.0,15029000.0,0.0,0.0,0.4691,,61,999999,,new,HEALTH CARE,747
COOPERMAN LEON G,Arbor Realty Trust,ABR,2005-06-30,SH,489600.0,14052000.0,489600.0,12118000.0,0.4386,0.3866,62,60,0.0,,REAL ESTATE,5208
COOPERMAN LEON G,BearingPoint Inc,BGPTQ,2005-06-30,SH,361400.0,13245000.0,0.0,0.0,0.4134,,63,999999,,new,INFORMATION TECHNOLOGY,75520
COOPERMAN LEON G,TD Ameritrade Holding Corp Class A,AMTD,2005-06-30,SH,675000.0,12548000.0,0.0,0.0,0.3916,,64,999999,,new,FINANCE,2821
COOPERMAN LEON G,FURNITURE BRANDS INTERNATIONAL,FBNIQ,2005-06-30,SH,82810.55,12523000.0,105245.85,16063000.0,0.3909,0.5124,65,55,-21.31704,reduction,CONSUMER DISCRETIONARY,5088
COOPERMAN LEON G,Sempra Energy Inc.,SRE,2005-06-30,SH,518800.0,10716000.0,518800.0,10334000.0,0.3345,0.3297,66,62,0.0,,UTILITIES AND TELECOMMUNICATIONS,11357
COOPERMAN LEON G,AES Corp. (The),AES,2005-06-30,SH,610800.0,10005000.0,300000.0,4914000.0,0.3123,0.1568,67,73,103.6,addition,UTILITIES AND TELECOMMUNICATIONS,860
COOPERMAN LEON G,Hercules Inc.,HPC,2005-06-30,SH,704900.0,9974000.0,0.0,0.0,0.3113,,68,999999,,new,MATERIALS,3614
COOPERMAN LEON G,Vodafone Group Plc Sponsored ADR,VOD,2005-06-30,SH,350000.0,9728000.0,0.0,0.0,0.3036,,69,999999,,new,UTILITIES AND TELECOMMUNICATIONS,4155
COOPERMAN LEON G,iStar Inc. (Starwood Financial),STAR,2005-06-30,SH,47004.67,9516000.0,71636.93,14359000.0,0.297,0.4581,70,59,-34.384863,reduction,REAL ESTATE,2570
COOPERMAN LEON G,Assurant Inc.,AIZ,2005-06-30,SH,237500.0,8574000.0,0.0,0.0,0.2676,,71,999999,,new,FINANCE,4300
COOPERMAN LEON G,RenaissanceRe Holdings Ltd,RNR,2005-06-30,SH,173400.0,8538000.0,470000.0,21949000.0,0.2665,0.7002,72,50,-63.106383,reduction,FINANCE,2614
COOPERMAN LEON G,American Financial Group Inc. (Holding Co.),AFG,2005-06-30,SH,353700.0,7904000.0,117450.0,2412000.0,0.2467,0.0769,73,82,201.149425,addition,FINANCE,604
COOPERMAN LEON G,Ovintiv Inc. (Pan Canadian Energy - Encana Corp.),OVV,2005-06-30,SH,35840.0,7095000.0,167360.0,29464000.0,0.2214,0.9399,74,40,-78.585086,reduction,ENERGY,112
COOPERMAN LEON G,BB Liquidating Inc.,BLIAQ,2005-06-30,SH,754200.0,6878000.0,1331200.0,11754000.0,0.2147,0.375,75,61,-43.344351,reduction,CONSUMER DISCRETIONARY,90529
COOPERMAN LEON G,BB Liquidating Corp. Class B,BLIAQB,2005-06-30,SH,708900.0,6082000.0,1008900.0,8434000.0,0.1898,0.269,76,66,-29.735355,reduction,CONSUMER DISCRETIONARY,7829
COOPERMAN LEON G,Blackberry Ltd,BB,2005-06-30,SH,240000.0,5900000.0,4548300.0,115860000.0,0.1841,3.696,77,4,-94.723303,reduction,INFORMATION TECHNOLOGY,21
COOPERMAN LEON G,Magellan Health Inc,MGLN,2005-06-30,SH,162500.0,5738000.0,0.0,0.0,0.1791,,78,999999,,new,HEALTH CARE,4286
COOPERMAN LEON G,21st Century Holding Co.,TCHC,2005-06-30,SH,389000.0,5014000.0,89000.0,1205000.0,0.1565,0.0384,79,89,337.078652,addition,FINANCE,11557
COOPERMAN LEON G,Laidlaw International Inc.,LI,2005-06-30,SH,202200.0,4873000.0,2478727.0,51558000.0,0.1521,1.6447,80,20,-91.842587,reduction,TRANSPORTS,97317
COOPERMAN LEON G,TOWER GROUP INTL LTD COM STK,TWGP,2005-06-30,SH,203100.0,3174000.0,94600.0,1262000.0,0.0991,0.0403,81,88,114.693446,addition,FINANCE,2713
COOPERMAN LEON G,Liveramp Holdings Inc,RAMP,2005-06-30,SH,141300.0,2950000.0,0.0,0.0,0.0921,,82,999999,,new,INFORMATION TECHNOLOGY,3458
COOPERMAN LEON G,Questar Corp.,STR,2005-06-30,SH,80000.0,2636000.0,80000.0,2370000.0,0.0823,0.0756,83,83,0.0,,ENERGY,3655
COOPERMAN LEON G,Exelon Corp,EXC,2005-06-30,SH,70100.0,2567000.0,70100.0,2295000.0,0.0801,0.0732,84,84,0.0,,UTILITIES AND TELECOMMUNICATIONS,404
COOPERMAN LEON G,Southern Union Co. (New),SUG,2005-06-30,SH,100000.0,2455000.0,100000.0,2511000.0,0.0766,0.0801,85,80,0.0,,UTILITIES AND TELECOMMUNICATIONS,5480
COOPERMAN LEON G,Interoil Corp.,IOC,2005-06-30,SH,50000.0,1359000.0,90000.0,3146000.0,0.0424,0.1004,86,76,-44.444444,reduction,ENERGY,7250
COOPERMAN LEON G,Goldman Sachs Group Inc,GS,2005-06-30,SH,11457.0,1169000.0,0.0,0.0,0.0365,,87,999999,,new,FINANCE,232
COOPERMAN LEON G,Medco Health Solutions Inc.,MHS,2005-06-30,SH,42600.0,1137000.0,0.0,0.0,0.0355,,88,999999,,new,HEALTH CARE,430
COOPERMAN LEON G,PACCAR Inc.,PCAR,2005-06-30,SH,54000.0,1088000.0,0.0,0.0,0.034,,89,999999,,new,INDUSTRIALS,11354
COOPERMAN LEON G,Xilinx Inc,XLNX,2005-06-30,SH,41905.0,1069000.0,0.0,0.0,0.0334,,90,999999,,new,INFORMATION TECHNOLOGY,930
COOPERMAN LEON G,Heinz (H.J.) Co.,HNZ,2005-06-30,SH,29425.0,1042000.0,0.0,0.0,0.0325,,91,999999,,new,CONSUMER STAPLES,413
COOPERMAN LEON G,International Paper Co.,IP,2005-06-30,SH,35988.48,1030000.0,0.0,0.0,0.0321,,92,999999,,new,MATERIALS,2541
COOPERMAN LEON G,United States Steel Corp.,X,2005-06-30,SH,29719.0,1021000.0,0.0,0.0,0.0319,,93,999999,,new,MATERIALS,3679
COOPERMAN LEON G,KeyCorp Inc. (Cleveland Ohio),KEY,2005-06-30,SH,30049.0,996000.0,0.0,0.0,0.0311,,94,999999,,new,FINANCE,422
COOPERMAN LEON G,Wachovia Corp.,WB,2005-06-30,SH,19600.0,972000.0,19600.0,998000.0,0.0303,0.0318,95,96,0.0,,FINANCE,287
COOPERMAN LEON G,Steel Dynamics Inc.,STLD,2005-06-30,SH,148000.0,971000.0,0.0,0.0,0.0303,,96,999999,,new,MATERIALS,3705
COOPERMAN LEON G,NightShares 500 Covered Call ETF-NightShares 500 Covered Call ETF,NCC,2005-06-30,SH,27700.0,945000.0,27700.0,928000.0,0.0295,0.0296,97,101,0.0,,FINANCE,435
COOPERMAN LEON G,Schlumberger Ltd.,SLB,2005-06-30,SH,24140.0,917000.0,0.0,0.0,0.0286,,98,999999,,new,ENERGY,276
COOPERMAN LEON G,Orbital ATK Inc.,OA,2005-06-30,SH,12900.0,911000.0,0.0,0.0,0.0284,,99,999999,,new,INDUSTRIALS,4984
COOPERMAN LEON G,Merck & Co,MRK,2005-06-30,SH,29415.26,864000.0,0.0,0.0,0.027,,100,999999,,new,HEALTH CARE,431
COOPERMAN LEON G,Norfolk Southern Corp.,NSC,2005-06-30,SH,24368.0,754000.0,27009.0,1001000.0,0.0235,0.0319,101,94,-9.778222,reduction,TRANSPORTS,440
COOPERMAN LEON G,Toll Brothers Inc.,TOL,2005-06-30,SH,12852.0,653000.0,0.0,0.0,0.0204,,102,999999,,new,CONSUMER DISCRETIONARY,2528
COOPERMAN LEON G,Anadarko Petroleum Corp.,APC,2005-06-30,SH,6651.39,505000.0,0.0,0.0,0.0158,,103,999999,,new,ENERGY,370
COOPERMAN LEON G,ConocoPhillips (Phillips Petroleum),COP,2005-06-30,SH,8619.0,496000.0,0.0,0.0,0.0155,,104,999999,,new,ENERGY,218
COOPERMAN LEON G,Humana Inc.,HUM,2005-06-30,SH,12100.0,481000.0,263800.0,8426000.0,0.015,0.2688,105,67,-95.413192,reduction,HEALTH CARE,417
COOPERMAN LEON G,Novellus Systems Inc.,NVLS,2005-06-30,SH,13428.0,332000.0,0.0,0.0,0.0104,,106,999999,,new,INFORMATION TECHNOLOGY,953
COOPERMAN LEON G,Beazer Homes USA Inc.,BZH,2005-06-30,SH,4563.0,261000.0,0.0,0.0,0.0081,,107,999999,,new,CONSUMER DISCRETIONARY,11413
COOPERMAN LEON G,Maxim Integrated Products Inc,MXIM,2005-06-30,SH,5943.0,227000.0,0.0,0.0,0.0071,,108,999999,,new,INFORMATION TECHNOLOGY,429
COOPERMAN LEON G,Suncor Energy Inc.,SU,2005-06-30,SH,0.0,0.0,970000.0,19527000.0,,0.6229,999999,52,-100.0,soldall,ENERGY,127
COOPERMAN LEON G,Chevron Corp. (Standard Oil of California),CVX,2005-06-30,SH,0.0,0.0,21870.0,1275000.0,,0.0407,999999,87,-100.0,soldall,ENERGY,214
COOPERMAN LEON G,General Dynamics Corp. (Electric Boat),GD,2005-06-30,SH,0.0,0.0,18842.0,1009000.0,,0.0322,999999,93,-100.0,soldall,INDUSTRIALS,229
COOPERMAN LEON G,McDonalds Corp.,MCD,2005-06-30,SH,0.0,0.0,17800.0,554000.0,,0.0177,999999,109,-100.0,soldall,CONSUMER DISCRETIONARY,250
COOPERMAN LEON G,Boston Scientific Inc.,BSX,2005-06-30,SH,0.0,0.0,954600.0,27960000.0,,0.8919,999999,41,-100.0,soldall,HEALTH CARE,379
COOPERMAN LEON G,Sprint Corp,S,2005-06-30,SH,0.0,0.0,2541400.0,57817000.0,,1.8444,999999,17,-100.0,soldall,UTILITIES AND TELECOMMUNICATIONS,461
COOPERMAN LEON G,Whirlpool Corp. (DE),WHR,2005-06-30,SH,0.0,0.0,35800.0,2425000.0,,0.0774,999999,81,-100.0,soldall,CONSUMER DISCRETIONARY,476
COOPERMAN LEON G,Laboratory Corp of America Holdings,LH,2005-06-30,SH,0.0,0.0,22884.24,948000.0,,0.0302,999999,99,-100.0,soldall,HEALTH CARE,564
COOPERMAN LEON G,Corporate Executive Board Co. (The),CEB,2005-06-30,SH,0.0,0.0,92400.0,5909000.0,,0.1885,999999,70,-100.0,soldall,INDUSTRIALS,770
COOPERMAN LEON G,Wynn Resorts Ltd,WYNN,2005-06-30,SH,0.0,0.0,610100.0,41328000.0,,1.3184,999999,31,-100.0,soldall,CONSUMER DISCRETIONARY,839
COOPERMAN LEON G,Applied Materials Inc.,AMAT,2005-06-30,SH,0.0,0.0,21897.0,356000.0,,0.0114,999999,113,-100.0,soldall,INFORMATION TECHNOLOGY,918
COOPERMAN LEON G,Omnicare Inc.,OCR,2005-06-30,SH,0.0,0.0,25374.0,900000.0,,0.0287,999999,103,-100.0,soldall,HEALTH CARE,2424
COOPERMAN LEON G,Advance Auto Parts Inc.,AAP,2005-06-30,SH,0.0,0.0,687450.0,23121000.0,,0.7376,999999,47,-100.0,soldall,CONSUMER DISCRETIONARY,3562
COOPERMAN LEON G,American Capital Ltd,ACAS,2005-06-30,SH,0.0,0.0,32300.0,1015000.0,,0.0324,999999,90,-100.0,soldall,FINANCE,3575
COOPERMAN LEON G,PNC Financial Services Group Inc. (The) (Provident National Trust Co.),PNC,2005-06-30,SH,0.0,0.0,19700.0,1014000.0,,0.0323,999999,91,-100.0,soldall,FINANCE,3649
COOPERMAN LEON G,United Parcel Service Inc. Class B,UPS,2005-06-30,SH,0.0,0.0,12728.0,926000.0,,0.0295,999999,102,-100.0,soldall,TRANSPORTS,3795
COOPERMAN LEON G,Liberty Global plc Class A,LBTYA,2005-06-30,SH,0.0,0.0,11300.0,494000.0,,0.0158,999999,110,-100.0,soldall,COMMUNICATIONS,4042
COOPERMAN LEON G,Willis Towers Watson Public Limited Co,WTW,2005-06-30,SH,0.0,0.0,27821.75,2717000.0,,0.0867,999999,79,-100.0,soldall,FINANCE,4158
COOPERMAN LEON G,Chubb Corp.,CB,2005-06-30,SH,0.0,0.0,25492.0,1010000.0,,0.0322,999999,92,-100.0,soldall,FINANCE,4311
COOPERMAN LEON G,Southern Co.,SO,2005-06-30,SH,0.0,0.0,29910.0,952000.0,,0.0304,999999,98,-100.0,soldall,UTILITIES AND TELECOMMUNICATIONS,4383
COOPERMAN LEON G,Campbell Soup Co.,CPB,2005-06-30,SH,0.0,0.0,28557.0,829000.0,,0.0264,999999,107,-100.0,soldall,CONSUMER STAPLES,4808
COOPERMAN LEON G,D.R. Horton Inc.,DHI,2005-06-30,SH,0.0,0.0,29188.0,853000.0,,0.0272,999999,106,-100.0,soldall,CONSUMER DISCRETIONARY,4864
COOPERMAN LEON G,KLA Corp,KLAC,2005-06-30,SH,0.0,0.0,19460.0,895000.0,,0.0286,999999,104,-100.0,soldall,INFORMATION TECHNOLOGY,4888
COOPERMAN LEON G,ALTERA CORP,ALTR,2005-06-30,SH,0.0,0.0,48370.0,957000.0,,0.0305,999999,97,-100.0,soldall,INFORMATION TECHNOLOGY,5046
COOPERMAN LEON G,Newfield Exploration Co. Inc,NFX,2005-06-30,SH,0.0,0.0,213145.8,2963000.0,,0.0945,999999,77,-100.0,soldall,ENERGY,5143
COOPERMAN LEON G,Contango Oil & Gas Co.,MCF,2005-06-30,SH,0.0,0.0,74300.0,620000.0,,0.0198,999999,108,-100.0,soldall,ENERGY,5263
COOPERMAN LEON G,Oceaneering International Inc.,OII,2005-06-30,SH,0.0,0.0,300000.0,2813000.0,,0.0897,999999,78,-100.0,soldall,ENERGY,5613
COOPERMAN LEON G,PINNACLE ENTERTAINMENT INC,PNK,2005-06-30,SH,0.0,0.0,1041900.0,17400000.0,,0.5551,999999,53,-100.0,soldall,REAL ESTATE,5654
COOPERMAN LEON G,DAWSON GEOPHYSICAL CO 02/12/2015Non-Confidential,DWSN,2005-06-30,SH,0.0,0.0,75000.0,1815000.0,,0.0579,999999,85,-100.0,soldall,ENERGY,6345
COOPERMAN LEON G,Cigna Holding Co,CI,2005-06-30,SH,0.0,0.0,5165.0,461000.0,,0.0147,999999,111,-100.0,soldall,FINANCE,11343
COOPERMAN LEON G,Check Point Software Technologies Ltd,CHKP,2005-06-30,SH,0.0,0.0,43085.0,937000.0,,0.0299,999999,100,-100.0,soldall,INFORMATION TECHNOLOGY,11405
COOPERMAN LEON G,Creo Products Inc.,CREO,2005-06-30,SH,0.0,0.0,350000.0,5621000.0,,0.1793,999999,72,-100.0,soldall,INDUSTRIALS,92471
COOPERMAN LEON G,CINergy Corp,CIN,2005-06-30,SH,0.0,0.0,24711.0,1001000.0,,0.0319,999999,95,-100.0,soldall,UTILITIES AND TELECOMMUNICATIONS,99122
COOPERMAN LEON G,Linens n Things Inc.,LIN,2005-06-30,SH,0.0,0.0,605200.0,15027000.0,,0.4794,999999,58,-100.0,soldall,CONSUMER DISCRETIONARY,102458
COOPERMAN LEON G,Placer Dome Inc,PDG,2005-06-30,SH,0.0,0.0,350000.0,5677000.0,,0.1811,999999,71,-100.0,soldall,MATERIALS,103879
COOPERMAN LEON G,Pacificare Health Systems Inc.,PHS,2005-06-30,SH,0.0,0.0,7491.0,426000.0,,0.0136,999999,112,-100.0,soldall,HEALTH CARE,103978
COOPERMAN LEON G,Fidelity National Financial Inc.,FNF-DEL1,2005-06-30,SH,0.0,0.0,50000.0,1647000.0,,0.0525,999999,86,-100.0,soldall, ,107142
COOPERMAN LEON G,Veritas Software Corp.,VRTS,2005-06-30,SH,0.0,0.0,2144000.0,49784000.0,,1.5881,999999,21,-100.0,soldall,INFORMATION TECHNOLOGY,107627
