Filer Name,Stock Name,Stock Ticker,Quarter Date,Type of Security,Current Shares Held,Current Market Value,Previous Shares Held,Previous Market Value,Current % of Portfolio,Previous % of Portfolio,Current Rank,Previous Rank,Change in Shares,Type of Change,Sector,stock_id
BERKSHIRE HATHAWAY INC,Apple Inc,AAPL,2021-03-31,SH,887135554.0,108363609000.0,887135554.0,117714016000.0,40.0701,43.6095,1,1,0.0,,INFORMATION TECHNOLOGY,195
BERKSHIRE HATHAWAY INC,Bank of America Corp. (North Carolina National Bank),BAC,2021-03-31,SH,1010100606.0,39080793000.0,1010100606.0,30616150000.0,14.4511,11.3424,2,2,0.0,,FINANCE,205
BERKSHIRE HATHAWAY INC,American Express Co,AXP,2021-03-31,SH,151610700.0,21443817000.0,151610700.0,18331249000.0,7.9294,6.7912,3,4,0.0,,FINANCE,368
BERKSHIRE HATHAWAY INC,Coca Cola Co.,KO,2021-03-31,SH,400000000.0,21083999000.0,400000000.0,21935999000.0,7.7963,8.1266,4,3,0.0,,CONSUMER STAPLES,386
BERKSHIRE HATHAWAY INC,Kraft Heinz Co. (The),KHC,2021-03-31,SH,325634818.0,13025393000.0,325634818.0,11286503000.0,4.8165,4.1813,5,5,0.0,,CONSUMER STAPLES,178038
BERKSHIRE HATHAWAY INC,Verizon Communications (Bell Atlantic Corp.),VZ,2021-03-31,SH,158824575.0,9235649000.0,146716496.0,8619594000.0,3.4151,3.1933,6,6,8.252705,addition,UTILITIES AND TELECOMMUNICATIONS,286
BERKSHIRE HATHAWAY INC,Moodys Corp,MCO,2021-03-31,SH,24669778.0,7366643000.0,24669778.0,7160156000.0,2.724,2.6526,7,7,0.0,,FINANCE,2707
BERKSHIRE HATHAWAY INC,U.S. Bancorp (First National Bank of Cincinnati),USB,2021-03-31,SH,129687084.0,7172993000.0,131137998.0,6109721000.0,2.6524,2.2635,8,8,-1.106402,reduction,FINANCE,471
BERKSHIRE HATHAWAY INC,Davita Inc.,DVA,2021-03-31,SH,36095570.0,3890020000.0,36095570.0,4237620000.0,1.4384,1.5699,9,9,0.0,,HEALTH CARE,3395
BERKSHIRE HATHAWAY INC,General Motors Co,GM,2021-03-31,SH,67000000.0,3849820000.0,72500000.0,3018899000.0,1.4236,1.1184,10,13,-7.586207,reduction,CONSUMER DISCRETIONARY,107357
BERKSHIRE HATHAWAY INC,Bank Of New York Mellon Corp,BK,2021-03-31,SH,72357453.0,3421785000.0,72357453.0,3070849000.0,1.2653,1.1377,11,12,0.0,,FINANCE,2534
BERKSHIRE HATHAWAY INC,Charter Communications Inc,CHTR,2021-03-31,SH,5213461.0,3216810000.0,5213461.0,3448965000.0,1.1895,1.2777,12,11,0.0,,COMMUNICATIONS,87254
BERKSHIRE HATHAWAY INC,VeriSign Inc.,VRSN,2021-03-31,SH,12815613.0,2547231000.0,12815613.0,2773299000.0,0.9419,1.0274,13,14,0.0,,COMMUNICATIONS,960
BERKSHIRE HATHAWAY INC,Chevron Corp. (Standard Oil of California),CVX,2021-03-31,SH,23672271.0,2480617000.0,48498965.0,4095738000.0,0.9173,1.5173,14,10,-51.190152,reduction,ENERGY,214
BERKSHIRE HATHAWAY INC,AbbVie Inc,ABBV,2021-03-31,SH,22868178.0,2474794000.0,25533082.0,2735870000.0,0.9151,1.0136,15,15,-10.437064,reduction,HEALTH CARE,133912
BERKSHIRE HATHAWAY INC,VISA Inc,V,2021-03-31,SH,9987460.0,2114645000.0,9987460.0,2184557000.0,0.7819,0.8093,16,17,0.0,,FINANCE,45920
BERKSHIRE HATHAWAY INC,Bristol-Myers Squibb Co,BMY,2021-03-31,SH,31032227.0,1959064000.0,33336016.0,2067833000.0,0.7244,0.7661,17,18,-6.910811,reduction,HEALTH CARE,380
BERKSHIRE HATHAWAY INC,Liberty Sirius XM Group Series C,LSXMK,2021-03-31,SH,43208291.0,1905918000.0,43208291.0,1879993000.0,0.7048,0.6965,18,19,0.0,,COMMUNICATIONS,196000
BERKSHIRE HATHAWAY INC,Kroger Co.,KR,2021-03-31,SH,51060296.0,1837660000.0,33534017.0,1065040000.0,0.6795,0.3946,19,25,52.26418,addition,CONSUMER STAPLES,677
BERKSHIRE HATHAWAY INC,Amazon.com Inc.,AMZN,2021-03-31,SH,10666000.0,1650073000.0,10666000.0,1736921000.0,0.6102,0.6435,20,20,0.0,,CONSUMER DISCRETIONARY,3573
BERKSHIRE HATHAWAY INC,Mastercard Inc,MA,2021-03-31,SH,4564756.0,1625281000.0,4564756.0,1629344000.0,0.601,0.6036,21,22,0.0,,FINANCE,4044
BERKSHIRE HATHAWAY INC,Snowflake Inc.,SNOW,2021-03-31,SH,6125376.0,1404426000.0,6125376.0,1723681000.0,0.5193,0.6386,22,21,0.0,,INFORMATION TECHNOLOGY,241987
BERKSHIRE HATHAWAY INC,Merck & Co,MRK,2021-03-31,SH,18740742.62,1378553000.0,30074911.88,2347450000.0,0.5098,0.8697,23,16,-37.686459,reduction,HEALTH CARE,431
BERKSHIRE HATHAWAY INC,RH Common Stock,RH,2021-03-31,SH,1756448.0,1047897000.0,1732548.0,775350000.0,0.3875,0.2872,24,27,1.379471,addition,CONSUMER DISCRETIONARY,134658
BERKSHIRE HATHAWAY INC,Aon PLC,AON,2021-03-31,SH,4096146.0,942564000.0,0.0,0.0,0.3485,,25,999999,,new,FINANCE,11339
BERKSHIRE HATHAWAY INC,STORE Capital Corp,STOR,2021-03-31,SH,24415168.0,817909000.0,24415168.0,829627000.0,0.3024,0.3074,26,26,0.0,,REAL ESTATE,174839
BERKSHIRE HATHAWAY INC,T-Mobile US Inc,TMUS,2021-03-31,SH,5242000.0,656770000.0,5242000.0,706884000.0,0.2429,0.2619,27,28,0.0,,UTILITIES AND TELECOMMUNICATIONS,140861
BERKSHIRE HATHAWAY INC,Liberty Sirius XM Group Series A,LSXMA,2021-03-31,SH,14860360.0,655045000.0,14860360.0,641819000.0,0.2422,0.2378,28,31,0.0,,COMMUNICATIONS,195998
BERKSHIRE HATHAWAY INC,StoneCo Ltd,STNE,2021-03-31,SH,10695448.0,654775000.0,14166748.0,1188873000.0,0.2421,0.4404,29,24,-24.503153,reduction,INFORMATION TECHNOLOGY,210526
BERKSHIRE HATHAWAY INC,Marsh & McLennan Companies Inc.,MMC,2021-03-31,SH,5287526.0,644021000.0,4267825.0,499336000.0,0.2381,0.185,30,33,23.892756,addition,FINANCE,4352
BERKSHIRE HATHAWAY INC,Globe Life Inc,GL,2021-03-31,SH,6353727.0,613961000.0,6353727.0,603350000.0,0.227,0.2235,31,32,0.0,,FINANCE,3707
BERKSHIRE HATHAWAY INC,Teva Pharmaceutical Industries Ltd ADR,TEVA,2021-03-31,SH,42789295.0,493789000.0,42789295.0,412916000.0,0.1826,0.153,32,35,0.0,,HEALTH CARE,3839
BERKSHIRE HATHAWAY INC,Axalta Coating Systems Ltd,AXTA,2021-03-31,SH,13887037.0,410779000.0,23420000.0,668641000.0,0.1519,0.2477,33,30,-40.704368,reduction,MATERIALS,174844
BERKSHIRE HATHAWAY INC,Sirius XM Holdings Inc,SIRI,2021-03-31,SH,43658800.0,265882000.0,50000000.0,318500000.0,0.0983,0.118,34,36,-12.6824,reduction,COMMUNICATIONS,3704
BERKSHIRE HATHAWAY INC,Liberty Global plc Class C,LBTYK,2021-03-31,SH,7346968.0,187642000.0,7346968.0,173756000.0,0.0694,0.0644,35,38,0.0,,COMMUNICATIONS,4349
BERKSHIRE HATHAWAY INC,Biogen Inc,BIIB,2021-03-31,SH,643022.0,179885000.0,643022.0,157450000.0,0.0665,0.0583,36,39,0.0,,HEALTH CARE,4853
BERKSHIRE HATHAWAY INC,Liberty Global plc Class A,LBTYA,2021-03-31,SH,3359831.0,86213000.0,18010000.0,436202000.0,0.0319,0.1616,37,34,-81.344636,reduction,COMMUNICATIONS,4042
BERKSHIRE HATHAWAY INC,Johnson & Johnson Co.,JNJ,2021-03-31,SH,327100.0,53759000.0,327100.0,51479000.0,0.0199,0.0191,38,40,0.0,,HEALTH CARE,239
BERKSHIRE HATHAWAY INC,Procter & Gamble Co. (OH) (1905),PG,2021-03-31,SH,315400.0,42715000.0,315400.0,43885000.0,0.0158,0.0163,39,41,0.0,,CONSUMER STAPLES,272
BERKSHIRE HATHAWAY INC,Mondelez International Inc. (Kraft Foods),MDLZ,2021-03-31,SH,578000.0,33830000.0,578000.0,33796000.0,0.0125,0.0125,40,42,0.0,,CONSUMER STAPLES,3785
BERKSHIRE HATHAWAY INC,Liberty Latin America Ltd Class A,LILA,2021-03-31,SH,2630792.0,33753000.0,2630792.0,29280000.0,0.0125,0.0108,41,43,0.0,,UTILITIES AND TELECOMMUNICATIONS,178019
BERKSHIRE HATHAWAY INC,Wells Fargo & Co.  (Northwest Bancorporation),WFC,2021-03-31,SH,675054.0,26374000.0,52423867.0,1582152000.0,0.0098,0.5861,42,23,-98.712316,reduction,FINANCE,309
BERKSHIRE HATHAWAY INC,Liberty Latin America Ltd Class C,LILAK,2021-03-31,SH,1284020.0,16667000.0,1284020.0,14240000.0,0.0062,0.0053,43,46,0.0,,COMMUNICATIONS,178021
BERKSHIRE HATHAWAY INC,Vanguard 500 Index Fund-ETF Shares,VOO,2021-03-31,SH,43000.0,15665000.0,43000.0,14779000.0,0.0058,0.0055,44,44,0.0,,FINANCE,113985
BERKSHIRE HATHAWAY INC,SPDR S&P 500 ETF TRUST,SPY,2021-03-31,SH,39400.0,15615000.0,39400.0,14731000.0,0.0058,0.0055,45,45,0.0,,FINANCE,3962
BERKSHIRE HATHAWAY INC,United Parcel Service Inc. Class B,UPS,2021-03-31,SH,59400.0,10097000.0,59400.0,10003000.0,0.0037,0.0037,46,47,0.0,,TRANSPORTS,3795
BERKSHIRE HATHAWAY INC,Synchrony Financial,SYF,2021-03-31,SH,0.0,0.0,20128000.0,698642000.0,,0.2588,999999,29,-100.0,soldall,FINANCE,173521
BERKSHIRE HATHAWAY INC,Suncor Energy Inc.,SU,2021-03-31,SH,0.0,0.0,13849207.0,232390000.0,,0.0861,999999,37,-100.0,soldall,ENERGY,127
