Filer Name,Stock Name,Stock Ticker,Quarter Date,Type of Security,Current Shares Held,Current Market Value,Previous Shares Held,Previous Market Value,Current % of Portfolio,Previous % of Portfolio,Current Rank,Previous Rank,Change in Shares,Type of Change,Sector,stock_id
BERKSHIRE HATHAWAY INC,Wells Fargo & Co.  (Northwest Bancorporation),WFC,2015-12-31,SH,479704270.0,26076724000.0,470292359.0,24149513000.0,19.7767,18.9545,1,1,2.001289,addition,FINANCE,309
BERKSHIRE HATHAWAY INC,Kraft Heinz Co. (The),KHC,2015-12-31,SH,325634818.0,23693189000.0,325634818.0,22983305000.0,17.9691,18.0392,2,2,0.0,,CONSUMER STAPLES,178038
BERKSHIRE HATHAWAY INC,Coca Cola Co.,KO,2015-12-31,SH,400000000.0,17184000000.0,400000000.0,16047999000.0,13.0324,12.5958,3,3,0.0,,CONSUMER STAPLES,386
BERKSHIRE HATHAWAY INC,International Business Machines Corp.,IBM,2015-12-31,SH,81033450.0,11151823000.0,81033450.0,11747419000.0,8.4576,9.2203,4,4,0.0,,INFORMATION TECHNOLOGY,237
BERKSHIRE HATHAWAY INC,American Express Co,AXP,2015-12-31,SH,151610700.0,10544524000.0,151610700.0,11238901000.0,7.997,8.8212,5,5,0.0,,FINANCE,368
BERKSHIRE HATHAWAY INC,Phillips 66,PSX,2015-12-31,SH,61486926.0,5029632000.0,61486926.0,4724655000.0,3.8145,3.7083,6,6,0.0,,ENERGY,122450
BERKSHIRE HATHAWAY INC,Procter & Gamble Co. (OH) (1905),PG,2015-12-31,SH,52793078.0,4192298000.0,52793078.0,3797934000.0,3.1795,2.9809,7,7,0.0,,CONSUMER STAPLES,272
BERKSHIRE HATHAWAY INC,U.S. Bancorp (First National Bank of Cincinnati),USB,2015-12-31,SH,85063167.0,3629646000.0,85063167.0,3488441000.0,2.7527,2.738,8,9,0.0,,FINANCE,471
BERKSHIRE HATHAWAY INC,Walmart Inc,WMT,2015-12-31,SH,168555879.0,3444158000.0,168555879.0,3643055000.0,2.6121,2.8594,9,8,0.0,,CONSUMER STAPLES,345
BERKSHIRE HATHAWAY INC,Davita Inc.,DVA,2015-12-31,SH,38565570.0,2688406000.0,38565570.0,2789448000.0,2.0389,2.1894,10,10,0.0,,HEALTH CARE,3395
BERKSHIRE HATHAWAY INC,Moodys Corp,MCO,2015-12-31,SH,24669778.0,2475366000.0,24669778.0,2422572000.0,1.8773,1.9014,11,11,0.0,,FINANCE,2707
BERKSHIRE HATHAWAY INC,Goldman Sachs Group Inc,GS,2015-12-31,SH,10959519.0,1975234000.0,10959519.0,1904326000.0,1.498,1.4947,12,13,0.0,,FINANCE,232
BERKSHIRE HATHAWAY INC,Charter Communications Inc,CHTR,2015-12-31,SH,10281603.0,1882561000.0,10281603.0,1808020000.0,1.4277,1.4191,13,14,0.0,,COMMUNICATIONS,87254
BERKSHIRE HATHAWAY INC,Deere & Co.,DE,2015-12-31,SH,22884150.0,1745375000.0,17052110.0,1261857000.0,1.3237,0.9904,14,16,34.201281,addition,INDUSTRIALS,222
BERKSHIRE HATHAWAY INC,General Motors Co,GM,2015-12-31,SH,50000000.0,1700501000.0,50000000.0,1501000000.0,1.2897,1.1781,15,15,0.0,,CONSUMER DISCRETIONARY,107357
BERKSHIRE HATHAWAY INC,AT&T Inc. (Southwestern Bell - SBC Corp.),T,2015-12-31,SH,61668130.71,1602719000.0,78540680.94,1932670000.0,1.2155,1.5169,16,12,-21.482562,reduction,UTILITIES AND TELECOMMUNICATIONS,200
BERKSHIRE HATHAWAY INC,VeriSign Inc.,VRSN,2015-12-31,SH,12985000.0,1134370000.0,12985000.0,916222000.0,0.8603,0.7191,17,19,0.0,,COMMUNICATIONS,960
BERKSHIRE HATHAWAY INC,Precision Castparts Corp.,PCP,2015-12-31,SH,4200792.0,974626000.0,4200792.0,964963000.0,0.7392,0.7574,18,18,0.0,,INDUSTRIALS,270
BERKSHIRE HATHAWAY INC,USG Corp. (United States Gypsum),USG,2015-12-31,SH,39002016.0,947359000.0,39002016.0,1038234000.0,0.7185,0.8149,19,17,0.0,,CONSUMER DISCRETIONARY,4059
BERKSHIRE HATHAWAY INC,Bank Of New York Mellon Corp,BK,2015-12-31,SH,20112212.0,829026000.0,20112212.0,787393000.0,0.6287,0.618,20,21,0.0,,FINANCE,2534
BERKSHIRE HATHAWAY INC,Suncor Energy Inc.,SU,2015-12-31,SH,30000000.0,774000000.0,30000000.0,801600000.0,0.587,0.6292,21,20,0.0,,ENERGY,127
BERKSHIRE HATHAWAY INC,VISA Inc,V,2015-12-31,SH,9885160.0,766594000.0,9885160.0,688600000.0,0.5814,0.5405,22,22,0.0,,FINANCE,45920
BERKSHIRE HATHAWAY INC,Costco Co.,COST,2015-12-31,SH,4333363.0,699838000.0,4333363.0,626474000.0,0.5308,0.4917,23,25,0.0,,CONSUMER STAPLES,393
BERKSHIRE HATHAWAY INC,Verizon Communications (Bell Atlantic Corp.),VZ,2015-12-31,SH,15000928.0,693343000.0,15000928.0,652691000.0,0.5258,0.5123,24,24,0.0,,UTILITIES AND TELECOMMUNICATIONS,286
BERKSHIRE HATHAWAY INC,M&T Bank Corp. (Buffalo NY) (Manufacturers & Traders Trust),MTB,2015-12-31,SH,5382040.0,652195000.0,5382040.0,656340000.0,0.4946,0.5151,25,23,0.0,,FINANCE,3627
BERKSHIRE HATHAWAY INC,Axalta Coating Systems Ltd,AXTA,2015-12-31,SH,23324000.0,621585000.0,23199474.0,587875000.0,0.4714,0.4614,26,26,0.536762,addition,MATERIALS,174844
BERKSHIRE HATHAWAY INC,Formula One Group,FWONK,2015-12-31,SH,15647823.37,585909000.0,15647823.37,530210000.0,0.4444,0.4162,27,27,0.0,,COMMUNICATIONS,172812
BERKSHIRE HATHAWAY INC,Liberty Global plc Class A,LBTYA,2015-12-31,SH,12544296.0,531377000.0,11957285.0,513446000.0,0.403,0.403,28,28,4.909233,addition,COMMUNICATIONS,4042
BERKSHIRE HATHAWAY INC,Mastercard Inc,MA,2015-12-31,SH,5229756.0,509169000.0,5229756.0,471306000.0,0.3862,0.3699,29,29,0.0,,FINANCE,4044
BERKSHIRE HATHAWAY INC,Kinder Morgan Inc. (DE),KMI,2015-12-31,SH,26533525.0,395880000.0,0.0,0.0,0.3002,,30,999999,,new,UTILITIES AND TELECOMMUNICATIONS,111456
BERKSHIRE HATHAWAY INC,Globe Life Inc,GL,2015-12-31,SH,6353727.0,363180000.0,6353727.0,358350000.0,0.2754,0.2813,31,31,0.0,,FINANCE,3707
BERKSHIRE HATHAWAY INC,Wabco Holdings Inc,WBC,2015-12-31,SH,3331215.0,340650000.0,3559189.0,373110000.0,0.2584,0.2928,32,30,-6.405223,reduction,CONSUMER DISCRETIONARY,5954
BERKSHIRE HATHAWAY INC,General Electric Co,GE,2015-12-31,SH,1376115.26,329739000.0,1376115.26,266966000.0,0.2501,0.2095,33,35,0.0,,INDUSTRIALS,114
BERKSHIRE HATHAWAY INC,Restaurant Brands International Inc,QSR,2015-12-31,SH,8438225.0,315252000.0,8438225.0,303101000.0,0.2391,0.2379,34,32,0.0,,CONSUMER DISCRETIONARY,175085
BERKSHIRE HATHAWAY INC,Formula One Group,FWONA,2015-12-31,SH,11307129.6,306150000.0,11307129.6,278617000.0,0.2322,0.2187,35,34,0.0,,COMMUNICATIONS,134852
BERKSHIRE HATHAWAY INC,Liberty Global plc Class C,LBTYK,2015-12-31,SH,7346968.0,299536000.0,7346968.0,301373000.0,0.2272,0.2365,36,33,0.0,,COMMUNICATIONS,4349
BERKSHIRE HATHAWAY INC,21st Century Fox Inc. Class B,TFCF,2015-12-31,SH,8951869.0,243133000.0,8951869.0,241522000.0,0.1844,0.1896,37,36,0.0,,COMMUNICATIONS,4047
BERKSHIRE HATHAWAY INC,Sanofi SA,SNY,2015-12-31,SH,3905875.0,166586000.0,3905875.0,185412000.0,0.1263,0.1455,38,37,0.0,,HEALTH CARE,4377
BERKSHIRE HATHAWAY INC,Verisk Analytics Inc,VRSK,2015-12-31,SH,1563434.0,120197000.0,1563434.0,115553000.0,0.0912,0.0907,39,38,0.0,,INDUSTRIALS,83334
BERKSHIRE HATHAWAY INC,Media General Inc. Class A,MEG,2015-12-31,SH,3471309.0,56062000.0,3471309.0,48564000.0,0.0425,0.0381,40,41,0.0,,CONSUMER DISCRETIONARY,5133
BERKSHIRE HATHAWAY INC,Graham Holdings Inc.,GHC,2015-12-31,SH,107575.0,52171000.0,107575.0,62071000.0,0.0396,0.0487,41,40,0.0,,COMMUNICATIONS,164434
BERKSHIRE HATHAWAY INC,Johnson & Johnson Co.,JNJ,2015-12-31,SH,327100.0,33600000.0,327100.0,30535000.0,0.0255,0.024,42,42,0.0,,HEALTH CARE,239
BERKSHIRE HATHAWAY INC,NOW Inc,DNOW,2015-12-31,SH,1825569.0,28880000.0,1825569.0,27018000.0,0.0219,0.0212,43,43,0.0,,ENERGY,168398
BERKSHIRE HATHAWAY INC,Mondelez International Inc. (Kraft Foods),MDLZ,2015-12-31,SH,578000.0,25918000.0,578000.0,24201000.0,0.0197,0.019,44,44,0.0,,CONSUMER STAPLES,3785
BERKSHIRE HATHAWAY INC,Liberty Latin America Ltd Class A,LILA,2015-12-31,SH,548684.48,21394000.0,548684.48,17422000.0,0.0162,0.0137,45,45,0.0,,UTILITIES AND TELECOMMUNICATIONS,178019
BERKSHIRE HATHAWAY INC,Liberty Latin America Ltd Class C,LILAK,2015-12-31,SH,390123.58,15796000.0,390123.58,12578000.0,0.012,0.0099,46,46,0.0,,COMMUNICATIONS,178021
BERKSHIRE HATHAWAY INC,United Parcel Service Inc. Class B,UPS,2015-12-31,SH,59400.0,5716000.0,59400.0,5862000.0,0.0043,0.0046,47,47,0.0,,TRANSPORTS,3795
BERKSHIRE HATHAWAY INC,Lee Enterprises Inc,LEE,2015-12-31,SH,8886.3,149000.0,8886.3,185000.0,0.0001,0.0001,48,48,0.0,,COMMUNICATIONS,5122
BERKSHIRE HATHAWAY INC,Chicago Bridge & Iron Co. NV,CBI,2015-12-31,SH,0.0,0.0,1983190.0,78653000.0,,0.0617,999999,39,-100.0,soldall,INDUSTRIALS,5454
