Filer Name,Stock Name,Stock Ticker,Quarter Date,Type of Security,Current Shares Held,Current Market Value,Previous Shares Held,Previous Market Value,Current % of Portfolio,Previous % of Portfolio,Current Rank,Previous Rank,Change in Shares,Type of Change,Sector,stock_id
BERKSHIRE HATHAWAY INC,Coca Cola Co.,KO,2010-03-31,SH,400000000.0,11000000000.0,400000000.0,11399999000.0,21.5964,19.6791,1,1,0.0,,CONSUMER STAPLES,386
BERKSHIRE HATHAWAY INC,Wells Fargo & Co.  (Northwest Bancorporation),WFC,2010-03-31,SH,320088385.0,9961150000.0,320088385.0,8639185000.0,19.5568,14.9133,2,2,0.0,,FINANCE,309
BERKSHIRE HATHAWAY INC,American Express Co,AXP,2010-03-31,SH,151610700.0,6255457000.0,151610700.0,6143265000.0,12.2814,10.6047,3,4,0.0,,FINANCE,368
BERKSHIRE HATHAWAY INC,Procter & Gamble Co. (OH) (1905),PG,2010-03-31,SH,79096784.0,5004454000.0,87503411.0,5305331000.0,9.8253,9.1582,4,5,-9.607199,reduction,CONSUMER STAPLES,272
BERKSHIRE HATHAWAY INC,Mondelez International Inc. (Kraft Foods),MDLZ,2010-03-31,SH,106734745.0,3227659000.0,138272500.0,3758246000.0,6.3369,6.4876,5,6,-22.808407,reduction,CONSUMER STAPLES,3785
BERKSHIRE HATHAWAY INC,Wesco Financial Corp.,WSC,2010-03-31,SH,5703087.0,2198540000.0,5703087.0,1956159000.0,4.3164,3.3768,6,8,0.0,,FINANCE,11541
BERKSHIRE HATHAWAY INC,Walmart Inc,WMT,2010-03-31,SH,117111426.0,2170465000.0,117111426.0,2086536000.0,4.2613,3.6019,7,7,0.0,,CONSUMER STAPLES,345
BERKSHIRE HATHAWAY INC,U.S. Bancorp (First National Bank of Cincinnati),USB,2010-03-31,SH,69039426.0,1786740000.0,69039426.0,1554077000.0,3.5079,2.6827,8,11,0.0,,FINANCE,471
BERKSHIRE HATHAWAY INC,ConocoPhillips (Phillips Petroleum),COP,2010-03-31,SH,34179249.0,1748952000.0,37711330.0,1925918000.0,3.4337,3.3246,9,9,-9.3661,reduction,ENERGY,218
BERKSHIRE HATHAWAY INC,Johnson & Johnson Co.,JNJ,2010-03-31,SH,23891448.0,1557722000.0,27132467.0,1747602000.0,3.0583,3.0168,10,10,-11.945169,reduction,HEALTH CARE,239
BERKSHIRE HATHAWAY INC,Moodys Corp,MCO,2010-03-31,SH,30783876.0,915820000.0,31814610.0,852632000.0,1.798,1.4718,11,12,-3.239813,reduction,FINANCE,2707
BERKSHIRE HATHAWAY INC,The Washington Post Company,WPO,2010-03-31,SH,1727765.0,767439000.0,1727765.0,759526000.0,1.5067,1.3111,12,13,0.0,,Communications,4926
BERKSHIRE HATHAWAY INC,NIKE Inc.,NKE,2010-03-31,SH,30564000.0,561613000.0,30564000.0,504841000.0,1.1026,0.8715,13,14,0.0,,CONSUMER DISCRETIONARY,4000
BERKSHIRE HATHAWAY INC,M&T Bank Corp. (Buffalo NY) (Manufacturers & Traders Trust),MTB,2010-03-31,SH,5563281.0,441613000.0,6715060.0,449171000.0,0.867,0.7754,14,15,-17.152177,reduction,FINANCE,3627
BERKSHIRE HATHAWAY INC,Republic Services Inc.,RSG,2010-03-31,SH,10827700.0,314220000.0,8290500.0,234704000.0,0.6169,0.4052,15,18,30.603703,addition,INDUSTRIALS,5160
BERKSHIRE HATHAWAY INC,USG Corp. (United States Gypsum),USG,2010-03-31,SH,17072192.0,292959000.0,17072192.0,239864000.0,0.5752,0.4141,16,17,0.0,,CONSUMER DISCRETIONARY,4059
BERKSHIRE HATHAWAY INC,Costco Co.,COST,2010-03-31,SH,4333363.0,258745000.0,5254000.0,310879000.0,0.508,0.5367,17,16,-17.522592,reduction,CONSUMER STAPLES,393
BERKSHIRE HATHAWAY INC,Nalco Holding Co.,NLC,2010-03-31,SH,9000000.0,218970000.0,9000000.0,229590000.0,0.4299,0.3963,18,19,0.0,,MATERIALS,4067
BERKSHIRE HATHAWAY INC,COMCAST CORP SPL A (NEW),CMCSK,2010-03-31,SH,12000000.0,215640000.0,12000000.0,192120000.0,0.4234,0.3316,19,22,0.0,,CONSUMER DISCRETIONARY,2829
BERKSHIRE HATHAWAY INC,Iron Mountain Inc.,IRM,2010-03-31,SH,7794800.0,213578000.0,7000000.0,159320000.0,0.4193,0.275,20,24,11.354286,addition,INDUSTRIALS,5651
BERKSHIRE HATHAWAY INC,Trane Technologies Plc,TT,2010-03-31,SH,5636600.0,196527000.0,5636600.0,201431000.0,0.3858,0.3477,21,20,0.0,,INDUSTRIALS,3496
BERKSHIRE HATHAWAY INC,CarMax Inc.,KMX,2010-03-31,SH,7725900.0,194075000.0,8000000.0,194000000.0,0.381,0.3349,22,21,-3.42625,reduction,CONSUMER DISCRETIONARY,5061
BERKSHIRE HATHAWAY INC,Nestle SA ADR,NSRGY,2010-03-31,SH,3400000.0,174429000.0,3400000.0,164390000.0,0.3425,0.2838,23,23,0.0,,CONSUMER STAPLES,4361
BERKSHIRE HATHAWAY INC,Lowes Companies Inc.,LOW,2010-03-31,SH,6500000.0,157560000.0,6500000.0,152035000.0,0.3093,0.2624,24,26,0.0,,CONSUMER DISCRETIONARY,138
BERKSHIRE HATHAWAY INC,Globe Life Inc,GL,2010-03-31,SH,6353727.75,151086000.0,6353727.75,124110000.0,0.2966,0.2142,25,28,0.0,,FINANCE,3707
BERKSHIRE HATHAWAY INC,Sanofi SA,SNY,2010-03-31,SH,3903933.0,145851000.0,3903933.0,153306000.0,0.2864,0.2646,26,25,0.0,,HEALTH CARE,4377
BERKSHIRE HATHAWAY INC,General Electric Co,GE,2010-03-31,SH,1011127.0,141558000.0,1011127.0,117680000.0,0.2779,0.2031,27,30,0.0,,INDUSTRIALS,114
BERKSHIRE HATHAWAY INC,Becton Dickinson and Co.,BDX,2010-03-31,SH,1787731.2,137315000.0,1537500.0,118290000.0,0.2696,0.2042,28,29,16.2752,addition,HEALTH CARE,4305
BERKSHIRE HATHAWAY INC,NRG Energy Inc,NRG,2010-03-31,SH,6000000.0,125400000.0,6000000.0,141660000.0,0.2462,0.2445,29,27,0.0,,UTILITIES AND TELECOMMUNICATIONS,4138
BERKSHIRE HATHAWAY INC,United Parcel Service Inc. Class B,UPS,2010-03-31,SH,1429200.0,92055000.0,1429200.0,81993000.0,0.1807,0.1415,30,31,0.0,,TRANSPORTS,3795
BERKSHIRE HATHAWAY INC,Bank of America Corp. (North Carolina National Bank),BAC,2010-03-31,SH,5000000.0,89250000.0,5000000.0,75300000.0,0.1752,0.13,31,34,0.0,,FINANCE,205
BERKSHIRE HATHAWAY INC,Home Depot Inc. (The),HD,2010-03-31,SH,2757898.0,89218000.0,2757898.0,79786000.0,0.1752,0.1377,32,32,0.0,,CONSUMER DISCRETIONARY,354
BERKSHIRE HATHAWAY INC,GlaxoSmithKline Plc ADR,GSK,2010-03-31,SH,1481498.4,58184000.0,1481498.4,63819000.0,0.1142,0.1102,33,35,0.0,,HEALTH CARE,3781
BERKSHIRE HATHAWAY INC,Tegna Inc. (Gannett Co.),TGNA,2010-03-31,SH,1740231.0,28749000.0,2202200.0,32703000.0,0.0564,0.0565,34,38,-20.977613,reduction,COMMUNICATIONS,4336
BERKSHIRE HATHAWAY INC,ExxonMobil Corp. (Standard Oil of New Jersey),XOM,2010-03-31,SH,421800.0,28252000.0,421800.0,28763000.0,0.0555,0.0497,35,39,0.0,,ENERGY,228
BERKSHIRE HATHAWAY INC,Comdisco Holding Co. Inc. (New),CDCO,2010-03-31,SH,1538377.0,13230000.0,1538377.0,15383000.0,0.026,0.0266,36,40,0.0,,INDUSTRIALS,10681
BERKSHIRE HATHAWAY INC,Elevance Health Inc,ELV,2010-03-31,SH,0.0,0.0,1343820.0,78331000.0,,0.1352,999999,33,-100.0,soldall,HEALTH CARE,175259
BERKSHIRE HATHAWAY INC,Travelers Companies Inc. (The) (St. Paul Fire and Marine Insurance),TRV,2010-03-31,SH,0.0,0.0,27336.0,1363000.0,,0.0024,999999,41,-100.0,soldall,FINANCE,470
BERKSHIRE HATHAWAY INC,Burlington Northern Santa Fe Corp.,BNI,2010-03-31,SH,0.0,0.0,76777029.0,7571751000.0,,13.0706,999999,3,-100.0,soldall,TRANSPORTS,1052
BERKSHIRE HATHAWAY INC,UnitedHealth Group Inc.,UNH,2010-03-31,SH,0.0,0.0,1175000.0,35814000.0,,0.0618,999999,37,-100.0,soldall,HEALTH CARE,153
BERKSHIRE HATHAWAY INC,SunTrust Banks Inc.,STI,2010-03-31,SH,0.0,0.0,2398206.0,48659000.0,,0.084,999999,36,-100.0,soldall,FINANCE,11359
