Filer Name,Stock Name,Stock Ticker,Quarter Date,Type of Security,Current Shares Held,Current Market Value,Previous Shares Held,Previous Market Value,Current % of Portfolio,Previous % of Portfolio,Current Rank,Previous Rank,Change in Shares,Type of Change,Sector,stock_id
BERKSHIRE HATHAWAY INC,Apple Inc,AAPL,2018-12-31,SH,998357316.0,39370221000.0,1009915116.0,56994561000.0,21.506,25.787,1,1,-1.144433,reduction,INFORMATION TECHNOLOGY,195
BERKSHIRE HATHAWAY INC,Bank of America Corp. (North Carolina National Bank),BAC,2018-12-31,SH,896167600.0,22081569000.0,877248600.0,25843745000.0,12.0621,11.6929,2,2,2.156629,addition,FINANCE,205
BERKSHIRE HATHAWAY INC,Wells Fargo & Co.  (Northwest Bancorporation),WFC,2018-12-31,SH,426768902.0,19665511000.0,442361700.0,23250531000.0,10.7423,10.5196,3,3,-3.524898,reduction,FINANCE,309
BERKSHIRE HATHAWAY INC,Coca Cola Co.,KO,2018-12-31,SH,400000000.0,18939999000.0,400000000.0,18476000000.0,10.346,8.3594,4,4,0.0,,CONSUMER STAPLES,386
BERKSHIRE HATHAWAY INC,American Express Co,AXP,2018-12-31,SH,151610700.0,14451533000.0,151610700.0,16145025000.0,7.8942,7.3048,5,6,0.0,,FINANCE,368
BERKSHIRE HATHAWAY INC,Kraft Heinz Co. (The),KHC,2018-12-31,SH,325634818.0,14015323000.0,325634818.0,17945735000.0,7.6559,8.1195,6,5,0.0,,CONSUMER STAPLES,178038
BERKSHIRE HATHAWAY INC,U.S. Bancorp (First National Bank of Cincinnati),USB,2018-12-31,SH,129308831.0,5909415000.0,124923092.0,6597189000.0,3.228,2.9849,7,7,3.510751,addition,FINANCE,471
BERKSHIRE HATHAWAY INC,JPMorgan Chase & Co. (Chemical Bank),JPM,2018-12-31,SH,50116394.0,4892364000.0,35664767.0,4024412000.0,2.6725,1.8208,8,10,40.520739,addition,FINANCE,240
BERKSHIRE HATHAWAY INC,Bank Of New York Mellon Corp,BK,2018-12-31,SH,80937250.0,3809716000.0,77849476.0,3969546000.0,2.0811,1.796,9,11,3.966339,addition,FINANCE,2534
BERKSHIRE HATHAWAY INC,Moodys Corp,MCO,2018-12-31,SH,24669778.0,3454756000.0,24669778.0,4124787000.0,1.8872,1.8662,10,8,0.0,,FINANCE,2707
BERKSHIRE HATHAWAY INC,Delta Air Lines Inc.,DAL,2018-12-31,SH,65535000.0,3270197000.0,65535000.0,3789889000.0,1.7863,1.7147,11,12,0.0,,TRANSPORTS,2421
BERKSHIRE HATHAWAY INC,Goldman Sachs Group Inc,GS,2018-12-31,SH,18353635.0,3065974000.0,18353635.0,4115619000.0,1.6748,1.8621,12,9,0.0,,FINANCE,232
BERKSHIRE HATHAWAY INC,Southwest Airlines Co.,LUV,2018-12-31,SH,54847399.0,2549307000.0,56047399.0,3500160000.0,1.3926,1.5836,13,13,-2.141045,reduction,TRANSPORTS,458
BERKSHIRE HATHAWAY INC,General Motors Co,GM,2018-12-31,SH,72269696.0,2417421000.0,52461411.0,1766376000.0,1.3205,0.7992,14,20,37.75782,addition,CONSUMER DISCRETIONARY,107357
BERKSHIRE HATHAWAY INC,Charter Communications Inc,CHTR,2018-12-31,SH,7033499.0,2004336000.0,7340985.0,2392280000.0,1.0949,1.0824,15,15,-4.18862,reduction,COMMUNICATIONS,87254
BERKSHIRE HATHAWAY INC,Davita Inc.,DVA,2018-12-31,SH,38565570.0,1984584000.0,38565570.0,2762452000.0,1.0841,1.2499,16,14,0.0,,HEALTH CARE,3395
BERKSHIRE HATHAWAY INC,VeriSign Inc.,VRSN,2018-12-31,SH,12952745.0,1920763000.0,12952745.0,2073994000.0,1.0492,0.9384,17,18,0.0,,COMMUNICATIONS,960
BERKSHIRE HATHAWAY INC,United Airlines Holdings Inc,UAL,2018-12-31,SH,21938642.0,1836922000.0,25984542.0,2314183000.0,1.0034,1.047,18,16,-15.570411,reduction,TRANSPORTS,4204
BERKSHIRE HATHAWAY INC,USG Corp. (United States Gypsum),USG,2018-12-31,SH,39002016.0,1663826000.0,39002016.0,1689178000.0,0.9089,0.7643,19,22,0.0,,CONSUMER DISCRETIONARY,4059
BERKSHIRE HATHAWAY INC,American Airlines Group Inc,AAL,2018-12-31,SH,43700000.0,1403208000.0,43700000.0,1806121000.0,0.7665,0.8172,20,19,0.0,,TRANSPORTS,164695
BERKSHIRE HATHAWAY INC,VISA Inc,V,2018-12-31,SH,10562460.0,1393611000.0,10562460.0,1585320000.0,0.7613,0.7173,21,23,0.0,,FINANCE,45920
BERKSHIRE HATHAWAY INC,Liberty Sirius XM Group Series C,LSXMK,2018-12-31,SH,31619531.75,1149744000.0,31619531.75,1350903000.0,0.628,0.6112,22,24,0.0,,COMMUNICATIONS,196000
BERKSHIRE HATHAWAY INC,Phillips 66,PSX,2018-12-31,SH,11895842.0,1024826000.0,15433024.0,1739611000.0,0.5598,0.7871,23,21,-22.919565,reduction,ENERGY,122450
BERKSHIRE HATHAWAY INC,PNC Financial Services Group Inc. (The) (Provident National Trust Co.),PNC,2018-12-31,SH,8263062.0,966034000.0,6087319.0,829032000.0,0.5277,0.3751,24,30,35.742221,addition,FINANCE,3649
BERKSHIRE HATHAWAY INC,Mastercard Inc,MA,2018-12-31,SH,4934756.0,930942000.0,4934756.0,1098526000.0,0.5085,0.497,25,25,0.0,,FINANCE,4044
BERKSHIRE HATHAWAY INC,Costco Co.,COST,2018-12-31,SH,4333363.0,882749000.0,4333363.0,1017820000.0,0.4822,0.4605,26,26,0.0,,CONSUMER STAPLES,393
BERKSHIRE HATHAWAY INC,Sirius XM Holdings Inc,SIRI,2018-12-31,SH,137915729.0,787499000.0,137915729.0,871627000.0,0.4302,0.3944,27,29,0.0,,COMMUNICATIONS,3704
BERKSHIRE HATHAWAY INC,M&T Bank Corp. (Buffalo NY) (Manufacturers & Traders Trust),MTB,2018-12-31,SH,5382040.0,770331000.0,5382040.0,885561000.0,0.4208,0.4007,28,28,0.0,,FINANCE,3627
BERKSHIRE HATHAWAY INC,Red Hat Inc,RHT,2018-12-31,SH,4175792.0,733436000.0,0.0,0.0,0.4006,,29,999999,,new,INFORMATION TECHNOLOGY,6916
BERKSHIRE HATHAWAY INC,Travelers Companies Inc. (The) (St. Paul Fire and Marine Insurance),TRV,2018-12-31,SH,5958391.0,713517000.0,3543688.0,459652000.0,0.3898,0.208,30,38,68.140959,addition,FINANCE,470
BERKSHIRE HATHAWAY INC,Teva Pharmaceutical Industries Ltd ADR,TEVA,2018-12-31,SH,43249295.0,666905000.0,43249295.0,931589000.0,0.3643,0.4215,31,27,0.0,,HEALTH CARE,3839
BERKSHIRE HATHAWAY INC,Axalta Coating Systems Ltd,AXTA,2018-12-31,SH,24264000.0,568263000.0,24264000.0,707538000.0,0.3104,0.3201,32,31,0.0,,MATERIALS,174844
BERKSHIRE HATHAWAY INC,Liberty Sirius XM Group Series A,LSXMA,2018-12-31,SH,15112986.12,546862000.0,15112986.12,645535000.0,0.2987,0.2921,33,33,0.0,,COMMUNICATIONS,195998
BERKSHIRE HATHAWAY INC,STORE Capital Corp,STOR,2018-12-31,SH,18621674.0,527180000.0,18621674.0,517496000.0,0.288,0.2341,34,36,0.0,,REAL ESTATE,174839
BERKSHIRE HATHAWAY INC,Synchrony Financial,SYF,2018-12-31,SH,20803000.0,488038000.0,20803000.0,646557000.0,0.2666,0.2925,35,32,0.0,,FINANCE,173521
BERKSHIRE HATHAWAY INC,Globe Life Inc,GL,2018-12-31,SH,6353727.0,473544000.0,6353727.0,550804000.0,0.2587,0.2492,36,35,0.0,,FINANCE,3707
BERKSHIRE HATHAWAY INC,Restaurant Brands International Inc,QSR,2018-12-31,SH,8438225.0,441319000.0,8438225.0,500218000.0,0.2411,0.2263,37,37,0.0,,CONSUMER DISCRETIONARY,175085
BERKSHIRE HATHAWAY INC,Liberty Global plc Class A,LBTYA,2018-12-31,SH,19791000.0,422340000.0,19791000.0,572553000.0,0.2307,0.2591,38,34,0.0,,COMMUNICATIONS,4042
BERKSHIRE HATHAWAY INC,Suncor Energy Inc.,SU,2018-12-31,SH,10758000.0,300901000.0,0.0,0.0,0.1644,,39,999999,,new,ENERGY,127
BERKSHIRE HATHAWAY INC,StoneCo Ltd,STNE,2018-12-31,SH,14166748.0,261235000.0,0.0,0.0,0.1427,,40,999999,,new,INFORMATION TECHNOLOGY,210526
BERKSHIRE HATHAWAY INC,Liberty Global plc Class C,LBTYK,2018-12-31,SH,7346968.0,151641000.0,7346968.0,206891000.0,0.0828,0.0936,41,39,0.0,,COMMUNICATIONS,4349
BERKSHIRE HATHAWAY INC,Johnson & Johnson Co.,JNJ,2018-12-31,SH,327100.0,42212000.0,327100.0,45195000.0,0.0231,0.0204,42,41,0.0,,HEALTH CARE,239
BERKSHIRE HATHAWAY INC,Liberty Latin America Ltd Class A,LILA,2018-12-31,SH,2880460.09,39311000.0,2880460.09,56578000.0,0.0215,0.0256,43,40,0.0,,UTILITIES AND TELECOMMUNICATIONS,178019
BERKSHIRE HATHAWAY INC,Procter & Gamble Co. (OH) (1905),PG,2018-12-31,SH,315400.0,28992000.0,315400.0,26251000.0,0.0158,0.0119,44,43,0.0,,CONSUMER STAPLES,272
BERKSHIRE HATHAWAY INC,Mondelez International Inc. (Kraft Foods),MDLZ,2018-12-31,SH,578000.0,23137000.0,578000.0,24831000.0,0.0126,0.0112,45,44,0.0,,CONSUMER STAPLES,3785
BERKSHIRE HATHAWAY INC,Liberty Latin America Ltd Class C,LILAK,2018-12-31,SH,1363629.24,18708000.0,1363629.24,26489000.0,0.0102,0.012,46,42,0.0,,COMMUNICATIONS,178021
BERKSHIRE HATHAWAY INC,United Parcel Service Inc. Class B,UPS,2018-12-31,SH,59400.0,5793000.0,59400.0,6935000.0,0.0032,0.0031,47,45,0.0,,TRANSPORTS,3795
BERKSHIRE HATHAWAY INC,Verizon Communications (Bell Atlantic Corp.),VZ,2018-12-31,SH,928.0,52000.0,928.0,50000.0,0.0,0.0,48,46,0.0,,UTILITIES AND TELECOMMUNICATIONS,286
BERKSHIRE HATHAWAY INC,Oracle Corp,ORCL,2018-12-31,SH,0.0,0.0,41404791.0,2134832000.0,,0.9659,999999,17,-100.0,soldall,INFORMATION TECHNOLOGY,20
