Filer Name,Stock Name,Stock Ticker,Quarter Date,Type of Security,Current Shares Held,Current Market Value,Previous Shares Held,Previous Market Value,Current % of Portfolio,Previous % of Portfolio,Current Rank,Previous Rank,Change in Shares,Type of Change,Sector,stock_id
BERKSHIRE HATHAWAY INC,Apple Inc,AAPL,2021-12-31,SH,887135554.0,157528660000.0,887135554.0,125529681000.0,47.5985,42.7776,1,1,0.0,,INFORMATION TECHNOLOGY,195
BERKSHIRE HATHAWAY INC,Bank of America Corp. (North Carolina National Bank),BAC,2021-12-31,SH,1010100606.0,44939376000.0,1010100606.0,42878771000.0,13.5788,14.6121,2,2,0.0,,FINANCE,205
BERKSHIRE HATHAWAY INC,American Express Co,AXP,2021-12-31,SH,151610700.0,24803511000.0,151610700.0,25399340000.0,7.4946,8.6555,3,3,0.0,,FINANCE,368
BERKSHIRE HATHAWAY INC,Coca Cola Co.,KO,2021-12-31,SH,400000000.0,23684001000.0,400000000.0,20988000000.0,7.1563,7.1522,4,4,0.0,,CONSUMER STAPLES,386
BERKSHIRE HATHAWAY INC,Kraft Heinz Co. (The),KHC,2021-12-31,SH,325634818.0,11690290000.0,325634818.0,11989874000.0,3.5323,4.0859,5,5,0.0,,CONSUMER STAPLES,178038
BERKSHIRE HATHAWAY INC,Moodys Corp,MCO,2021-12-31,SH,24669778.0,9635522000.0,24669778.0,8760485000.0,2.9114,2.9854,6,6,0.0,,FINANCE,2707
BERKSHIRE HATHAWAY INC,Verizon Communications (Bell Atlantic Corp.),VZ,2021-12-31,SH,158824575.0,8252525000.0,158824575.0,8578115000.0,2.4936,2.9232,7,7,0.0,,UTILITIES AND TELECOMMUNICATIONS,286
BERKSHIRE HATHAWAY INC,U.S. Bancorp (First National Bank of Cincinnati),USB,2021-12-31,SH,126417887.0,7100894000.0,126417887.0,7514279000.0,2.1456,2.5607,8,8,0.0,,FINANCE,471
BERKSHIRE HATHAWAY INC,Chevron Corp. (Standard Oil of California),CVX,2021-12-31,SH,38245036.0,4488055000.0,28703519.0,2911972000.0,1.3561,0.9923,9,13,33.241628,addition,ENERGY,214
BERKSHIRE HATHAWAY INC,Bank Of New York Mellon Corp,BK,2021-12-31,SH,72357453.0,4202522000.0,72357453.0,3751012000.0,1.2698,1.2783,10,10,0.0,,FINANCE,2534
BERKSHIRE HATHAWAY INC,Davita Inc.,DVA,2021-12-31,SH,36095570.0,4106232000.0,36095570.0,4196471000.0,1.2407,1.4301,11,9,0.0,,HEALTH CARE,3395
BERKSHIRE HATHAWAY INC,General Motors Co,GM,2021-12-31,SH,60000000.0,3517800000.0,60000000.0,3162600000.0,1.0629,1.0777,12,11,0.0,,CONSUMER DISCRETIONARY,107357
BERKSHIRE HATHAWAY INC,VeriSign Inc.,VRSN,2021-12-31,SH,12815613.0,3252859000.0,12815613.0,2627329000.0,0.9829,0.8953,13,14,0.0,,COMMUNICATIONS,960
BERKSHIRE HATHAWAY INC,Kroger Co.,KR,2021-12-31,SH,61412910.0,2779549000.0,61787910.0,2498086000.0,0.8399,0.8513,14,15,-0.606915,reduction,CONSUMER STAPLES,677
BERKSHIRE HATHAWAY INC,Charter Communications Inc,CHTR,2021-12-31,SH,3828941.0,2496355000.0,4200626.0,3056207000.0,0.7543,1.0415,15,12,-8.848324,reduction,COMMUNICATIONS,87254
BERKSHIRE HATHAWAY INC,Liberty Sirius XM Group Series C,LSXMK,2021-12-31,SH,43208291.0,2197142000.0,43208291.0,2051097000.0,0.6639,0.699,16,17,0.0,,COMMUNICATIONS,196000
BERKSHIRE HATHAWAY INC,Snowflake Inc.,SNOW,2021-12-31,SH,6125376.0,2074971000.0,6125376.0,1852497000.0,0.627,0.6313,17,18,0.0,,INFORMATION TECHNOLOGY,241987
BERKSHIRE HATHAWAY INC,VISA Inc,V,2021-12-31,SH,8297460.0,1798143000.0,9562460.0,2130038000.0,0.5433,0.7259,18,16,-13.228814,reduction,FINANCE,45920
BERKSHIRE HATHAWAY INC,Amazon.com Inc.,AMZN,2021-12-31,SH,10666000.0,1778204000.0,10666000.0,1751912000.0,0.5373,0.597,19,19,0.0,,CONSUMER DISCRETIONARY,3573
BERKSHIRE HATHAWAY INC,Mastercard Inc,MA,2021-12-31,SH,3986648.0,1432482000.0,4288648.0,1491077000.0,0.4328,0.5081,20,21,-7.041846,reduction,FINANCE,4044
BERKSHIRE HATHAWAY INC,Aon PLC,AON,2021-12-31,SH,4396000.0,1321261000.0,4396000.0,1256244000.0,0.3992,0.4281,21,23,0.0,,FINANCE,11339
BERKSHIRE HATHAWAY INC,Liberty Sirius XM Group Series A,LSXMA,2021-12-31,SH,20207680.0,1027561000.0,14860360.0,700963000.0,0.3105,0.2389,22,26,35.983785,addition,COMMUNICATIONS,195998
BERKSHIRE HATHAWAY INC,Nu Holdings Ltd,NU,2021-12-31,SH,107118784.0,1004774000.0,0.0,0.0,0.3036,,23,999999,,new,INFORMATION TECHNOLOGY,290901
BERKSHIRE HATHAWAY INC,Activision Blizzard Inc,ATVI,2021-12-31,SH,14658121.0,975205000.0,0.0,0.0,0.2947,,24,999999,,new,INFORMATION TECHNOLOGY,11336
BERKSHIRE HATHAWAY INC,RH Common Stock,RH,2021-12-31,SH,1816547.0,973561000.0,1791967.0,1195081000.0,0.2942,0.4073,25,24,1.371677,addition,CONSUMER DISCRETIONARY,134658
BERKSHIRE HATHAWAY INC,STORE Capital Corp,STOR,2021-12-31,SH,24415168.0,839882000.0,24415168.0,782018000.0,0.2538,0.2665,26,25,0.0,,REAL ESTATE,174839
BERKSHIRE HATHAWAY INC,T-Mobile US Inc,TMUS,2021-12-31,SH,5242000.0,607968000.0,5242000.0,669718000.0,0.1837,0.2282,27,27,0.0,,UTILITIES AND TELECOMMUNICATIONS,140861
BERKSHIRE HATHAWAY INC,Globe Life Inc,GL,2021-12-31,SH,6353727.0,595471000.0,6353727.0,565672000.0,0.1799,0.1928,28,28,0.0,,FINANCE,3707
BERKSHIRE HATHAWAY INC,AbbVie Inc,ABBV,2021-12-31,SH,3033561.0,410744000.0,14398488.0,1553165000.0,0.1241,0.5293,29,20,-78.931392,reduction,HEALTH CARE,133912
BERKSHIRE HATHAWAY INC,Royalty Pharma PLC,RPRX,2021-12-31,SH,8648268.0,344633000.0,13145902.0,475093000.0,0.1041,0.1619,30,29,-34.213202,reduction,HEALTH CARE,241327
BERKSHIRE HATHAWAY INC,Bristol-Myers Squibb Co,BMY,2021-12-31,SH,5202674.0,324387000.0,22046936.0,1304517000.0,0.098,0.4445,31,22,-76.401827,reduction,HEALTH CARE,380
BERKSHIRE HATHAWAY INC,StoneCo Ltd,STNE,2021-12-31,SH,10695448.0,180325000.0,10695448.0,371346000.0,0.0545,0.1265,32,32,0.0,,INFORMATION TECHNOLOGY,210526
BERKSHIRE HATHAWAY INC,Formula One Group,FWONK,2021-12-31,SH,2154764.68,133989000.0,0.0,0.0,0.0405,,33,999999,,new,COMMUNICATIONS,172812
BERKSHIRE HATHAWAY INC,Floor & Decor Holdings Inc,FND,2021-12-31,SH,843709.0,109691000.0,816863.0,98669000.0,0.0331,0.0336,34,34,3.286475,addition,CONSUMER DISCRETIONARY,198898
BERKSHIRE HATHAWAY INC,Marsh & McLennan Companies Inc.,MMC,2021-12-31,SH,404911.0,70382000.0,2741755.0,415184000.0,0.0213,0.1415,35,31,-85.231686,reduction,FINANCE,4352
BERKSHIRE HATHAWAY INC,Johnson & Johnson Co.,JNJ,2021-12-31,SH,327100.0,55957000.0,327100.0,52827000.0,0.0169,0.018,36,35,0.0,,HEALTH CARE,239
BERKSHIRE HATHAWAY INC,Procter & Gamble Co. (OH) (1905),PG,2021-12-31,SH,315400.0,51593000.0,315400.0,44093000.0,0.0156,0.015,37,36,0.0,,CONSUMER STAPLES,272
BERKSHIRE HATHAWAY INC,Mondelez International Inc. (Kraft Foods),MDLZ,2021-12-31,SH,578000.0,38327000.0,578000.0,33628000.0,0.0116,0.0115,38,38,0.0,,CONSUMER STAPLES,3785
BERKSHIRE HATHAWAY INC,Wells Fargo & Co.  (Northwest Bancorporation),WFC,2021-12-31,SH,675054.0,32389000.0,675054.0,31329000.0,0.0098,0.0107,39,39,0.0,,FINANCE,309
BERKSHIRE HATHAWAY INC,Liberty Latin America Ltd Class A,LILA,2021-12-31,SH,2630792.0,30675000.0,2630792.0,34410000.0,0.0093,0.0117,40,37,0.0,,UTILITIES AND TELECOMMUNICATIONS,178019
BERKSHIRE HATHAWAY INC,Vanguard 500 Index Fund-ETF Shares,VOO,2021-12-31,SH,43000.0,18773000.0,43000.0,16959000.0,0.0057,0.0058,41,40,0.0,,FINANCE,113985
BERKSHIRE HATHAWAY INC,SPDR S&P 500 ETF TRUST,SPY,2021-12-31,SH,39400.0,18713000.0,39400.0,16908000.0,0.0057,0.0058,42,41,0.0,,FINANCE,3962
BERKSHIRE HATHAWAY INC,Liberty Latin America Ltd Class C,LILAK,2021-12-31,SH,1284020.0,14638000.0,1284020.0,16846000.0,0.0044,0.0057,43,42,0.0,,COMMUNICATIONS,178021
BERKSHIRE HATHAWAY INC,United Parcel Service Inc. Class B,UPS,2021-12-31,SH,59400.0,12732000.0,59400.0,10817000.0,0.0038,0.0037,44,43,0.0,,TRANSPORTS,3795
BERKSHIRE HATHAWAY INC,Teva Pharmaceutical Industries Ltd ADR,TEVA,2021-12-31,SH,0.0,0.0,42789295.0,416768000.0,,0.142,999999,30,-100.0,soldall,HEALTH CARE,3839
BERKSHIRE HATHAWAY INC,Sirius XM Holdings Inc,SIRI,2021-12-31,SH,0.0,0.0,43658800.0,266319000.0,,0.0908,999999,33,-100.0,soldall,COMMUNICATIONS,3704
