Filer Name,Stock Name,Stock Ticker,Quarter Date,Type of Security,Current Shares Held,Current Market Value,Previous Shares Held,Previous Market Value,Current % of Portfolio,Previous % of Portfolio,Current Rank,Previous Rank,Change in Shares,Type of Change,Sector,stock_id
BERKSHIRE HATHAWAY INC,Apple Inc,AAPL,2022-03-31,SH,890923410.0,155564138000.0,887135554.0,157528660000.0,42.7899,47.5985,1,1,0.426976,addition,INFORMATION TECHNOLOGY,195
BERKSHIRE HATHAWAY INC,Bank of America Corp. (North Carolina National Bank),BAC,2022-03-31,SH,1010100606.0,41636348000.0,1010100606.0,44939376000.0,11.4526,13.5788,2,2,0.0,,FINANCE,205
BERKSHIRE HATHAWAY INC,American Express Co,AXP,2022-03-31,SH,151610700.0,28351201000.0,151610700.0,24803511000.0,7.7984,7.4946,3,3,0.0,,FINANCE,368
BERKSHIRE HATHAWAY INC,Chevron Corp. (Standard Oil of California),CVX,2022-03-31,SH,159178117.0,25918973000.0,38245036.0,4488055000.0,7.1293,1.3561,4,9,316.205954,addition,ENERGY,214
BERKSHIRE HATHAWAY INC,Coca Cola Co.,KO,2022-03-31,SH,400000000.0,24799999000.0,400000000.0,23684001000.0,6.8216,7.1563,5,4,0.0,,CONSUMER STAPLES,386
BERKSHIRE HATHAWAY INC,Kraft Heinz Co. (The),KHC,2022-03-31,SH,325634818.0,12826755000.0,325634818.0,11690290000.0,3.5282,3.5323,6,5,0.0,,CONSUMER STAPLES,178038
BERKSHIRE HATHAWAY INC,Moodys Corp,MCO,2022-03-31,SH,24669778.0,8323829000.0,24669778.0,9635522000.0,2.2896,2.9114,7,6,0.0,,FINANCE,2707
BERKSHIRE HATHAWAY INC,Occidental Petroleum Corp.,OXY,2022-03-31,SH,136373000.0,7737804000.0,0.0,0.0,2.1284,,8,999999,,new,ENERGY,442
BERKSHIRE HATHAWAY INC,U.S. Bancorp (First National Bank of Cincinnati),USB,2022-03-31,SH,126417887.0,6719111000.0,126417887.0,7100894000.0,1.8482,2.1456,9,8,0.0,,FINANCE,471
BERKSHIRE HATHAWAY INC,Activision Blizzard Inc,ATVI,2022-03-31,SH,64315222.0,5152292000.0,14658121.0,975205000.0,1.4172,0.2947,10,24,338.76853,addition,INFORMATION TECHNOLOGY,11336
BERKSHIRE HATHAWAY INC,Davita Inc.,DVA,2022-03-31,SH,36095570.0,4082770000.0,36095570.0,4106232000.0,1.123,1.2407,11,11,0.0,,HEALTH CARE,3395
BERKSHIRE HATHAWAY INC,HP Inc,HPQ,2022-03-31,SH,104476035.0,3792480000.0,0.0,0.0,1.0432,,12,999999,,new,INFORMATION TECHNOLOGY,234
BERKSHIRE HATHAWAY INC,Bank Of New York Mellon Corp,BK,2022-03-31,SH,72357453.0,3591100000.0,72357453.0,4202522000.0,0.9878,1.2698,13,10,0.0,,FINANCE,2534
BERKSHIRE HATHAWAY INC,Kroger Co.,KR,2022-03-31,SH,57985263.0,3326615000.0,61412910.0,2779549000.0,0.915,0.8399,14,14,-5.581313,reduction,CONSUMER STAPLES,677
BERKSHIRE HATHAWAY INC,Citigroup Inc.,C,2022-03-31,SH,55155797.0,2945319000.0,0.0,0.0,0.8101,,15,999999,,new,FINANCE,216
BERKSHIRE HATHAWAY INC,VeriSign Inc.,VRSN,2022-03-31,SH,12815613.0,2850961000.0,12815613.0,3252859000.0,0.7842,0.9829,16,13,0.0,,COMMUNICATIONS,960
BERKSHIRE HATHAWAY INC,General Motors Co,GM,2022-03-31,SH,62045847.0,2713886000.0,60000000.0,3517800000.0,0.7465,1.0629,17,12,3.409745,addition,CONSUMER DISCRETIONARY,107357
BERKSHIRE HATHAWAY INC,Paramount Global,PARA,2022-03-31,SH,68947760.0,2606915000.0,0.0,0.0,0.7171,,18,999999,,new,COMMUNICATIONS,2509
BERKSHIRE HATHAWAY INC,Charter Communications Inc,CHTR,2022-03-31,SH,3828941.0,2088764000.0,3828941.0,2496355000.0,0.5745,0.7543,19,15,0.0,,COMMUNICATIONS,87254
BERKSHIRE HATHAWAY INC,Liberty Sirius XM Group Series C,LSXMK,2022-03-31,SH,43208291.0,1975915000.0,43208291.0,2197142000.0,0.5435,0.6639,20,16,0.0,,COMMUNICATIONS,196000
BERKSHIRE HATHAWAY INC,VISA Inc,V,2022-03-31,SH,8297460.0,1840128000.0,8297460.0,1798143000.0,0.5062,0.5433,21,18,0.0,,FINANCE,45920
BERKSHIRE HATHAWAY INC,Amazon.com Inc.,AMZN,2022-03-31,SH,10666000.0,1738531000.0,10666000.0,1778204000.0,0.4782,0.5373,22,19,0.0,,CONSUMER DISCRETIONARY,3573
BERKSHIRE HATHAWAY INC,Aon PLC,AON,2022-03-31,SH,4396000.0,1431470000.0,4396000.0,1321261000.0,0.3937,0.3992,23,21,0.0,,FINANCE,11339
BERKSHIRE HATHAWAY INC,Mastercard Inc,MA,2022-03-31,SH,3986648.0,1424748000.0,3986648.0,1432482000.0,0.3919,0.4328,24,20,0.0,,FINANCE,4044
BERKSHIRE HATHAWAY INC,Snowflake Inc.,SNOW,2022-03-31,SH,6125376.0,1403507000.0,6125376.0,2074971000.0,0.3861,0.627,25,17,0.0,,INFORMATION TECHNOLOGY,241987
BERKSHIRE HATHAWAY INC,Celanese Corp,CE,2022-03-31,SH,7880998.0,1125958000.0,0.0,0.0,0.3097,,26,999999,,new,MATERIALS,622
BERKSHIRE HATHAWAY INC,Liberty Sirius XM Group Series A,LSXMA,2022-03-31,SH,20207680.0,923692000.0,20207680.0,1027561000.0,0.2541,0.3105,27,22,0.0,,COMMUNICATIONS,195998
BERKSHIRE HATHAWAY INC,McKesson Corp.,MCK,2022-03-31,SH,2921975.0,894504000.0,0.0,0.0,0.246,,28,999999,,new,HEALTH CARE,252
BERKSHIRE HATHAWAY INC,Nu Holdings Ltd,NU,2022-03-31,SH,107118784.0,826957000.0,107118784.0,1004774000.0,0.2275,0.3036,29,23,0.0,,INFORMATION TECHNOLOGY,290901
BERKSHIRE HATHAWAY INC,RH Common Stock,RH,2022-03-31,SH,2170000.0,707615000.0,1816547.0,973561000.0,0.1946,0.2942,30,25,19.45741,addition,CONSUMER DISCRETIONARY,134658
BERKSHIRE HATHAWAY INC,T-Mobile US Inc,TMUS,2022-03-31,SH,5242000.0,672811000.0,5242000.0,607968000.0,0.1851,0.1837,31,27,0.0,,UTILITIES AND TELECOMMUNICATIONS,140861
BERKSHIRE HATHAWAY INC,Globe Life Inc,GL,2022-03-31,SH,6353727.0,639185000.0,6353727.0,595471000.0,0.1758,0.1799,32,28,0.0,,FINANCE,3707
BERKSHIRE HATHAWAY INC,Markel Corp. (Holding Co.),MKL,2022-03-31,SH,420293.0,620034000.0,0.0,0.0,0.1705,,33,999999,,new,FINANCE,3461
BERKSHIRE HATHAWAY INC,Formula One Group,FWONK,2022-03-31,SH,7853732.67,539336000.0,2154764.68,133989000.0,0.1484,0.0405,34,33,264.482152,addition,COMMUNICATIONS,172812
BERKSHIRE HATHAWAY INC,STORE Capital Corp,STOR,2022-03-31,SH,14754811.0,431283000.0,24415168.0,839882000.0,0.1186,0.2538,35,26,-39.567031,reduction,REAL ESTATE,174839
BERKSHIRE HATHAWAY INC,Ally Financial Inc,ALLY,2022-03-31,SH,8969420.0,389990000.0,0.0,0.0,0.1073,,36,999999,,new,FINANCE,164759
BERKSHIRE HATHAWAY INC,Floor & Decor Holdings Inc,FND,2022-03-31,SH,4780000.0,387180000.0,843709.0,109691000.0,0.1065,0.0331,37,34,466.546048,addition,CONSUMER DISCRETIONARY,198898
BERKSHIRE HATHAWAY INC,StoneCo Ltd,STNE,2022-03-31,SH,10695448.0,125137000.0,10695448.0,180325000.0,0.0344,0.0545,38,32,0.0,,INFORMATION TECHNOLOGY,210526
BERKSHIRE HATHAWAY INC,Verizon Communications (Bell Atlantic Corp.),VZ,2022-03-31,SH,1380111.0,70303000.0,158824575.0,8252525000.0,0.0193,2.4936,39,7,-99.131047,reduction,UTILITIES AND TELECOMMUNICATIONS,286
BERKSHIRE HATHAWAY INC,Marsh & McLennan Companies Inc.,MMC,2022-03-31,SH,404911.0,69005000.0,404911.0,70382000.0,0.019,0.0213,40,35,0.0,,FINANCE,4352
BERKSHIRE HATHAWAY INC,Royalty Pharma PLC,RPRX,2022-03-31,SH,1496372.0,58299000.0,8648268.0,344633000.0,0.016,0.1041,41,30,-82.697437,reduction,HEALTH CARE,241327
BERKSHIRE HATHAWAY INC,Johnson & Johnson Co.,JNJ,2022-03-31,SH,327100.0,57972000.0,327100.0,55957000.0,0.0159,0.0169,42,36,0.0,,HEALTH CARE,239
BERKSHIRE HATHAWAY INC,Procter & Gamble Co. (OH) (1905),PG,2022-03-31,SH,315400.0,48193000.0,315400.0,51593000.0,0.0133,0.0156,43,37,0.0,,CONSUMER STAPLES,272
BERKSHIRE HATHAWAY INC,Mondelez International Inc. (Kraft Foods),MDLZ,2022-03-31,SH,578000.0,36287000.0,578000.0,38327000.0,0.01,0.0116,44,38,0.0,,CONSUMER STAPLES,3785
BERKSHIRE HATHAWAY INC,Liberty Latin America Ltd Class A,LILA,2022-03-31,SH,2630792.0,25518000.0,2630792.0,30675000.0,0.007,0.0093,45,40,0.0,,UTILITIES AND TELECOMMUNICATIONS,178019
BERKSHIRE HATHAWAY INC,Vanguard 500 Index Fund-ETF Shares,VOO,2022-03-31,SH,43000.0,17852000.0,43000.0,18773000.0,0.0049,0.0057,46,41,0.0,,FINANCE,113985
BERKSHIRE HATHAWAY INC,SPDR S&P 500 ETF TRUST,SPY,2022-03-31,SH,39400.0,17795000.0,39400.0,18713000.0,0.0049,0.0057,47,42,0.0,,FINANCE,3962
BERKSHIRE HATHAWAY INC,United Parcel Service Inc. Class B,UPS,2022-03-31,SH,59400.0,12739000.0,59400.0,12732000.0,0.0035,0.0038,48,44,0.0,,TRANSPORTS,3795
BERKSHIRE HATHAWAY INC,Liberty Latin America Ltd Class C,LILAK,2022-03-31,SH,1284020.0,12314000.0,1284020.0,14638000.0,0.0034,0.0044,49,43,0.0,,COMMUNICATIONS,178021
BERKSHIRE HATHAWAY INC,Bristol-Myers Squibb Co,BMY,2022-03-31,SH,0.0,0.0,5202674.0,324387000.0,,0.098,999999,31,-100.0,soldall,HEALTH CARE,380
BERKSHIRE HATHAWAY INC,Wells Fargo & Co.  (Northwest Bancorporation),WFC,2022-03-31,SH,0.0,0.0,675054.0,32389000.0,,0.0098,999999,39,-100.0,soldall,FINANCE,309
BERKSHIRE HATHAWAY INC,AbbVie Inc,ABBV,2022-03-31,SH,0.0,0.0,3033561.0,410744000.0,,0.1241,999999,29,-100.0,soldall,HEALTH CARE,133912
