Filer Name,Stock Name,Stock Ticker,Quarter Date,Type of Security,Current Shares Held,Current Market Value,Previous Shares Held,Previous Market Value,Current % of Portfolio,Previous % of Portfolio,Current Rank,Previous Rank,Change in Shares,Type of Change,Sector,stock_id
BERKSHIRE HATHAWAY INC,Coca Cola Co.,KO,2005-03-31,SH,400000000.0,8334000000.0,400000000.0,8328000000.0,22.2876,22.8304,1,2,0.0,,CONSUMER STAPLES,386
BERKSHIRE HATHAWAY INC,American Express Co,AXP,2005-03-31,SH,151610700.0,7788242000.0,151610700.0,8546296000.0,20.8281,23.4288,2,1,0.0,,FINANCE,368
BERKSHIRE HATHAWAY INC,Gillette Co. (The),G,2005-03-31,SH,100980000.0,5097470000.0,96000000.0,4298880000.0,13.6322,11.7849,3,3,5.1875,addition,CONSUMER STAPLES,107176
BERKSHIRE HATHAWAY INC,Wells Fargo & Co.  (Northwest Bancorporation),WFC,2005-03-31,SH,112896760.0,3375614000.0,112896760.0,3508265000.0,9.0274,9.6176,4,4,0.0,,FINANCE,309
BERKSHIRE HATHAWAY INC,Wesco Financial Corp.,WSC,2005-03-31,SH,5703087.0,2195574000.0,5703087.0,2241313000.0,5.8716,6.1443,5,5,0.0,,FINANCE,11541
BERKSHIRE HATHAWAY INC,Moodys Corp,MCO,2005-03-31,SH,48000000.0,1940640000.0,48000000.0,2084400000.0,5.1899,5.7142,6,6,0.0,,FINANCE,2707
BERKSHIRE HATHAWAY INC,Anheuser-Busch,BUD,2005-03-31,SH,40528400.0,1920641000.0,9493300.0,481595000.0,5.1364,1.3202,7,10,326.915825,addition,CONSUMER STAPLES,111563
BERKSHIRE HATHAWAY INC,The Washington Post Company,WPO,2005-03-31,SH,1727765.0,1544623000.0,1727765.0,1698428000.0,4.1308,4.6561,8,7,0.0,,Communications,4926
BERKSHIRE HATHAWAY INC,M&T Bank Corp. (Buffalo NY) (Manufacturers & Traders Trust),MTB,2005-03-31,SH,6708760.0,684696000.0,6708760.0,723473000.0,1.8311,1.9833,9,8,0.0,,FINANCE,3627
BERKSHIRE HATHAWAY INC,Block (H&R) Inc.,HRB,2005-03-31,SH,27021800.0,683381000.0,28701200.0,703179000.0,1.8276,1.9277,10,9,-5.851323,reduction,CONSUMER DISCRETIONARY,378
BERKSHIRE HATHAWAY INC,Trane Inc,TT,2005-03-31,SH,10497900.0,487942000.0,10497900.0,433773000.0,1.3049,1.1891,11,11,0.0,,INDUSTRIALS,97410
BERKSHIRE HATHAWAY INC,Shaw Communications Inc Class B,SJR,2005-03-31,SH,44000000.0,448360000.0,44000000.0,402380000.0,1.199,1.1031,12,12,0.0,,COMMUNICATIONS,5567
BERKSHIRE HATHAWAY INC,Gap (The),GPS,2005-03-31,SH,15434243.0,337084000.0,15434243.0,325971000.0,0.9015,0.8936,13,15,0.0,,CONSUMER DISCRETIONARY,981
BERKSHIRE HATHAWAY INC,COMCAST CORP SPL A (NEW),CMCSK,2005-03-31,SH,15000000.0,334400000.0,15000000.0,328400000.0,0.8943,0.9003,14,14,0.0,,CONSUMER DISCRETIONARY,2829
BERKSHIRE HATHAWAY INC,First Data Corp.,FDC,2005-03-31,SH,8000000.0,314480000.0,8000000.0,340320000.0,0.841,0.933,15,13,0.0,,INFORMATION TECHNOLOGY,97351
BERKSHIRE HATHAWAY INC,Tegna Inc. (Gannett Co.),TGNA,2005-03-31,SH,3447600.0,272636000.0,3447600.0,281668000.0,0.7291,0.7722,16,16,0.0,,COMMUNICATIONS,4336
BERKSHIRE HATHAWAY INC,Costco Co.,COST,2005-03-31,SH,5254000.0,232122000.0,5254000.0,254346000.0,0.6208,0.6973,17,18,0.0,,CONSUMER STAPLES,393
BERKSHIRE HATHAWAY INC,SunTrust Banks Inc.,STI,2005-03-31,SH,3204600.0,230955000.0,3204600.0,236756000.0,0.6176,0.649,18,19,0.0,,FINANCE,11359
BERKSHIRE HATHAWAY INC,USG Corp. (United States Gypsum),USG,2005-03-31,SH,6500000.0,215540000.0,6500000.0,261755000.0,0.5764,0.7176,19,17,0.0,,CONSUMER DISCRETIONARY,4059
BERKSHIRE HATHAWAY INC,NIKE Inc.,NKE,2005-03-31,SH,19796800.0,206159000.0,20000000.0,226725000.0,0.5513,0.6215,20,20,-1.016,reduction,CONSUMER DISCRETIONARY,4000
BERKSHIRE HATHAWAY INC,Pier 1 Imports,PIRRQ,2005-03-31,SH,400000.0,145840000.0,400000.0,157600000.0,0.39,0.432,21,21,0.0,,CONSUMER DISCRETIONARY,3646
BERKSHIRE HATHAWAY INC,Iron Mountain Inc.,IRM,2005-03-31,SH,7500000.0,144200000.0,7500000.0,152450000.0,0.3856,0.4179,22,22,0.0,,INDUSTRIALS,5651
BERKSHIRE HATHAWAY INC,Globe Life Inc,GL,2005-03-31,SH,4668477.75,108308000.0,4587702.75,116506000.0,0.2896,0.3194,23,23,1.760685,addition,FINANCE,3707
BERKSHIRE HATHAWAY INC,OSI Restaurant Partners Inc.,OSI,2005-03-31,SH,1818800.0,83283000.0,1818800.0,83265000.0,0.2227,0.2283,24,24,0.0,,CONSUMER DISCRETIONARY,103748
BERKSHIRE HATHAWAY INC,ServiceMaster Co,SVM,2005-03-31,SH,5611600.0,75757000.0,5611600.0,77384000.0,0.2026,0.2121,25,25,0.0,,CONSUMER DISCRETIONARY,107538
BERKSHIRE HATHAWAY INC,Sealed Air Corp.,SEE,2005-03-31,SH,2226600.0,57825000.0,2226600.0,59305000.0,0.1546,0.1626,26,26,0.0,,MATERIALS,3662
BERKSHIRE HATHAWAY INC,PetroChina Co. Ltd.,PTRCY,2005-03-31,SH,659000.0,41662000.0,659000.0,35382000.0,0.1114,0.097,27,28,0.0,,ENERGY,3804
BERKSHIRE HATHAWAY INC,Procter & Gamble Co. (OH) (1905),PG,2005-03-31,SH,630000.0,33390000.0,0.0,0.0,0.0893,,28,999999,,new,CONSUMER STAPLES,272
BERKSHIRE HATHAWAY INC,Mueller Industries Inc,MLI,2005-03-31,SH,3407200.0,23978000.0,5447600.0,43853000.0,0.0641,0.1202,29,27,-37.455026,reduction,INDUSTRIALS,5225
BERKSHIRE HATHAWAY INC,Comdisco Holding Co. Inc. (New),CDCO,2005-03-31,SH,1518978.0,21266000.0,1509433.0,33676000.0,0.0569,0.0923,30,29,0.632357,addition,INDUSTRIALS,10681
BERKSHIRE HATHAWAY INC,Dean Foods Co,DFODQ,2005-03-31,SH,187750.0,12880000.0,187750.0,12373000.0,0.0344,0.0339,31,30,0.0,,CONSUMER STAPLES,4865
