Filer Name,Stock Name,Stock Ticker,Quarter Date,Type of Security,Current Shares Held,Current Market Value,Previous Shares Held,Previous Market Value,Current % of Portfolio,Previous % of Portfolio,Current Rank,Previous Rank,Change in Shares,Type of Change,Sector,stock_id
BERKSHIRE HATHAWAY INC,Apple Inc,AAPL,2019-12-31,SH,980622264.0,71989933000.0,995354716.0,55732400000.0,29.7417,25.9615,1,1,-1.480121,reduction,INFORMATION TECHNOLOGY,195
BERKSHIRE HATHAWAY INC,Bank of America Corp. (North Carolina National Bank),BAC,2019-12-31,SH,925008600.0,32578803000.0,927248600.0,27047843000.0,13.4595,12.5995,2,2,-0.241575,reduction,FINANCE,205
BERKSHIRE HATHAWAY INC,Coca Cola Co.,KO,2019-12-31,SH,400000000.0,22140000000.0,400000000.0,21776000000.0,9.1468,10.1438,3,3,0.0,,CONSUMER STAPLES,386
BERKSHIRE HATHAWAY INC,American Express Co,AXP,2019-12-31,SH,151610700.0,18874016000.0,151610700.0,17932512000.0,7.7975,8.3534,4,5,0.0,,FINANCE,368
BERKSHIRE HATHAWAY INC,Wells Fargo & Co.  (Northwest Bancorporation),WFC,2019-12-31,SH,323212918.0,17388855000.0,378369018.0,19084935000.0,7.184,8.8902,5,4,-14.57733,reduction,FINANCE,309
BERKSHIRE HATHAWAY INC,Kraft Heinz Co. (The),KHC,2019-12-31,SH,325634818.0,10462647000.0,325634818.0,9096609000.0,4.3225,4.2374,6,6,0.0,,CONSUMER STAPLES,178038
BERKSHIRE HATHAWAY INC,JPMorgan Chase & Co. (Chemical Bank),JPM,2019-12-31,SH,59514932.0,8296382000.0,59514932.0,7004312000.0,3.4275,3.2628,7,8,0.0,,FINANCE,240
BERKSHIRE HATHAWAY INC,U.S. Bancorp (First National Bank of Cincinnati),USB,2019-12-31,SH,132459618.0,7853532000.0,132459618.0,7330315000.0,3.2446,3.4146,8,7,0.0,,FINANCE,471
BERKSHIRE HATHAWAY INC,Moodys Corp,MCO,2019-12-31,SH,24669778.0,5856852000.0,24669778.0,5053111000.0,2.4197,2.3539,9,9,0.0,,FINANCE,2707
BERKSHIRE HATHAWAY INC,Delta Air Lines Inc.,DAL,2019-12-31,SH,70910456.0,4146844000.0,70910456.0,4084442000.0,1.7132,1.9026,10,10,0.0,,TRANSPORTS,2421
BERKSHIRE HATHAWAY INC,Bank Of New York Mellon Corp,BK,2019-12-31,SH,79765057.0,4014575000.0,80937250.0,3659172000.0,1.6586,1.7045,11,12,-1.448274,reduction,FINANCE,2534
BERKSHIRE HATHAWAY INC,Southwest Airlines Co.,LUV,2019-12-31,SH,53649213.0,2895985000.0,53649213.0,2897595000.0,1.1964,1.3498,12,13,0.0,,TRANSPORTS,458
BERKSHIRE HATHAWAY INC,Davita Inc.,DVA,2019-12-31,SH,38565570.0,2893575000.0,38565570.0,2200937000.0,1.1954,1.0252,13,17,0.0,,HEALTH CARE,3395
BERKSHIRE HATHAWAY INC,Goldman Sachs Group Inc,GS,2019-12-31,SH,12004751.0,2760252000.0,18353635.0,3803424000.0,1.1404,1.7717,14,11,-34.59197,reduction,FINANCE,232
BERKSHIRE HATHAWAY INC,General Motors Co,GM,2019-12-31,SH,75000000.0,2745000000.0,72269696.0,2708669000.0,1.1341,1.2618,15,14,3.777938,addition,CONSUMER DISCRETIONARY,107357
BERKSHIRE HATHAWAY INC,Charter Communications Inc,CHTR,2019-12-31,SH,5426609.0,2632339000.0,5426609.0,2236414000.0,1.0875,1.0418,16,16,0.0,,COMMUNICATIONS,87254
BERKSHIRE HATHAWAY INC,VeriSign Inc.,VRSN,2019-12-31,SH,12952745.0,2495735000.0,12952745.0,2443276000.0,1.0311,1.1381,17,15,0.0,,COMMUNICATIONS,960
BERKSHIRE HATHAWAY INC,VISA Inc,V,2019-12-31,SH,10562460.0,1984686000.0,10562460.0,1816849000.0,0.8199,0.8463,18,19,0.0,,FINANCE,45920
BERKSHIRE HATHAWAY INC,United Airlines Holdings Inc,UAL,2019-12-31,SH,21938642.0,1932575000.0,21938642.0,1939595000.0,0.7984,0.9035,19,18,0.0,,TRANSPORTS,4204
BERKSHIRE HATHAWAY INC,Liberty Sirius XM Group Series C,LSXMK,2019-12-31,SH,31619531.75,1496721000.0,31619531.75,1304578000.0,0.6184,0.6077,20,21,0.0,,COMMUNICATIONS,196000
BERKSHIRE HATHAWAY INC,Mastercard Inc,MA,2019-12-31,SH,4934756.0,1473469000.0,4934756.0,1340132000.0,0.6087,0.6243,21,20,0.0,,FINANCE,4044
BERKSHIRE HATHAWAY INC,PNC Financial Services Group Inc. (The) (Provident National Trust Co.),PNC,2019-12-31,SH,8671054.0,1384160000.0,8671054.0,1215335000.0,0.5718,0.5661,22,23,0.0,,FINANCE,3649
BERKSHIRE HATHAWAY INC,Costco Co.,COST,2019-12-31,SH,4333363.0,1273662000.0,4333363.0,1248485000.0,0.5262,0.5816,23,22,0.0,,CONSUMER STAPLES,393
BERKSHIRE HATHAWAY INC,American Airlines Group Inc,AAL,2019-12-31,SH,42500000.0,1218900000.0,43700000.0,1178589000.0,0.5036,0.549,24,24,-2.745995,reduction,TRANSPORTS,164695
BERKSHIRE HATHAWAY INC,Amazon.com Inc.,AMZN,2019-12-31,SH,10746000.0,992844000.0,10746000.0,932705000.0,0.4102,0.4345,25,25,0.0,,CONSUMER DISCRETIONARY,3573
BERKSHIRE HATHAWAY INC,Sirius XM Holdings Inc,SIRI,2019-12-31,SH,136275729.0,974372000.0,136275729.0,852404000.0,0.4025,0.3971,26,27,0.0,,COMMUNICATIONS,3704
BERKSHIRE HATHAWAY INC,M&T Bank Corp. (Buffalo NY) (Manufacturers & Traders Trust),MTB,2019-12-31,SH,5382040.0,913602000.0,5382040.0,850202000.0,0.3774,0.396,27,28,0.0,,FINANCE,3627
BERKSHIRE HATHAWAY INC,Occidental Petroleum Corp.,OXY,2019-12-31,SH,18933054.0,780231000.0,7467508.0,332079000.0,0.3223,0.1547,28,39,153.539119,addition,ENERGY,442
BERKSHIRE HATHAWAY INC,Synchrony Financial,SYF,2019-12-31,SH,20803000.0,749116000.0,20803000.0,709175000.0,0.3095,0.3304,29,30,0.0,,FINANCE,173521
BERKSHIRE HATHAWAY INC,Axalta Coating Systems Ltd,AXTA,2019-12-31,SH,24264000.0,737626000.0,24264000.0,731560000.0,0.3047,0.3408,30,29,0.0,,MATERIALS,174844
BERKSHIRE HATHAWAY INC,Liberty Sirius XM Group Series A,LSXMA,2019-12-31,SH,15112986.12,718350000.0,15112986.12,617744000.0,0.2968,0.2878,31,32,0.0,,COMMUNICATIONS,195998
BERKSHIRE HATHAWAY INC,STORE Capital Corp,STOR,2019-12-31,SH,18621674.0,693471000.0,18621674.0,696637000.0,0.2865,0.3245,32,31,0.0,,REAL ESTATE,174839
BERKSHIRE HATHAWAY INC,Globe Life Inc,GL,2019-12-31,SH,6353727.0,668730000.0,6353727.0,608433000.0,0.2763,0.2834,33,33,0.0,,FINANCE,3707
BERKSHIRE HATHAWAY INC,StoneCo Ltd,STNE,2019-12-31,SH,14166748.0,565112000.0,14166748.0,492719000.0,0.2335,0.2295,34,36,0.0,,INFORMATION TECHNOLOGY,210526
BERKSHIRE HATHAWAY INC,Kroger Co.,KR,2019-12-31,SH,18940079.0,549073000.0,0.0,0.0,0.2268,,35,999999,,new,CONSUMER STAPLES,677
BERKSHIRE HATHAWAY INC,Restaurant Brands International Inc,QSR,2019-12-31,SH,8438225.0,538106000.0,8438225.0,600295000.0,0.2223,0.2796,36,34,0.0,,CONSUMER DISCRETIONARY,175085
BERKSHIRE HATHAWAY INC,Suncor Energy Inc.,SU,2019-12-31,SH,15019031.0,492624000.0,10758000.0,339738000.0,0.2035,0.1583,37,38,39.608022,addition,ENERGY,127
BERKSHIRE HATHAWAY INC,Liberty Global plc Class A,LBTYA,2019-12-31,SH,19791000.0,450047000.0,19791000.0,489827000.0,0.1859,0.2282,38,37,0.0,,COMMUNICATIONS,4042
BERKSHIRE HATHAWAY INC,Teva Pharmaceutical Industries Ltd ADR,TEVA,2019-12-31,SH,43249295.0,423843000.0,43249295.0,297555000.0,0.1751,0.1386,39,40,0.0,,HEALTH CARE,3839
BERKSHIRE HATHAWAY INC,RH Common Stock,RH,2019-12-31,SH,1708348.0,364732000.0,1207844.0,206336000.0,0.1507,0.0961,40,41,41.437802,addition,CONSUMER DISCRETIONARY,134658
BERKSHIRE HATHAWAY INC,Biogen Inc,BIIB,2019-12-31,SH,648447.0,192414000.0,0.0,0.0,0.0795,,41,999999,,new,HEALTH CARE,4853
BERKSHIRE HATHAWAY INC,Liberty Global plc Class C,LBTYK,2019-12-31,SH,7346968.0,160127000.0,7346968.0,174784000.0,0.0662,0.0814,42,42,0.0,,COMMUNICATIONS,4349
BERKSHIRE HATHAWAY INC,Liberty Latin America Ltd Class A,LILA,2019-12-31,SH,2880460.09,52397000.0,2880460.09,46343000.0,0.0216,0.0216,43,43,0.0,,UTILITIES AND TELECOMMUNICATIONS,178019
BERKSHIRE HATHAWAY INC,Johnson & Johnson Co.,JNJ,2019-12-31,SH,327100.0,47714000.0,327100.0,42320000.0,0.0197,0.0197,44,44,0.0,,HEALTH CARE,239
BERKSHIRE HATHAWAY INC,Travelers Companies Inc. (The) (St. Paul Fire and Marine Insurance),TRV,2019-12-31,SH,312379.0,42780000.0,5958391.0,885953000.0,0.0177,0.4127,45,26,-94.757326,reduction,FINANCE,470
BERKSHIRE HATHAWAY INC,Procter & Gamble Co. (OH) (1905),PG,2019-12-31,SH,315400.0,39393000.0,315400.0,39229000.0,0.0163,0.0183,46,45,0.0,,CONSUMER STAPLES,272
BERKSHIRE HATHAWAY INC,Mondelez International Inc. (Kraft Foods),MDLZ,2019-12-31,SH,578000.0,31836000.0,578000.0,31975000.0,0.0132,0.0149,47,46,0.0,,CONSUMER STAPLES,3785
BERKSHIRE HATHAWAY INC,Phillips 66,PSX,2019-12-31,SH,227436.0,25339000.0,5182637.0,530702000.0,0.0105,0.2472,48,35,-95.611578,reduction,ENERGY,122450
BERKSHIRE HATHAWAY INC,Liberty Latin America Ltd Class C,LILAK,2019-12-31,SH,1363629.24,24987000.0,1363629.24,21950000.0,0.0103,0.0102,49,47,0.0,,COMMUNICATIONS,178021
BERKSHIRE HATHAWAY INC,Vanguard 500 Index Fund-ETF Shares,VOO,2019-12-31,SH,43000.0,12719000.0,0.0,0.0,0.0053,,50,999999,,new,FINANCE,113985
BERKSHIRE HATHAWAY INC,SPDR S&P 500 ETF TRUST,SPY,2019-12-31,SH,39400.0,12681000.0,0.0,0.0,0.0052,,51,999999,,new,FINANCE,3962
BERKSHIRE HATHAWAY INC,United Parcel Service Inc. Class B,UPS,2019-12-31,SH,59400.0,6953000.0,59400.0,7117000.0,0.0029,0.0033,52,48,0.0,,TRANSPORTS,3795
