Filer Name,Stock Name,Stock Ticker,Quarter Date,Type of Security,Current Shares Held,Current Market Value,Previous Shares Held,Previous Market Value,Current % of Portfolio,Previous % of Portfolio,Current Rank,Previous Rank,Change in Shares,Type of Change,Sector,stock_id
FAIRHOLME CAPITAL MANAGEMENT LLC,American International Group Inc.,AIG,2014-03-31,SH,75681614.0,3784838000.0,79752186.0,4071349000.0,38.2397,41.9111,1,1,-5.104026,reduction,FINANCE,193
FAIRHOLME CAPITAL MANAGEMENT LLC,Bank of America Corp. (North Carolina National Bank),BAC,2014-03-31,SH,98942515.0,1701811000.0,99742115.0,1552985000.0,17.1941,15.9867,2,2,-0.801667,reduction,FINANCE,205
FAIRHOLME CAPITAL MANAGEMENT LLC,Sears Holdings Corp,SHLDQ,2014-03-31,SH,24502323.0,1170231000.0,21331673.0,1046105000.0,11.8233,10.7688,3,3,14.863579,addition,CONSUMER DISCRETIONARY,1061
FAIRHOLME CAPITAL MANAGEMENT LLC,Fannie Mae 8.25% Fixed to Floating Rate Non-Cumul Preferred Stock Series S,FNMAS,2014-03-31,SH,59041819.0,618758000.0,59049119.0,516680000.0,6.2516,5.3188,4,4,-0.012363,reduction,FINANCE,6055
FAIRHOLME CAPITAL MANAGEMENT LLC,American International Group Inc Warrants,AIG-W1,2014-03-31,SH,24495221.0,500682000.0,24250009.0,491063000.0,5.0586,5.0551,5,6,1.011183,addition,FINANCE,111678
FAIRHOLME CAPITAL MANAGEMENT LLC,St. Joe Corp,JOE,2014-03-31,SH,24847204.0,478309000.0,24863504.0,477131000.0,4.8325,4.9117,6,7,-0.065558,reduction,REAL ESTATE,2602
FAIRHOLME CAPITAL MANAGEMENT LLC,Jefferies Financial Group Inc. (Talcott National - Leucadia National),JEF,2014-03-31,SH,17912653.71,448968000.0,20061303.08,508928000.0,4.5361,5.239,7,5,-10.710418,reduction,FINANCE,11351
FAIRHOLME CAPITAL MANAGEMENT LLC,Freddie Mac 8.375% Fixed-to-Floating Rate Non-Cumulative Perpetual Preferred Stock,FMCKJ,2014-03-31,SH,39901900.0,438921000.0,39901900.0,357920000.0,4.4346,3.6845,8,8,0.0,,FINANCE,6057
FAIRHOLME CAPITAL MANAGEMENT LLC,Fannie Mae Variable Rate Non-Cumulative Preferred Stock Series O,FNMFN,2014-03-31,SH,6339843.0,118555000.0,6339843.0,90026000.0,1.1978,0.9267,9,9,0.0,,FINANCE,10100
FAIRHOLME CAPITAL MANAGEMENT LLC,BANK OF AMERICA CORP CL A WT EXP 011619,BAC/WS/A,2014-03-31,SH,10519328.0,86469000.0,9904428.0,64082000.0,0.8736,0.6597,10,12,6.208334,addition, ,88960
FAIRHOLME CAPITAL MANAGEMENT LLC,Freddie Mac (Federal Home Loan Mortgage Corp.),FMCC,2014-03-31,SH,17727142.0,75554000.0,19932842.0,63533000.0,0.7634,0.654,11,13,-11.065657,reduction,FINANCE,2416
FAIRHOLME CAPITAL MANAGEMENT LLC,Fannie Mae (Federal National Mortgage Association),FNMA,2014-03-31,SH,19162900.0,74735000.0,25990900.0,78233000.0,0.7551,0.8053,12,11,-26.270733,reduction,FINANCE,2513
FAIRHOLME CAPITAL MANAGEMENT LLC,Freddie Mac 5.57% Perpetual Non-cumulative Preferred Stock,FMCK,2014-03-31,SH,5799175.0,52193000.0,5799175.0,40768000.0,0.5273,0.4197,13,14,0.0,,FINANCE,51213
FAIRHOLME CAPITAL MANAGEMENT LLC,Federal Home Loan Mortgage Corp,FMCKI,2014-03-31,SH,4196108.0,39024000.0,4196108.0,29792000.0,0.3943,0.3067,14,15,0.0,,FINANCE,14516
FAIRHOLME CAPITAL MANAGEMENT LLC,Berkshire Hathaway Inc Class B,BRK.B,2014-03-31,SH,288925.0,36107000.0,710225.0,84204000.0,0.3648,0.8668,15,10,-59.31923,reduction,FINANCE,2827
FAIRHOLME CAPITAL MANAGEMENT LLC,Fannie Mae Variable Rate Non-Cumulative Preferred Stock Series P,FNMAH,2014-03-31,SH,3672127.0,30883000.0,3672127.0,24970000.0,0.312,0.257,16,17,0.0,,FINANCE,12548
FAIRHOLME CAPITAL MANAGEMENT LLC,Freddie Mac (Federal Home Loan Mortgage Corp.) Variable Rate Non-Cumulative Preferred,FMCCM,2014-03-31,SH,1699250.0,28717000.0,1699250.0,22974000.0,0.2901,0.2365,17,18,0.0,,FINANCE,109143
FAIRHOLME CAPITAL MANAGEMENT LLC,Wells Fargo & Co  Warrant,WFC-W1,2014-03-31,SH,1346665.0,25102000.0,1346665.0,21318000.0,0.2536,0.2195,18,19,0.0,,FINANCE,113281
FAIRHOLME CAPITAL MANAGEMENT LLC,Freddie Mac (Federal Home Loan Mortgage Corp.) 5.10% Perpetual Non-Cumulative Preferred,FMCCH,2014-03-31,SH,1339572.0,23550000.0,1339572.0,17950000.0,0.2379,0.1848,19,21,0.0,,FINANCE,52136
FAIRHOLME CAPITAL MANAGEMENT LLC,Freddie Mac (Federal Home Loan Mortgage Corp.) 1996 Variable Rate Non-Cumulative Perpetual Preferred,FMCCI,2014-03-31,SH,1377829.0,23079000.0,1377829.0,18601000.0,0.2332,0.1915,20,20,0.0,,FINANCE,14562
FAIRHOLME CAPITAL MANAGEMENT LLC,Genworth Financial Inc,GNW,2014-03-31,SH,1071500.0,18998000.0,1071500.0,16640000.0,0.1919,0.1713,21,22,0.0,,FINANCE,4036
FAIRHOLME CAPITAL MANAGEMENT LLC,JPMORGAN CHASE & CO           W EXP 10/28/201,JPM/WS,2014-03-31,SH,753300.0,15217000.0,753300.0,14606000.0,0.1537,0.1504,22,24,0.0,, ,97040
FAIRHOLME CAPITAL MANAGEMENT LLC,Hartford Financial Services (The) Warrant,HIG-W1,2014-03-31,SH,553900.0,14767000.0,553900.0,15249000.0,0.1492,0.157,23,23,0.0,,FINANCE,108017
FAIRHOLME CAPITAL MANAGEMENT LLC,Federal National Mortgage Association 6.75% Non-Cumulative Preferred Stock Series Q,FNMAI,2014-03-31,SH,1580000.0,14078000.0,1580000.0,11060000.0,0.1422,0.1139,24,26,0.0,,FINANCE,12547
FAIRHOLME CAPITAL MANAGEMENT LLC,Fannie Mae 7.625% Non-Cumulative Preferred Stock Series R,FNMAJ,2014-03-31,SH,1500000.0,14025000.0,1500000.0,11790000.0,0.1417,0.1214,25,25,0.0,,FINANCE,6056
FAIRHOLME CAPITAL MANAGEMENT LLC,Chesapeake Energy Corp,CHKAQ,2014-03-31,SH,2681.5,13740000.0,4640.0,25186000.0,0.1388,0.2593,26,16,-42.209052,reduction,ENERGY,3533
FAIRHOLME CAPITAL MANAGEMENT LLC,Lincoln National Corp Warrants,LNC/WS,2014-03-31,SH,205810.0,8545000.0,205810.0,8698000.0,0.0863,0.0895,27,27,0.0,, ,96951
FAIRHOLME CAPITAL MANAGEMENT LLC,Wells Fargo & Co.  (Northwest Bancorporation),WFC,2014-03-31,SH,149600.0,7441000.0,149600.0,6792000.0,0.0752,0.0699,28,28,0.0,,FINANCE,309
FAIRHOLME CAPITAL MANAGEMENT LLC,Fannie Mae (Federal National Mortgage Assoc.) Variable Rate Non-Cumulative Preferred Stock Series G,FNMAO,2014-03-31,SH,269500.0,4600000.0,269500.0,3738000.0,0.0465,0.0385,29,29,0.0,,FINANCE,66964
FAIRHOLME CAPITAL MANAGEMENT LLC,Freddie Mac 5.90% Non-Cumulative Perpetual Preferred Stock,FREPRU,2014-03-31,SH,517900.0,4428000.0,517900.0,3563000.0,0.0447,0.0367,30,30,0.0,,FINANCE,108429
FAIRHOLME CAPITAL MANAGEMENT LLC,Freddie Mac 5.66% Non-Cumulative Perpetual Preferred Stock,FMCKN,2014-03-31,SH,447940.0,4143000.0,447940.0,3136000.0,0.0419,0.0323,31,31,0.0,,FINANCE,32354
FAIRHOLME CAPITAL MANAGEMENT LLC,Freddie Mac (Federal Home Loan Mortgage Corp.) 5.00% Perpetual Non-Cumulative Preferred,FMCKK,2014-03-31,SH,203000.0,3477000.0,203000.0,2822000.0,0.0351,0.0291,32,33,0.0,,FINANCE,34259
FAIRHOLME CAPITAL MANAGEMENT LLC,Freddie Mac (Federal Home Loan Mortgage Corp.) 5.81% Perpetual Non-Cumulative Preferred,FMCCO,2014-03-31,SH,157500.0,2797000.0,157500.0,2120000.0,0.0283,0.0218,33,35,0.0,,FINANCE,12549
FAIRHOLME CAPITAL MANAGEMENT LLC,Citigroup Inc.,C,2014-03-31,SH,54560.0,2597000.0,54560.0,2843000.0,0.0262,0.0293,34,32,0.0,,FINANCE,216
FAIRHOLME CAPITAL MANAGEMENT LLC,Vodafone Group Plc Sponsored ADR,VOD,2014-03-31,SH,66000.0,2429000.0,0.0,0.0,0.0245,,35,999999,,new,UTILITIES AND TELECOMMUNICATIONS,4155
FAIRHOLME CAPITAL MANAGEMENT LLC,AT&T Inc. (Southwestern Bell - SBC Corp.),T,2014-03-31,SH,90694.0,2402000.0,0.0,0.0,0.0243,,36,999999,,new,UTILITIES AND TELECOMMUNICATIONS,200
FAIRHOLME CAPITAL MANAGEMENT LLC,Lincoln National Corp.,LNC,2014-03-31,SH,44400.0,2250000.0,44400.0,2292000.0,0.0227,0.0236,37,34,0.0,,FINANCE,425
FAIRHOLME CAPITAL MANAGEMENT LLC,Hartford Financial Services Group,HIG,2014-03-31,SH,52000.0,1834000.0,52000.0,1884000.0,0.0185,0.0194,38,36,0.0,,FINANCE,233
FAIRHOLME CAPITAL MANAGEMENT LLC,Freddie Mac Variable Rate Perpetual Non-Cumulative Preferred Stock 2006,FMCCS,2014-03-31,SH,60900.0,1065000.0,60900.0,804000.0,0.0108,0.0083,39,38,0.0,,FINANCE,108909
FAIRHOLME CAPITAL MANAGEMENT LLC,Freddie Mac (Federal Home Loan Mortgage Corp.) 6.00% Perpetual Non-Cumulative Preferred,FMCCP,2014-03-31,SH,45000.0,785000.0,45000.0,594000.0,0.0079,0.0061,40,39,0.0,,FINANCE,89244
FAIRHOLME CAPITAL MANAGEMENT LLC,Berkshire Hathaway Inc Class A,BRK.A,2014-03-31,SH,3.0,562000.0,6.0,1067000.0,0.0057,0.011,41,37,-50.0,reduction,FINANCE,4161
FAIRHOLME CAPITAL MANAGEMENT LLC,Freddie Mac (Federal Home Loan Mortgage Corp.) 6.02% Non-Cumulative Perpetual Preferred,FMCKL,2014-03-31,SH,45500.0,423000.0,45500.0,333000.0,0.0043,0.0034,42,40,0.0,,FINANCE,96073
FAIRHOLME CAPITAL MANAGEMENT LLC,Freddie Mac (Federal Home Loan Mortgage Corp.) 5.79% Perpetual Non-Cumulative Preferred,FMCCK,2014-03-31,SH,9400.0,169000.0,9400.0,132000.0,0.0017,0.0014,43,41,0.0,,FINANCE,57740
FAIRHOLME CAPITAL MANAGEMENT LLC,Freddie Mac 6.42% Non-Cumulative Perpetual Preferred Stock,FMCCT,2014-03-31,SH,9200.0,166000.0,9200.0,127000.0,0.0017,0.0013,44,42,0.0,,FINANCE,12551
FAIRHOLME CAPITAL MANAGEMENT LLC,Freddie Mac (Federal Home Loan Mortgage Corp.) 5.70% Perpetual Non-Cumulative Preferred,FMCKP,2014-03-31,SH,8400.0,151000.0,8400.0,107000.0,0.0015,0.0011,45,43,0.0,,FINANCE,109103
FAIRHOLME CAPITAL MANAGEMENT LLC,Fannie Mae (Federal National Mortgage Assoc.) 5.375% Non-Cumulative Preferred Stock Series I,FNMAG,2014-03-31,SH,4400.0,79000.0,4400.0,62000.0,0.0008,0.0006,46,44,0.0,,FINANCE,51888
