Filer Name,Stock Name,Stock Ticker,Quarter Date,Type of Security,Current Shares Held,Current Market Value,Previous Shares Held,Previous Market Value,Current % of Portfolio,Previous % of Portfolio,Current Rank,Previous Rank,Change in Shares,Type of Change,Sector,stock_id
FAIRHOLME CAPITAL MANAGEMENT LLC,St. Joe Corp,JOE,2018-12-31,SH,26547898.0,349636000.0,27394450.0,460227000.0,95.3411,76.7926,1,1,-3.090232,reduction,REAL ESTATE,2602
FAIRHOLME CAPITAL MANAGEMENT LLC,Vista Outdoor Inc,VSTO,2018-12-31,SH,1475400.0,16746000.0,3532000.0,63187000.0,4.5664,10.5433,2,2,-58.227633,reduction,CONSUMER DISCRETIONARY,175999
FAIRHOLME CAPITAL MANAGEMENT LLC,Jefferies Financial Group Inc. (Talcott National - Leucadia National),JEF,2018-12-31,SH,21784.0,339000.0,73730.45,1449000.0,0.0924,0.2418,3,8,-70.454541,reduction,FINANCE,11351
FAIRHOLME CAPITAL MANAGEMENT LLC,AT&T Inc. (Southwestern Bell - SBC Corp.),T,2018-12-31,SH,0.0,0.0,459295.6,11649000.0,,1.9437,999999,6,-100.0,soldall,UTILITIES AND TELECOMMUNICATIONS,200
FAIRHOLME CAPITAL MANAGEMENT LLC,Sears Holdings Corp,SHLDQ,2018-12-31,SH,0.0,0.0,14055740.0,13606000.0,,2.2703,999999,5,-100.0,soldall,CONSUMER DISCRETIONARY,1061
FAIRHOLME CAPITAL MANAGEMENT LLC,Berkshire Hathaway Inc Class B,BRK.B,2018-12-31,SH,0.0,0.0,9600.0,2055000.0,,0.3429,999999,7,-100.0,soldall,FINANCE,2827
FAIRHOLME CAPITAL MANAGEMENT LLC,Spectrum Brands Holdings (Zapata Off-Shore - HRG Group),SPB,2018-12-31,SH,0.0,0.0,291228.0,21761000.0,,3.631,999999,4,-100.0,soldall,CONSUMER STAPLES,85973
FAIRHOLME CAPITAL MANAGEMENT LLC,SEARS HOLDINGS CORPORATION,SHLDW,2018-12-31,SH,0.0,0.0,5549754.0,117000.0,,0.0195,999999,9,-100.0,soldall,CONSUMER DISCRETIONARY,174729
FAIRHOLME CAPITAL MANAGEMENT LLC,Vistra Energy Corp,VST,2018-12-31,SH,0.0,0.0,1015300.0,25261000.0,,4.215,999999,3,-100.0,soldall,ENERGY,198258
