Filer Name,Stock Name,Stock Ticker,Quarter Date,Type of Security,Current Shares Held,Current Market Value,Previous Shares Held,Previous Market Value,Current % of Portfolio,Previous % of Portfolio,Current Rank,Previous Rank,Change in Shares,Type of Change,Sector,stock_id
FAIRHOLME CAPITAL MANAGEMENT LLC,Jefferies Financial Group Inc. (Talcott National - Leucadia National),JEF,2004-03-31,SH,13267060.16,210919000.0,13220207.81,181851000.0,25.2504,25.248,1,1,0.354399,addition,FINANCE,11351
FAIRHOLME CAPITAL MANAGEMENT LLC,Berkshire Hathaway Inc Class A,BRK.A,2004-03-31,SH,2096.0,195557000.0,2098.0,176756000.0,23.4113,24.5406,2,2,-0.095329,reduction,FINANCE,4161
FAIRHOLME CAPITAL MANAGEMENT LLC,Berkshire Hathaway Inc Class B,BRK.B,2004-03-31,SH,1740300.0,108282000.0,1747150.0,98365000.0,12.9631,13.6569,3,3,-0.392067,reduction,FINANCE,2827
FAIRHOLME CAPITAL MANAGEMENT LLC,Markel Corp. (Holding Co.),MKL,2004-03-31,SH,220497.0,63481000.0,225134.0,57074000.0,7.5997,7.9241,4,4,-2.059662,reduction,FINANCE,3461
FAIRHOLME CAPITAL MANAGEMENT LLC,Mercury General Corp.,MCY,2004-03-31,SH,1144897.0,57165000.0,1083442.0,50434000.0,6.8436,7.0022,5,5,5.6722,addition,FINANCE,2835
FAIRHOLME CAPITAL MANAGEMENT LLC,White Mountains Insurance Group Inc,WTM,2004-03-31,SH,94560.0,49597000.0,91100.0,41901000.0,5.9375,5.8175,6,6,3.798024,addition,FINANCE,3460
FAIRHOLME CAPITAL MANAGEMENT LLC,Alleghany Corp (NY),Y,2004-03-31,SH,127922.0,31635000.0,107502.0,23919000.0,3.7872,3.3209,7,7,18.994995,addition,FINANCE,11373
FAIRHOLME CAPITAL MANAGEMENT LLC,Safety Insurance Group Inc,SAFT,2004-03-31,SH,1238649.0,23485000.0,1238649.0,21193000.0,2.8115,2.9424,8,8,0.0,,FINANCE,2756
FAIRHOLME CAPITAL MANAGEMENT LLC,Gladstone Capital Corp,GLAD,2004-03-31,SH,670254.0,15020000.0,671454.0,15007000.0,1.7981,2.0836,9,9,-0.178717,reduction,FINANCE,7193
FAIRHOLME CAPITAL MANAGEMENT LLC,HomeFed Corp.,HOFD,2004-03-31,SH,321208.0,11114000.0,321325.0,9318000.0,1.3305,1.2937,10,10,-0.036412,reduction,REAL ESTATE,10280
FAIRHOLME CAPITAL MANAGEMENT LLC,Ethan Allen Interiors Inc.,ETD,2004-03-31,SH,183100.0,7555000.0,184200.0,7714000.0,0.9045,1.071,11,11,-0.597177,reduction,CONSUMER DISCRETIONARY,5083
FAIRHOLME CAPITAL MANAGEMENT LLC,Arch Wireless Inc (New),AWIN,2004-03-31,SH,224470.0,7250000.0,74470.0,1475000.0,0.8679,0.2048,12,19,201.423392,addition,COMMUNICATIONS,98235
FAIRHOLME CAPITAL MANAGEMENT LLC,Gladstone Commercial Corp,GOOD,2004-03-31,SH,400000.0,6840000.0,400000.0,6404000.0,0.8189,0.8891,13,13,0.0,,REAL ESTATE,5821
FAIRHOLME CAPITAL MANAGEMENT LLC,Wells Fargo & Co.  (Northwest Bancorporation),WFC,2004-03-31,SH,234620.0,6648000.0,237220.0,6985000.0,0.7959,0.9698,14,12,-1.096029,reduction,FINANCE,309
FAIRHOLME CAPITAL MANAGEMENT LLC,Duke Energy Corp.,DUK,2004-03-31,SH,68303.17,4631000.0,34596.54,2123000.0,0.5544,0.2948,15,16,97.427749,addition,UTILITIES AND TELECOMMUNICATIONS,397
FAIRHOLME CAPITAL MANAGEMENT LLC,Health Management Associates Inc. (New),HMA,2004-03-31,SH,196860.0,4569000.0,0.0,0.0,0.547,,16,999999,,new,HEALTH CARE,4803
FAIRHOLME CAPITAL MANAGEMENT LLC,Williams Cos. (The),WMB,2004-03-31,SH,377700.0,3615000.0,117200.0,1151000.0,0.4328,0.1598,17,20,222.269625,addition,ENERGY,532
FAIRHOLME CAPITAL MANAGEMENT LLC,MCI Inc,MCIP,2004-03-31,SH,166000.0,3453000.0,15000.0,353000.0,0.4134,0.049,18,31,1006.666667,addition,COMMUNICATIONS,102700
FAIRHOLME CAPITAL MANAGEMENT LLC,Oxford Health Plans Inc.,OHP,2004-03-31,SH,63502.0,3102000.0,63502.0,2762000.0,0.3714,0.3835,19,14,0.0,,HEALTH CARE,103644
FAIRHOLME CAPITAL MANAGEMENT LLC,Winthrop Realty Trust,FUR,2004-03-31,SH,157811.8,2477000.0,81995.0,886000.0,0.2965,0.123,20,23,92.46515,addition,REAL ESTATE,7698
FAIRHOLME CAPITAL MANAGEMENT LLC,HSBC Holdings plc ADR,HSBC,2004-03-31,SH,31537.0,2359000.0,31537.0,2486000.0,0.2824,0.3452,21,15,0.0,,FINANCE,4164
FAIRHOLME CAPITAL MANAGEMENT LLC,Coca Cola Co.,KO,2004-03-31,SH,79300.0,1994000.0,80060.0,2032000.0,0.2387,0.2821,22,17,-0.949288,reduction,CONSUMER STAPLES,386
FAIRHOLME CAPITAL MANAGEMENT LLC,Seitel Inc.,SELA,2004-03-31,SH,386100.0,1459000.0,0.0,0.0,0.1747,,23,999999,,new,ENERGY,104897
FAIRHOLME CAPITAL MANAGEMENT LLC,Countrywide Financial Corp.,CFC,2004-03-31,SH,44703.0,1429000.0,0.0,0.0,0.1711,,24,999999,,new,FINANCE,772
FAIRHOLME CAPITAL MANAGEMENT LLC,Virtus Convertible & Income 2024 Target Term Fund,CBH,2004-03-31,SH,35600.0,1173000.0,0.0,0.0,0.1404,,25,999999,,new,MUTUAL FUND,2510
FAIRHOLME CAPITAL MANAGEMENT LLC,Plains Resources Inc.,PLX,2004-03-31,SH,61700.0,1122000.0,0.0,0.0,0.1343,,26,999999,,new,ENERGY,107428
FAIRHOLME CAPITAL MANAGEMENT LLC,Capital Southwest Corp.,CSWC,2004-03-31,SH,152293.39,1055000.0,141985.78,808000.0,0.1263,0.1122,27,24,7.259607,addition,FINANCE,3501
FAIRHOLME CAPITAL MANAGEMENT LLC,Daily Journal Corp (SC),DJCO,2004-03-31,SH,26825.0,966000.0,18225.0,565000.0,0.1156,0.0784,29,26,47.187929,addition,COMMUNICATIONS,8771
FAIRHOLME CAPITAL MANAGEMENT LLC,Citigroup Inc.,C,2004-03-31,SH,64089.4,932000.0,75240.5,1130000.0,0.1116,0.1569,30,21,-14.820609,reduction,FINANCE,216
FAIRHOLME CAPITAL MANAGEMENT LLC,Wesco Financial Corp.,WSC,2004-03-31,SH,1702.0,659000.0,1702.0,599000.0,0.0789,0.0832,31,25,0.0,,FINANCE,11541
FAIRHOLME CAPITAL MANAGEMENT LLC,Altria Group Inc. (Philip Morris),MO,2004-03-31,SH,11503.0,626000.0,36503.0,1986000.0,0.0749,0.2757,32,18,-68.487522,reduction,CONSUMER STAPLES,191
FAIRHOLME CAPITAL MANAGEMENT LLC,Metrocall Holdings Inc,MTOH,2004-03-31,SH,7500.0,519000.0,7500.0,547000.0,0.0621,0.0759,33,27,0.0,,COMMUNICATIONS,103118
FAIRHOLME CAPITAL MANAGEMENT LLC,Morgan Stanley,MS,2004-03-31,SH,8610.0,493000.0,8610.0,498000.0,0.059,0.0691,34,29,0.0,,FINANCE,505
FAIRHOLME CAPITAL MANAGEMENT LLC,Golden West Financial,GDW,2004-03-31,SH,7852.0,440000.0,8252.0,426000.0,0.0527,0.0591,35,30,-4.84731,reduction,FINANCE,100976
FAIRHOLME CAPITAL MANAGEMENT LLC,Intel Corp.,INTC,2004-03-31,SH,16064.0,437000.0,16064.0,515000.0,0.0523,0.0715,36,28,0.0,,INFORMATION TECHNOLOGY,236
FAIRHOLME CAPITAL MANAGEMENT LLC,Micron Technology Inc.,MU,2004-03-31,SH,20000.0,334000.0,20000.0,269000.0,0.04,0.0373,37,34,0.0,,INFORMATION TECHNOLOGY,488
FAIRHOLME CAPITAL MANAGEMENT LLC,Gyrodyne LLC,GYRO,2004-03-31,SH,1082.34,326000.0,1082.34,331000.0,0.039,0.046,38,32,0.0,,REAL ESTATE,7972
FAIRHOLME CAPITAL MANAGEMENT LLC,Pfizer Inc.,PFE,2004-03-31,SH,8696.55,289000.0,8696.55,292000.0,0.0346,0.0405,39,33,0.0,,HEALTH CARE,265
FAIRHOLME CAPITAL MANAGEMENT LLC,Biotechne Corp,TECH,2004-03-31,SH,24000.0,245000.0,24000.0,227000.0,0.0293,0.0315,40,36,0.0,,HEALTH CARE,5172
FAIRHOLME CAPITAL MANAGEMENT LLC,Plains All American Pipeline LP,PAA,2004-03-31,SH,14000.0,244000.0,14000.0,227000.0,0.0292,0.0315,41,37,0.0,,ENERGY,4170
FAIRHOLME CAPITAL MANAGEMENT LLC,RLI Corp.,RLI,2004-03-31,SH,11504.0,222000.0,11504.0,215000.0,0.0266,0.0299,42,38,0.0,,FINANCE,5775
FAIRHOLME CAPITAL MANAGEMENT LLC,Bath & Body Works Inc (L Brands),BBWI,2004-03-31,SH,12370.0,200000.0,0.0,0.0,0.0239,,43,999999,,new,CONSUMER DISCRETIONARY,1043
FAIRHOLME CAPITAL MANAGEMENT LLC,Global Industrial Co,GIC,2004-03-31,SH,37500.0,198000.0,37500.0,250000.0,0.0237,0.0347,44,35,0.0,,CONSUMER DISCRETIONARY,724
FAIRHOLME CAPITAL MANAGEMENT LLC,Meritor Savings Bank,MSVP,2004-03-31,SH,43645.0,164000.0,43645.0,135000.0,0.0196,0.0187,45,39,0.0,,FINANCE,10737
FAIRHOLME CAPITAL MANAGEMENT LLC,Citibank West FSB San Francisco 2nd Contingent,CALGL,2004-03-31,SH,12006.0,10000.0,12006.0,10000.0,0.0012,0.0014,46,40,0.0,,FINANCE,98771
FAIRHOLME CAPITAL MANAGEMENT LLC,TOKHEIM CP NEW,THMC,2004-03-31,SH,60000.0,0.0,60000.0,0.0,0.0,0.0,47,41,0.0,, ,68421
