Filer Name,Stock Name,Stock Ticker,Quarter Date,Type of Security,Current Shares Held,Current Market Value,Previous Shares Held,Previous Market Value,Current % of Portfolio,Previous % of Portfolio,Current Rank,Previous Rank,Change in Shares,Type of Change,Sector,stock_id
FAIRHOLME CAPITAL MANAGEMENT LLC,St. Joe Corp,JOE,2020-03-31,SH,26514269.0,444909000.0,26317917.0,521884000.0,87.2348,98.934,1,1,0.746077,addition,REAL ESTATE,2602
FAIRHOLME CAPITAL MANAGEMENT LLC,Berkshire Hathaway Inc Class B,BRK.B,2020-03-31,SH,243820.0,44578000.0,16295.0,3691000.0,8.7406,0.6997,2,2,1396.287205,addition,FINANCE,2827
FAIRHOLME CAPITAL MANAGEMENT LLC,Kraft Heinz Co. (The),KHC,2020-03-31,SH,444500.0,10997000.0,0.0,0.0,2.1562,,3,999999,,new,CONSUMER STAPLES,178038
FAIRHOLME CAPITAL MANAGEMENT LLC,Occidental Petroleum Corp.,OXY,2020-03-31,SH,429490.0,4973000.0,0.0,0.0,0.9751,,4,999999,,new,ENERGY,442
FAIRHOLME CAPITAL MANAGEMENT LLC,Simon Property Group Inc.,SPG,2020-03-31,SH,49000.0,2688000.0,0.0,0.0,0.527,,5,999999,,new,REAL ESTATE,278
FAIRHOLME CAPITAL MANAGEMENT LLC,Western Midstream Partners LP,WES,2020-03-31,SH,290000.0,940000.0,0.0,0.0,0.1843,,6,999999,,new,ENERGY,46193
FAIRHOLME CAPITAL MANAGEMENT LLC,Vista Outdoor Inc,VSTO,2020-03-31,SH,105510.0,928000.0,258300.0,1932000.0,0.182,0.3663,7,3,-59.152149,reduction,CONSUMER DISCRETIONARY,175999
