Filer Name,Stock Name,Stock Ticker,Quarter Date,Type of Security,Current Shares Held,Current Market Value,Previous Shares Held,Previous Market Value,Current % of Portfolio,Previous % of Portfolio,Current Rank,Previous Rank,Change in Shares,Type of Change,Sector,stock_id
FAIRHOLME CAPITAL MANAGEMENT LLC,Household International Inc.,HI,2001-03-31,SH,3239279.0,191895000.0,0.0,0.0,31.6072,,1,999999,,new,FINANCE,109097
FAIRHOLME CAPITAL MANAGEMENT LLC,Berkshire Hathaway Inc Class A,BRK.A,2001-03-31,SH,2217.0,145103000.0,0.0,0.0,23.9,,2,999999,,new,FINANCE,4161
FAIRHOLME CAPITAL MANAGEMENT LLC,Berkshire Hathaway Inc Class B,BRK.B,2001-03-31,SH,1906850.0,82986000.0,0.0,0.0,13.6687,,3,999999,,new,FINANCE,2827
FAIRHOLME CAPITAL MANAGEMENT LLC,Mercury General Corp.,MCY,2001-03-31,SH,1621679.0,52705000.0,0.0,0.0,8.6811,,4,999999,,new,FINANCE,2835
FAIRHOLME CAPITAL MANAGEMENT LLC,Markel Corp. (Holding Co.),MKL,2001-03-31,SH,169182.0,31637000.0,0.0,0.0,5.211,,5,999999,,new,FINANCE,3461
FAIRHOLME CAPITAL MANAGEMENT LLC,Jefferies Financial Group Inc. (Talcott National - Leucadia National),JEF,2001-03-31,SH,2040929.18,19591000.0,0.0,0.0,3.2268,,6,999999,,new,FINANCE,11351
FAIRHOLME CAPITAL MANAGEMENT LLC,USG Corp. (United States Gypsum),USG,2001-03-31,SH,968200.0,14794000.0,0.0,0.0,2.4367,,7,999999,,new,CONSUMER DISCRETIONARY,4059
FAIRHOLME CAPITAL MANAGEMENT LLC,Wells Fargo & Co.  (Northwest Bancorporation),WFC,2001-03-31,SH,286920.0,7097000.0,0.0,0.0,1.169,,8,999999,,new,FINANCE,309
FAIRHOLME CAPITAL MANAGEMENT LLC,Alleghany Corp (NY),Y,2001-03-31,SH,30477.0,6096000.0,0.0,0.0,1.0041,,9,999999,,new,FINANCE,11373
FAIRHOLME CAPITAL MANAGEMENT LLC,Ethan Allen Interiors Inc.,ETD,2001-03-31,SH,178950.0,6045000.0,0.0,0.0,0.9957,,10,999999,,new,CONSUMER DISCRETIONARY,5083
FAIRHOLME CAPITAL MANAGEMENT LLC,White Mountains Insurance Group Inc,WTM,2001-03-31,SH,15800.0,5190000.0,0.0,0.0,0.8548,,11,999999,,new,FINANCE,3460
FAIRHOLME CAPITAL MANAGEMENT LLC,RLI Corp.,RLI,2001-03-31,SH,184102.0,3759000.0,0.0,0.0,0.6191,,12,999999,,new,FINANCE,5775
FAIRHOLME CAPITAL MANAGEMENT LLC,Wesco Financial Corp.,WSC,2001-03-31,SH,9660.0,2966000.0,0.0,0.0,0.4885,,13,999999,,new,FINANCE,11541
FAIRHOLME CAPITAL MANAGEMENT LLC,American Express Co,AXP,2001-03-31,SH,54464.0,2249000.0,0.0,0.0,0.3704,,14,999999,,new,FINANCE,368
FAIRHOLME CAPITAL MANAGEMENT LLC,Freddie Mac (Federal Home Loan Mortgage Corp.),FMCC,2001-03-31,SH,32800.0,2126000.0,0.0,0.0,0.3502,,15,999999,,new,FINANCE,2416
FAIRHOLME CAPITAL MANAGEMENT LLC,HomeFed Corp.,HOFD,2001-03-31,SH,2423204.0,2091000.0,0.0,0.0,0.3444,,16,999999,,new,REAL ESTATE,10280
FAIRHOLME CAPITAL MANAGEMENT LLC,Merck & Co,MRK,2001-03-31,SH,28641.84,2074000.0,0.0,0.0,0.3416,,17,999999,,new,HEALTH CARE,431
FAIRHOLME CAPITAL MANAGEMENT LLC,SLM Corp,SLM,2001-03-31,SH,80685.0,1954000.0,0.0,0.0,0.3218,,18,999999,,new,FINANCE,892
FAIRHOLME CAPITAL MANAGEMENT LLC,U-Haul Holding Company,UHAL,2001-03-31,SH,888500.0,1888000.0,0.0,0.0,0.311,,19,999999,,new,TRANSPORTS,6942
FAIRHOLME CAPITAL MANAGEMENT LLC,International Speedway Corp. Class A,ISCA,2001-03-31,SH,44184.0,1638000.0,0.0,0.0,0.2698,,20,999999,,new,CONSUMER DISCRETIONARY,5113
FAIRHOLME CAPITAL MANAGEMENT LLC,Morgan Stanley,MS,2001-03-31,SH,27180.0,1454000.0,0.0,0.0,0.2395,,21,999999,,new,FINANCE,505
FAIRHOLME CAPITAL MANAGEMENT LLC,Jefferies Group Inc. (New),JEF,2001-03-31,SH,98600.0,1422000.0,0.0,0.0,0.2342,,22,999999,,new,FINANCE,4347
FAIRHOLME CAPITAL MANAGEMENT LLC,M&T Bank Corp. (Buffalo NY) (Manufacturers & Traders Trust),MTB,2001-03-31,SH,20000.0,1398000.0,0.0,0.0,0.2303,,23,999999,,new,FINANCE,3627
FAIRHOLME CAPITAL MANAGEMENT LLC,Davis New York Venture Fund-Class A,NYVTX,2001-03-31,SH,47315.0,1221000.0,0.0,0.0,0.2011,,24,999999,,new,MUTUAL FUND,8821
FAIRHOLME CAPITAL MANAGEMENT LLC,Winthrop Realty Trust,FUR,2001-03-31,SH,85995.0,1105000.0,0.0,0.0,0.182,,25,999999,,new,REAL ESTATE,7698
FAIRHOLME CAPITAL MANAGEMENT LLC,AllianceBernstein Holding LP,AB,2001-03-31,SH,25250.0,1040000.0,0.0,0.0,0.1713,,26,999999,,new,FINANCE,5502
FAIRHOLME CAPITAL MANAGEMENT LLC,Cedar Fair LP,FUN,2001-03-31,SH,39400.0,875000.0,0.0,0.0,0.1441,,27,999999,,new,CONSUMER DISCRETIONARY,11452
FAIRHOLME CAPITAL MANAGEMENT LLC,Intel Corp.,INTC,2001-03-31,SH,32056.0,843000.0,0.0,0.0,0.1389,,28,999999,,new,INFORMATION TECHNOLOGY,236
FAIRHOLME CAPITAL MANAGEMENT LLC,Aegis Realty Inc.,AER,2001-03-31,SH,64200.0,686000.0,0.0,0.0,0.113,,29,999999,,new,FINANCE,109685
FAIRHOLME CAPITAL MANAGEMENT LLC,Citigroup Inc.,C,2001-03-31,SH,1497.5,674000.0,0.0,0.0,0.111,,30,999999,,new,FINANCE,216
FAIRHOLME CAPITAL MANAGEMENT LLC,American Capital Ltd,ACAS,2001-03-31,SH,25000.0,636000.0,0.0,0.0,0.1048,,31,999999,,new,FINANCE,3575
FAIRHOLME CAPITAL MANAGEMENT LLC,Micron Technology Inc.,MU,2001-03-31,SH,15000.0,623000.0,0.0,0.0,0.1026,,32,999999,,new,INFORMATION TECHNOLOGY,488
FAIRHOLME CAPITAL MANAGEMENT LLC,CIM Commercial Trust Corp,CMCT,2001-03-31,SH,3073.03,604000.0,0.0,0.0,0.0995,,33,999999,,new,REAL ESTATE,167395
FAIRHOLME CAPITAL MANAGEMENT LLC,Vornado Realty Trust,VNO,2001-03-31,SH,15700.0,563000.0,0.0,0.0,0.0927,,35,999999,,new,REAL ESTATE,4156
FAIRHOLME CAPITAL MANAGEMENT LLC,Town & Country Trust SBI,TCT,2001-03-31,SH,27000.0,514000.0,0.0,0.0,0.0847,,37,999999,,new,FINANCE,105636
FAIRHOLME CAPITAL MANAGEMENT LLC,Pfizer Inc.,PFE,2001-03-31,SH,12410.85,482000.0,0.0,0.0,0.0794,,38,999999,,new,HEALTH CARE,265
FAIRHOLME CAPITAL MANAGEMENT LLC,Imperial Parking Corp.,IPK,2001-03-31,SH,20457.0,473000.0,0.0,0.0,0.0779,,39,999999,,new,CONSUMER DISCRETIONARY,107260
FAIRHOLME CAPITAL MANAGEMENT LLC,ProShares Ultra 7-10 Year Treasury-ProShares Ultra 7-10 Year Treasury,UST,2001-03-31,SH,15000.0,451000.0,0.0,0.0,0.0743,,40,999999,,new,MUTUAL FUND,3681
FAIRHOLME CAPITAL MANAGEMENT LLC,Coca Cola Co.,KO,2001-03-31,SH,18350.0,414000.0,0.0,0.0,0.0682,,41,999999,,new,CONSUMER STAPLES,386
FAIRHOLME CAPITAL MANAGEMENT LLC,Student Loan Corp.,STU,2001-03-31,SH,5700.0,398000.0,0.0,0.0,0.0656,,42,999999,,new,FINANCE,3889
FAIRHOLME CAPITAL MANAGEMENT LLC,Valkyrie Bitcoin Strategy ETF-,BTF,2001-03-31,SH,25000.0,357000.0,0.0,0.0,0.0588,,43,999999,,new,FINANCE,6678
FAIRHOLME CAPITAL MANAGEMENT LLC,Glenborough Realty Trust Inc.,GLB,2001-03-31,SH,18200.0,317000.0,0.0,0.0,0.0522,,44,999999,,new,FINANCE,101060
FAIRHOLME CAPITAL MANAGEMENT LLC,RFS Hotel Investors Inc.,RFS,2001-03-31,SH,21500.0,311000.0,0.0,0.0,0.0512,,45,999999,,new,FINANCE,104531
FAIRHOLME CAPITAL MANAGEMENT LLC,Biotechne Corp,TECH,2001-03-31,SH,46000.0,300000.0,0.0,0.0,0.0494,,46,999999,,new,HEALTH CARE,5172
FAIRHOLME CAPITAL MANAGEMENT LLC,Plains All American Pipeline LP,PAA,2001-03-31,SH,26000.0,290000.0,0.0,0.0,0.0478,,47,999999,,new,ENERGY,4170
FAIRHOLME CAPITAL MANAGEMENT LLC,HRPT Properties Trust 9.875% Series A Cumul Redeem Preferred Shares,CWHPRA,2001-03-31,SH,35000.0,290000.0,0.0,0.0,0.0478,,48,999999,,new,FINANCE,3784
FAIRHOLME CAPITAL MANAGEMENT LLC,Barrick Gold Corp,GOLD,2001-03-31,SH,19700.0,282000.0,0.0,0.0,0.0464,,49,999999,,new,MATERIALS,11423
FAIRHOLME CAPITAL MANAGEMENT LLC,Kulicke & Soffa Industries Inc.,KLIC,2001-03-31,SH,20000.0,271000.0,0.0,0.0,0.0446,,50,999999,,new,INFORMATION TECHNOLOGY,11442
FAIRHOLME CAPITAL MANAGEMENT LLC,Gyrodyne LLC,GYRO,2001-03-31,SH,1442.79,269000.0,0.0,0.0,0.0443,,51,999999,,new,REAL ESTATE,7972
FAIRHOLME CAPITAL MANAGEMENT LLC,Golden West Financial,GDW,2001-03-31,SH,8246.0,268000.0,0.0,0.0,0.0441,,52,999999,,new,FINANCE,100976
FAIRHOLME CAPITAL MANAGEMENT LLC,Astoria Financial Corp.,AF,2001-03-31,SH,7452.0,265000.0,0.0,0.0,0.0436,,53,999999,,new,FINANCE,5050
FAIRHOLME CAPITAL MANAGEMENT LLC,Topps Company Inc. (The),TOPP,2001-03-31,SH,25000.0,253000.0,0.0,0.0,0.0417,,54,999999,,new,CONSUMER STAPLES,97254
FAIRHOLME CAPITAL MANAGEMENT LLC,The Washington Post Company,WPO,2001-03-31,SH,434.0,251000.0,0.0,0.0,0.0413,,55,999999,,new,Communications,4926
FAIRHOLME CAPITAL MANAGEMENT LLC,Waste Management Inc.,WM,2001-03-31,SH,10000.0,247000.0,0.0,0.0,0.0407,,56,999999,,new,INDUSTRIALS,474
FAIRHOLME CAPITAL MANAGEMENT LLC,Tanger Factory Outlet Centers Inc,SKT,2001-03-31,SH,44800.0,231000.0,0.0,0.0,0.038,,57,999999,,new,REAL ESTATE,11322
FAIRHOLME CAPITAL MANAGEMENT LLC,Franchise Finance Corporation of America,FFA,2001-03-31,SH,9200.0,229000.0,0.0,0.0,0.0377,,58,999999,,new,FINANCE,109235
FAIRHOLME CAPITAL MANAGEMENT LLC,Altria Group Inc. (Philip Morris),MO,2001-03-31,SH,4500.0,214000.0,0.0,0.0,0.0352,,59,999999,,new,CONSUMER STAPLES,191
FAIRHOLME CAPITAL MANAGEMENT LLC,American Electric Power Company Inc,AEP,2001-03-31,SH,4500.0,211000.0,0.0,0.0,0.0348,,60,999999,,new,UTILITIES AND TELECOMMUNICATIONS,367
FAIRHOLME CAPITAL MANAGEMENT LLC,RGS Energy Group Inc.,RGS,2001-03-31,SH,5600.0,207000.0,0.0,0.0,0.0341,,61,999999,,new,UTILITIES AND TELECOMMUNICATIONS,107489
FAIRHOLME CAPITAL MANAGEMENT LLC,NIC Inc,EGOV,2001-03-31,SH,50500.0,175000.0,0.0,0.0,0.0288,,62,999999,,new,COMMUNICATIONS,7388
FAIRHOLME CAPITAL MANAGEMENT LLC,PMC Capital Inc.,PMC,2001-03-31,SH,18000.0,155000.0,0.0,0.0,0.0255,,63,999999,,new,FINANCE,107427
FAIRHOLME CAPITAL MANAGEMENT LLC,Coast Federal Savings & Loan Association Litigation Contingent Payable Warrants,CFSFPRZ,2001-03-31,SH,156700.0,147000.0,0.0,0.0,0.0242,,64,999999,,new,FINANCE,109495
FAIRHOLME CAPITAL MANAGEMENT LLC,Biglari Holdings Inc.,BH,2001-03-31,SH,22575.0,129000.0,0.0,0.0,0.0212,,65,999999,,new,CONSUMER DISCRETIONARY,88465
FAIRHOLME CAPITAL MANAGEMENT LLC,BlackRock Income Trust Inc.,BKT,2001-03-31,SH,4416.23,94000.0,0.0,0.0,0.0155,,66,999999,,new,MUTUAL FUND,6997
FAIRHOLME CAPITAL MANAGEMENT LLC,Network Computing Devices Inc.,NCDI,2001-03-31,SH,60000.0,90000.0,0.0,0.0,0.0148,,67,999999,,new,INFORMATION TECHNOLOGY,103244
FAIRHOLME CAPITAL MANAGEMENT LLC,Saba Capital Income & Opportunities Fund II.,SABA,2001-03-31,SH,12100.0,77000.0,0.0,0.0,0.0127,,68,999999,,new,MUTUAL FUND,7630
FAIRHOLME CAPITAL MANAGEMENT LLC,Meritor Savings Bank,MSVP,2001-03-31,SH,43645.0,65000.0,0.0,0.0,0.0107,,69,999999,,new,FINANCE,10737
FAIRHOLME CAPITAL MANAGEMENT LLC,Global Industrial Co,GIC,2001-03-31,SH,37500.0,62000.0,0.0,0.0,0.0102,,70,999999,,new,CONSUMER DISCRETIONARY,724
FAIRHOLME CAPITAL MANAGEMENT LLC,Signature Group Holdings Inc.,SGGH,2001-03-31,SH,1340.0,52000.0,0.0,0.0,0.0086,,71,999999,,new,FINANCE,90475
FAIRHOLME CAPITAL MANAGEMENT LLC,Immucell Corp.,ICCC,2001-03-31,SH,18776.0,47000.0,0.0,0.0,0.0077,,72,999999,,new,HEALTH CARE,11740
FAIRHOLME CAPITAL MANAGEMENT LLC,BARRY (R.G.) CORPORATION,DFZ,2001-03-31,SH,16522.0,41000.0,0.0,0.0,0.0068,,73,999999,,new,INDUSTRIALS,6099
FAIRHOLME CAPITAL MANAGEMENT LLC,California Federal Bank Litigation Recovery Participation Interests,CALGZ,2001-03-31,SH,12006.0,24000.0,0.0,0.0,0.004,,74,999999,,new,FINANCE,109538
