Filer Name,Stock Name,Stock Ticker,Quarter Date,Type of Security,Current Shares Held,Current Market Value,Previous Shares Held,Previous Market Value,Current % of Portfolio,Previous % of Portfolio,Current Rank,Previous Rank,Change in Shares,Type of Change,Sector,stock_id
FAIRHOLME CAPITAL MANAGEMENT LLC,Pfizer Inc.,PFE,2008-12-31,SH,94328387.7,1584968000.0,98015280.75,1714802000.0,22.2428,17.9655,1,1,-3.761549,reduction,HEALTH CARE,265
FAIRHOLME CAPITAL MANAGEMENT LLC,Forest Laboratories Inc. Class A,FRX,2008-12-31,SH,20437332.0,520538000.0,18094100.0,511701000.0,7.305,5.3609,2,7,12.950255,addition,HEALTH CARE,2842
FAIRHOLME CAPITAL MANAGEMENT LLC,Elevance Health Inc,ELV,2008-12-31,SH,12016057.0,506236000.0,11827459.0,553170000.0,7.1043,5.7954,3,4,1.594577,addition,HEALTH CARE,175259
FAIRHOLME CAPITAL MANAGEMENT LLC,Sears Holdings Corp,SHLDQ,2008-12-31,SH,12799740.0,497526000.0,14596690.0,1364791000.0,6.9821,14.2985,4,2,-12.310668,reduction,CONSUMER DISCRETIONARY,1061
FAIRHOLME CAPITAL MANAGEMENT LLC,UnitedHealth Group Inc.,UNH,2008-12-31,SH,18231878.0,484968000.0,20695583.0,525461000.0,6.8058,5.5051,5,5,-11.904497,reduction,HEALTH CARE,153
FAIRHOLME CAPITAL MANAGEMENT LLC,Canadian Natural Resources Ltd,CNQ,2008-12-31,SH,21848981.39,427778000.0,14215021.57,476572000.0,6.0033,4.9929,6,8,53.70347,addition,ENERGY,106
FAIRHOLME CAPITAL MANAGEMENT LLC,Northrop Grumman Corp.,NOC,2008-12-31,SH,8972778.0,404134000.0,4389480.0,265739000.0,5.6714,2.7841,7,14,104.415512,addition,INDUSTRIALS,4364
FAIRHOLME CAPITAL MANAGEMENT LLC,Boeing Company,BA,2008-12-31,SH,9040828.0,385772000.0,8236177.0,472345000.0,5.4138,4.9486,8,9,9.769715,addition,INDUSTRIALS,210
FAIRHOLME CAPITAL MANAGEMENT LLC,Jefferies Financial Group Inc. (Talcott National - Leucadia National),JEF,2008-12-31,SH,20073610.47,355785000.0,17312515.79,704199000.0,4.9929,7.3777,9,3,15.948547,addition,FINANCE,11351
FAIRHOLME CAPITAL MANAGEMENT LLC,Humana Inc.,HUM,2008-12-31,SH,8175600.0,304786000.0,0.0,0.0,4.2772,,10,999999,,new,HEALTH CARE,417
FAIRHOLME CAPITAL MANAGEMENT LLC,St. Joe Corp,JOE,2008-12-31,SH,11242676.0,273421000.0,11012900.0,430494000.0,3.8371,4.5102,11,11,2.086426,addition,REAL ESTATE,2602
FAIRHOLME CAPITAL MANAGEMENT LLC,American Express Co,AXP,2008-12-31,SH,13536450.0,251101000.0,0.0,0.0,3.5238,,12,999999,,new,FINANCE,368
FAIRHOLME CAPITAL MANAGEMENT LLC,AmeriCredit Corp.,ACF,2008-12-31,SH,32307322.0,246828000.0,21049200.0,213228000.0,3.4639,2.2339,13,15,53.484798,addition,FINANCE,5047
FAIRHOLME CAPITAL MANAGEMENT LLC,Herc Holdings Inc,HRI,2008-12-31,SH,34200829.0,173398000.0,12360500.0,93569000.0,2.4334,0.9803,14,17,176.694543,addition,TRANSPORTS,197209
FAIRHOLME CAPITAL MANAGEMENT LLC,Spirit Aerosystems Holdings Inc. Class A,SPR,2008-12-31,SH,15693989.0,159607000.0,3031600.0,48718000.0,2.2399,0.5104,15,22,417.68007,addition,INDUSTRIALS,4915
FAIRHOLME CAPITAL MANAGEMENT LLC,General Dynamics Corp. (Electric Boat),GD,2008-12-31,SH,2278100.0,131196000.0,0.0,0.0,1.8411,,16,999999,,new,INDUSTRIALS,229
FAIRHOLME CAPITAL MANAGEMENT LLC,WellCare Health Plans Inc,WCG,2008-12-31,SH,8313407.0,106910000.0,8325300.0,299711000.0,1.5003,3.14,17,13,-0.142854,reduction,HEALTH CARE,738
FAIRHOLME CAPITAL MANAGEMENT LLC,United Rentals Inc.,URI,2008-12-31,SH,10604310.0,96711000.0,8650727.0,131837000.0,1.3572,1.3812,18,16,22.582877,addition,INDUSTRIALS,324
FAIRHOLME CAPITAL MANAGEMENT LLC,Jefferies Group Inc. (New),JEF,2008-12-31,SH,4317644.0,60706000.0,0.0,0.0,0.8519,,19,999999,,new,FINANCE,4347
FAIRHOLME CAPITAL MANAGEMENT LLC,Mueller Water Products Inc. Class B,MWAB,2008-12-31,SH,6958400.0,58729000.0,9879900.0,64219000.0,0.8242,0.6728,20,20,-29.570137,reduction,INDUSTRIALS,5226
FAIRHOLME CAPITAL MANAGEMENT LLC,Dish Network Corp Class A,DISH,2008-12-31,SH,3115452.0,34550000.0,19580622.0,411193000.0,0.4849,4.308,21,12,-84.089106,reduction,COMMUNICATIONS,8397
FAIRHOLME CAPITAL MANAGEMENT LLC,Triton International Ltd,TRTN,2008-12-31,SH,2436697.0,34357000.0,2436697.0,50732000.0,0.4822,0.5315,22,21,0.0,,INDUSTRIALS,7619
FAIRHOLME CAPITAL MANAGEMENT LLC,Winthrop Realty Trust,FUR,2008-12-31,SH,1254716.0,13601000.0,1017365.8,19839000.0,0.1909,0.2078,23,24,23.329878,reduction,REAL ESTATE,7698
FAIRHOLME CAPITAL MANAGEMENT LLC,HomeFed Corp.,HOFD,2008-12-31,SH,181928.0,3002000.0,208957.0,9085000.0,0.0421,0.0952,24,25,-12.935197,reduction,REAL ESTATE,10280
FAIRHOLME CAPITAL MANAGEMENT LLC,White Mountains Insurance Group Inc,WTM,2008-12-31,SH,7274.0,1943000.0,7274.0,3417000.0,0.0273,0.0358,25,27,0.0,,FINANCE,3460
FAIRHOLME CAPITAL MANAGEMENT LLC,Berkshire Hathaway Inc Class A,BRK.A,2008-12-31,SH,15.0,1449000.0,4013.0,524098000.0,0.0203,5.4908,26,6,-99.626215,reduction,FINANCE,4161
FAIRHOLME CAPITAL MANAGEMENT LLC,Bristol-Myers Squibb Co,BMY,2008-12-31,SH,48300.0,1123000.0,56100.0,1170000.0,0.0158,0.0123,27,32,-13.903743,reduction,HEALTH CARE,380
FAIRHOLME CAPITAL MANAGEMENT LLC,HSBC Holdings plc ADR,HSBC,2008-12-31,SH,18847.0,917000.0,18847.0,1523000.0,0.0129,0.016,28,30,0.0,,FINANCE,4164
FAIRHOLME CAPITAL MANAGEMENT LLC,Daily Journal Corp (SC),DJCO,2008-12-31,SH,18850.0,646000.0,52479.0,2256000.0,0.0091,0.0236,29,29,-64.08087,reduction,COMMUNICATIONS,8771
FAIRHOLME CAPITAL MANAGEMENT LLC,Coca Cola Co.,KO,2008-12-31,SH,25800.0,584000.0,25800.0,682000.0,0.0082,0.0071,30,35,0.0,,CONSUMER STAPLES,386
FAIRHOLME CAPITAL MANAGEMENT LLC,Berkshire Hathaway Inc Class B,BRK.B,2008-12-31,SH,6050.0,389000.0,425550.0,37406000.0,0.0055,0.3919,32,23,-98.57831,reduction,FINANCE,2827
FAIRHOLME CAPITAL MANAGEMENT LLC,Calumet Specialty Products Partners L.P.,CLMT,2008-12-31,SH,40800.0,357000.0,43300.0,535000.0,0.005,0.0056,33,36,-5.773672,reduction,ENERGY,9591
FAIRHOLME CAPITAL MANAGEMENT LLC,Wesco Financial Corp.,WSC,2008-12-31,SH,980.0,282000.0,980.0,350000.0,0.004,0.0037,34,38,0.0,,FINANCE,11541
FAIRHOLME CAPITAL MANAGEMENT LLC,Gyrodyne LLC,GYRO,2008-12-31,SH,992.34,276000.0,992.34,420000.0,0.0039,0.0044,35,37,0.0,,REAL ESTATE,7972
FAIRHOLME CAPITAL MANAGEMENT LLC,Mercury General Corp.,MCY,2008-12-31,SH,5150.0,237000.0,5150.0,282000.0,0.0033,0.003,36,39,0.0,,FINANCE,2835
FAIRHOLME CAPITAL MANAGEMENT LLC,Markel Corp. (Holding Co.),MKL,2008-12-31,SH,750.0,224000.0,750.0,264000.0,0.0031,0.0028,37,40,0.0,,FINANCE,3461
FAIRHOLME CAPITAL MANAGEMENT LLC,Obsidian Energy Ltd,OBELF,2008-12-31,SH,2161.93,168000.0,4555.08,768000.0,0.0024,0.008,38,34,-52.538045,reduction,ENERGY,3421
FAIRHOLME CAPITAL MANAGEMENT LLC,Meritor Savings Bank,MSVP,2008-12-31,SH,43645.0,109000.0,43645.0,135000.0,0.0015,0.0014,39,41,0.0,,FINANCE,10737
FAIRHOLME CAPITAL MANAGEMENT LLC,IDT Corp. Class B,IDT,2008-12-31,SH,0.0,0.0,3119800.0,2309000.0,,0.0242,999999,28,-100.0,soldall,UTILITIES AND TELECOMMUNICATIONS,5394
FAIRHOLME CAPITAL MANAGEMENT LLC,IDT Corp. Common,IDTC,2008-12-31,SH,0.0,0.0,2553700.0,1328000.0,,0.0139,999999,31,-100.0,soldall,COMMUNICATIONS,5393
FAIRHOLME CAPITAL MANAGEMENT LLC,Mohawk Industries Inc.,MHK,2008-12-31,SH,0.0,0.0,6511721.0,438825000.0,,4.5974,999999,10,-100.0,soldall,CONSUMER DISCRETIONARY,5137
FAIRHOLME CAPITAL MANAGEMENT LLC,Sears Holdings Corp,SHLDQ,2008-12-31,CALL,0.0,0.0,790800.0,73940000.0,,0.7746,999999,19,-100.0,soldall,CONSUMER DISCRETIONARY,1061
FAIRHOLME CAPITAL MANAGEMENT LLC,EchoStar Corp.,SATS,2008-12-31,SH,0.0,0.0,4465137.68,87204000.0,,0.9136,999999,18,-100.0,soldall,CONSUMER DISCRETIONARY,11307
FAIRHOLME CAPITAL MANAGEMENT LLC,Elevance Health Inc,ELV,2008-12-31,CALL,0.0,0.0,124700.0,5832000.0,,0.0611,999999,26,-100.0,soldall,HEALTH CARE,175259
FAIRHOLME CAPITAL MANAGEMENT LLC,Pfizer Inc.,PFE,2008-12-31,CALL,0.0,0.0,120156.0,830000.0,,0.0087,999999,33,-100.0,soldall,HEALTH CARE,265
