Filer Name,Stock Name,Stock Ticker,Quarter Date,Type of Security,Current Shares Held,Current Market Value,Previous Shares Held,Previous Market Value,Current % of Portfolio,Previous % of Portfolio,Current Rank,Previous Rank,Change in Shares,Type of Change,Sector,stock_id
FAIRHOLME CAPITAL MANAGEMENT LLC,St. Joe Corp,JOE,2017-12-31,SH,27897499.0,503550000.0,27002485.0,508997000.0,69.3592,56.1402,1,1,3.314562,addition,REAL ESTATE,2602
FAIRHOLME CAPITAL MANAGEMENT LLC,Seritage Growth Properties,SRG,2017-12-31,SH,3273398.0,132442000.0,3766650.0,173530000.0,18.2426,19.1396,2,3,-13.095244,reduction,REAL ESTATE,178118
FAIRHOLME CAPITAL MANAGEMENT LLC,Sears Holdings Corp,SHLDQ,2017-12-31,SH,24084301.0,86222000.0,28508998.0,208116000.0,11.8763,22.9543,3,2,-15.520353,reduction,CONSUMER DISCRETIONARY,1061
FAIRHOLME CAPITAL MANAGEMENT LLC,SEARS HOLDINGS CORPORATION,SHLDW,2017-12-31,SH,5830968.0,2041000.0,6640451.0,14343000.0,0.2811,1.582,4,4,-12.190181,reduction,CONSUMER DISCRETIONARY,174729
FAIRHOLME CAPITAL MANAGEMENT LLC,Jefferies Financial Group Inc. (Talcott National - Leucadia National),JEF,2017-12-31,SH,73730.45,1748000.0,73730.45,1667000.0,0.2408,0.1839,5,5,0.0,,FINANCE,11351
