Filer Name,Stock Name,Stock Ticker,Quarter Date,Type of Security,Current Shares Held,Current Market Value,Previous Shares Held,Previous Market Value,Current % of Portfolio,Previous % of Portfolio,Current Rank,Previous Rank,Change in Shares,Type of Change,Sector,stock_id
FAIRHOLME CAPITAL MANAGEMENT LLC,St. Joe Corp,JOE,2020-06-30,SH,26491533.0,514466000.0,26514269.0,444909000.0,86.0913,87.2348,1,1,-0.08575,reduction,REAL ESTATE,2602
FAIRHOLME CAPITAL MANAGEMENT LLC,Berkshire Hathaway Inc Class B,BRK.B,2020-06-30,SH,324310.0,57893000.0,243820.0,44578000.0,9.6879,8.7406,2,2,33.012058,addition,FINANCE,2827
FAIRHOLME CAPITAL MANAGEMENT LLC,Kraft Heinz Co. (The),KHC,2020-06-30,SH,440800.0,14057000.0,444500.0,10997000.0,2.3523,2.1562,3,3,-0.832396,reduction,CONSUMER STAPLES,178038
FAIRHOLME CAPITAL MANAGEMENT LLC,Occidental Petroleum Corp.,OXY,2020-06-30,SH,328110.0,6004000.0,429490.0,4973000.0,1.0047,0.9751,4,4,-23.604741,reduction,ENERGY,442
FAIRHOLME CAPITAL MANAGEMENT LLC,Western Midstream Partners LP,WES,2020-06-30,SH,290000.0,2912000.0,290000.0,940000.0,0.4873,0.1843,5,6,0.0,,ENERGY,46193
FAIRHOLME CAPITAL MANAGEMENT LLC,Simon Property Group Inc.,SPG,2020-06-30,SH,29000.0,1983000.0,49000.0,2688000.0,0.3318,0.527,6,5,-40.816327,reduction,REAL ESTATE,278
FAIRHOLME CAPITAL MANAGEMENT LLC,Berkshire Hathaway Inc Class A,BRK.A,2020-06-30,SH,1.0,267000.0,0.0,0.0,0.0447,,7,999999,,new,FINANCE,4161
FAIRHOLME CAPITAL MANAGEMENT LLC,Vista Outdoor Inc,VSTO,2020-06-30,SH,0.0,0.0,105510.0,928000.0,,0.182,999999,7,-100.0,soldall,CONSUMER DISCRETIONARY,175999
