Filer Name,Stock Name,Stock Ticker,Quarter Date,Type of Security,Current Shares Held,Current Market Value,Previous Shares Held,Previous Market Value,Current % of Portfolio,Previous % of Portfolio,Current Rank,Previous Rank,Change in Shares,Type of Change,Sector,stock_id
FAIRHOLME CAPITAL MANAGEMENT LLC,St. Joe Corp,JOE,2023-12-31,SH,22679148.0,1364831127.0,22711748.0,1233929269.0,87.577,87.6861,1,1,-0.143538,reduction,REAL ESTATE,2602
FAIRHOLME CAPITAL MANAGEMENT LLC,Enterprise Products Partners LP,EPD,2023-12-31,SH,5208400.0,137241340.0,5064200.0,138607154.0,8.8064,9.8498,2,2,2.847439,addition,ENERGY,3822
FAIRHOLME CAPITAL MANAGEMENT LLC,Berkshire Hathaway Inc Class B,BRK.B,2023-12-31,SH,122958.0,43854200.0,51273.0,17960932.0,2.814,1.2763,3,3,139.810427,addition,FINANCE,2827
FAIRHOLME CAPITAL MANAGEMENT LLC,Berkeley (W.R.) Corp.,WRB,2023-12-31,SH,126600.0,8953152.0,128200.0,8139418.0,0.5745,0.5784,4,4,-1.24805,reduction,FINANCE,543
FAIRHOLME CAPITAL MANAGEMENT LLC,Bank of the Ozarks,OZK,2023-12-31,SH,51200.0,2551296.0,147500.0,5467825.0,0.1637,0.3886,5,5,-65.288136,reduction,FINANCE,6973
FAIRHOLME CAPITAL MANAGEMENT LLC,Berkshire Hathaway Inc Class A,BRK.A,2023-12-31,SH,1.0,542625.0,1.0,531477.0,0.0348,0.0378,6,7,0.0,,FINANCE,4161
FAIRHOLME CAPITAL MANAGEMENT LLC,Apple Inc,AAPL,2023-12-31,SH,2400.0,462072.0,2400.0,410904.0,0.0296,0.0292,7,8,0.0,,INFORMATION TECHNOLOGY,195
FAIRHOLME CAPITAL MANAGEMENT LLC,Home BancShares Inc,HOMB,2023-12-31,SH,0.0,0.0,103400.0,2165196.0,,0.1539,999999,6,-100.0,soldall,FINANCE,7220
