Filer Name,Stock Name,Stock Ticker,Quarter Date,Type of Security,Current Shares Held,Current Market Value,Previous Shares Held,Previous Market Value,Current % of Portfolio,Previous % of Portfolio,Current Rank,Previous Rank,Change in Shares,Type of Change,Sector,stock_id
FAIRHOLME CAPITAL MANAGEMENT LLC,St. Joe Corp,JOE,2019-09-30,SH,26340233.0,451208000.0,26507388.0,458048000.0,94.9886,98.0111,1,1,-0.630598,reduction,REAL ESTATE,2602
FAIRHOLME CAPITAL MANAGEMENT LLC,Kraft Heinz Co. (The),KHC,2019-09-30,SH,647300.0,18082000.0,0.0,0.0,3.8066,,2,999999,,new,CONSUMER STAPLES,178038
FAIRHOLME CAPITAL MANAGEMENT LLC,Berkshire Hathaway Inc Class B,BRK.B,2019-09-30,SH,16490.0,3430000.0,18345.0,3911000.0,0.7221,0.8369,3,3,-10.111747,reduction,FINANCE,2827
FAIRHOLME CAPITAL MANAGEMENT LLC,Vista Outdoor Inc,VSTO,2019-09-30,SH,370500.0,2293000.0,606300.0,5384000.0,0.4827,1.152,4,2,-38.891638,reduction,CONSUMER DISCRETIONARY,175999
