Filer Name,Stock Name,Stock Ticker,Quarter Date,Type of Security,Current Shares Held,Current Market Value,Previous Shares Held,Previous Market Value,Current % of Portfolio,Previous % of Portfolio,Current Rank,Previous Rank,Change in Shares,Type of Change,Sector,stock_id
FAIRHOLME CAPITAL MANAGEMENT LLC,St. Joe Corp,JOE,2017-06-30,SH,25484557.0,477835000.0,24401157.0,416040000.0,48.6717,40.2593,1,1,4.439953,addition,REAL ESTATE,2602
FAIRHOLME CAPITAL MANAGEMENT LLC,Sears Holdings Corp,SHLDQ,2017-06-30,SH,28864348.0,255738000.0,28915448.0,332238000.0,26.0491,32.15,2,2,-0.176722,reduction,CONSUMER DISCRETIONARY,1061
FAIRHOLME CAPITAL MANAGEMENT LLC,Seritage Growth Properties,SRG,2017-06-30,SH,3807150.0,159710000.0,3666950.0,158229000.0,16.2679,15.3115,3,3,3.823341,addition,REAL ESTATE,178118
FAIRHOLME CAPITAL MANAGEMENT LLC,Lands End Inc,LE,2017-06-30,SH,2855900.0,42553000.0,3277427.0,70301000.0,4.3344,6.8029,4,4,-12.861522,reduction,CONSUMER DISCRETIONARY,166946
FAIRHOLME CAPITAL MANAGEMENT LLC,SEARS CANADA INC COMMON SHARES,SRSC,2017-06-30,SH,21562974.0,17294000.0,20777978.0,28050000.0,1.7615,2.7143,5,5,3.778019,addition,CONSUMER DISCRETIONARY,13295
FAIRHOLME CAPITAL MANAGEMENT LLC,SEARS HOLDINGS CORPORATION,SHLDW,2017-06-30,SH,6693474.0,13655000.0,6699984.0,20837000.0,1.3909,2.0164,6,6,-0.097164,reduction,CONSUMER DISCRETIONARY,174729
FAIRHOLME CAPITAL MANAGEMENT LLC,WA Prime Group Inc,WPG,2017-06-30,SH,147907.43,11143000.0,37829.55,2959000.0,1.135,0.2863,7,8,290.983847,addition,REAL ESTATE,167989
FAIRHOLME CAPITAL MANAGEMENT LLC,Sears Hometown and Outlet Stores Inc.,SHOS,2017-06-30,SH,776850.0,2097000.0,776850.0,3030000.0,0.2136,0.2932,8,7,0.0,,CONSUMER DISCRETIONARY,131988
FAIRHOLME CAPITAL MANAGEMENT LLC,Jefferies Financial Group Inc. (Talcott National - Leucadia National),JEF,2017-06-30,SH,73730.45,1727000.0,73730.45,1716000.0,0.1759,0.1661,9,9,0.0,,FINANCE,11351
