Filer Name,Stock Name,Stock Ticker,Quarter Date,Type of Security,Current Shares Held,Current Market Value,Previous Shares Held,Previous Market Value,Current % of Portfolio,Previous % of Portfolio,Current Rank,Previous Rank,Change in Shares,Type of Change,Sector,stock_id
FARALLON CAPITAL MANAGEMENT LLC,Pharmacia Corporation,PHA,2002-12-31,SH,10183500.0,425670000.0,6508100.0,253035000.0,17.7104,10.7083,1,1,56.47424,addition,HEALTH CARE,108690
FARALLON CAPITAL MANAGEMENT LLC,Corridor Communications Inc.,CORR,2002-12-31,PRN,221217000.0,240443000.0,202717000.0,215679000.0,10.0038,9.1274,2,2,9.126023,addition,COMMUNICATIONS,109472
FARALLON CAPITAL MANAGEMENT LLC,Essendant Inc,ESND,2002-12-31,SH,6212450.0,89462000.0,6568050.0,86370000.0,3.7221,3.6551,3,4,-5.414088,reduction,INDUSTRIALS,2690
FARALLON CAPITAL MANAGEMENT LLC,Sepracor Inc.,SEPR,2002-12-31,PRN,102083000.0,69179000.0,60083000.0,34547000.0,2.8783,1.462,4,15,69.9033,addition,HEALTH CARE,2784
FARALLON CAPITAL MANAGEMENT LLC,Health Net Inc.,HNT,2002-12-31,SH,2537300.0,66985000.0,2784000.0,59717000.0,2.787,2.5272,5,10,-8.861351,reduction,HEALTH CARE,2653
FARALLON CAPITAL MANAGEMENT LLC,Loews Corp,L,2002-12-31,SH,4283400.0,63480000.0,3968400.0,56735000.0,2.6411,2.401,6,11,7.937708,addition,FINANCE,246
FARALLON CAPITAL MANAGEMENT LLC,Sealed Air Corp.  $2.00 Series A Convertible Preferred Stock,SEEPRA,2002-12-31,SH,1475401.0,62852000.0,821601.0,18075000.0,2.615,0.7649,7,36,79.576339,addition,MATERIALS,172434
FARALLON CAPITAL MANAGEMENT LLC,Montpelier Re Holdings Ltd,MRH,2002-12-31,SH,1973500.0,53561000.0,0.0,0.0,2.2285,,8,999999,,new,FINANCE,4896
FARALLON CAPITAL MANAGEMENT LLC,Amylin Pharmaceuticals,AMLN,2002-12-31,SH,2881000.0,46499000.0,4232200.0,70339000.0,1.9346,2.9767,9,8,-31.926658,reduction,HEALTH CARE,3576
FARALLON CAPITAL MANAGEMENT LLC,Life Technologies Corp.,LIFE,2002-12-31,SH,2935600.0,45986000.0,653800.0,11137000.0,1.9133,0.4713,10,54,349.005812,addition,HEALTH CARE,72076
FARALLON CAPITAL MANAGEMENT LLC,American Water Works Company Inc.,AWK,2002-12-31,SH,910000.0,41387000.0,2725100.0,121703000.0,1.7219,5.1504,11,3,-66.60673,reduction,UTILITIES AND TELECOMMUNICATIONS,106858
FARALLON CAPITAL MANAGEMENT LLC,PG&E Corp. (Pacific Gas & Electric),PCG,2002-12-31,SH,2752700.0,38263000.0,2502700.0,28180000.0,1.592,1.1926,12,19,9.989212,addition,UTILITIES AND TELECOMMUNICATIONS,4367
FARALLON CAPITAL MANAGEMENT LLC,Household International Inc.,HI,2002-12-31,SH,1369100.0,38075000.0,0.0,0.0,1.5841,,13,999999,,new,FINANCE,109097
FARALLON CAPITAL MANAGEMENT LLC,i2 Technologies Inc.,ITWO,2002-12-31,PRN,2520000.0,37327000.0,2520000.0,36737000.0,1.553,1.5547,14,13,0.0,,INFORMATION TECHNOLOGY,6171
FARALLON CAPITAL MANAGEMENT LLC,Sappi Ltd ADS,SPPJY,2002-12-31,SH,2782800.0,36789000.0,2782800.0,31863000.0,1.5306,1.3484,15,17,0.0,,MATERIALS,7550
FARALLON CAPITAL MANAGEMENT LLC,Northrop Grumman Corp.,NOC,2002-12-31,SH,668340.0,32414000.0,0.0,0.0,1.3486,,16,999999,,new,INDUSTRIALS,4364
FARALLON CAPITAL MANAGEMENT LLC,OfficeMax Inc - delisted 2003,OMX,2002-12-31,SH,6149300.0,30746000.0,5986800.0,24426000.0,1.2792,1.0337,17,26,2.714305,addition, ,202687
FARALLON CAPITAL MANAGEMENT LLC,Insurance Auto Auctions Inc.,IAAI,2002-12-31,SH,1827300.0,30315000.0,1827300.0,27612000.0,1.2613,1.1685,18,21,0.0,,FINANCE,107250
FARALLON CAPITAL MANAGEMENT LLC,Nutrien Ltd,NTR,2002-12-31,SH,464400.0,29531000.0,464400.0,28886000.0,1.2287,1.2224,19,18,0.0,,MATERIALS,267
FARALLON CAPITAL MANAGEMENT LLC,Waters Corporation,WAT,2002-12-31,SH,1310900.0,28551000.0,1390900.0,33729000.0,1.1879,1.4274,20,16,-5.751672,reduction,HEALTH CARE,3457
FARALLON CAPITAL MANAGEMENT LLC,Cypress Semiconductor Corp,CY,2002-12-31,PRN,160805625.0,28538000.0,160805625.0,27344000.0,1.1873,1.1572,21,22,0.0,,INFORMATION TECHNOLOGY,3714
FARALLON CAPITAL MANAGEMENT LLC,Syncor International Corp. (New),SCOR,2002-12-31,SH,1015500.0,28250000.0,225200.0,7231000.0,1.1754,0.306,22,67,350.932504,addition,HEALTH CARE,108544
FARALLON CAPITAL MANAGEMENT LLC,HLTH Corp,HLTH,2002-12-31,SH,3067300.0,26225000.0,3067300.0,15490000.0,1.0911,0.6555,23,43,0.0,,HEALTH CARE,6363
FARALLON CAPITAL MANAGEMENT LLC,Quebecor World Inc. (Old),QBRWF,2002-12-31,SH,1170200.0,26057000.0,990200.0,23394000.0,1.0841,0.99,24,27,18.178146,addition,INDUSTRIALS,4905
FARALLON CAPITAL MANAGEMENT LLC,Yankee Candle Co. Inc. (The),YCC,2002-12-31,SH,1609800.0,25757000.0,1609800.0,27640000.0,1.0716,1.1697,25,20,0.0,,CONSUMER DISCRETIONARY,106791
FARALLON CAPITAL MANAGEMENT LLC,Citigroup Inc.,C,2002-12-31,SH,70723.8,24888000.0,0.0,0.0,1.0355,,26,999999,,new,FINANCE,216
FARALLON CAPITAL MANAGEMENT LLC,Allied Waste Industries Inc.,AW,2002-12-31,SH,2443200.0,24432000.0,2633200.0,19354000.0,1.0165,0.819,27,34,-7.215555,reduction,INDUSTRIALS,4005
FARALLON CAPITAL MANAGEMENT LLC,Argosy Gaming Co.,AGY,2002-12-31,SH,1289000.0,24401000.0,767800.0,17629000.0,1.0152,0.746,28,37,67.882261,addition,CONSUMER DISCRETIONARY,97753
FARALLON CAPITAL MANAGEMENT LLC,City Investing Co. Liquidating Trust,CNVLZ,2002-12-31,SH,12228129.0,23233000.0,12219829.0,23218000.0,0.9666,0.9826,29,28,0.067922,addition,FINANCE,170911
FARALLON CAPITAL MANAGEMENT LLC,Arch Capital Group Ltd.,ACGL,2002-12-31,SH,6601482.0,22863000.0,5488200.0,17013000.0,0.9512,0.72,30,38,20.285011,addition,FINANCE,6468
FARALLON CAPITAL MANAGEMENT LLC,Sempra Energy Inc.,SRE,2002-12-31,SH,1889400.0,22342000.0,1889400.0,18563000.0,0.9296,0.7856,31,35,0.0,,UTILITIES AND TELECOMMUNICATIONS,11357
FARALLON CAPITAL MANAGEMENT LLC,Starwood Hotels & Resorts Worldwide Inc,HOT,2002-12-31,SH,940000.0,22316000.0,1657600.0,36964000.0,0.9285,1.5643,32,12,-43.291506,reduction,REAL ESTATE,4272
FARALLON CAPITAL MANAGEMENT LLC,Dole Food Inc.,DOL,2002-12-31,SH,650000.0,21177000.0,0.0,0.0,0.8811,,33,999999,,new,CONSUMER STAPLES,109429
FARALLON CAPITAL MANAGEMENT LLC,Siebel Systems Inc,SEBL,2002-12-31,PRN,21468000.0,20824000.0,21468000.0,19710000.0,0.8664,0.8341,34,33,0.0,,INFORMATION TECHNOLOGY,104877
FARALLON CAPITAL MANAGEMENT LLC,Waste Management Inc.,WM,2002-12-31,SH,902934.0,20695000.0,912300.0,21275000.0,0.861,0.9003,35,31,-1.026636,reduction,INDUSTRIALS,474
FARALLON CAPITAL MANAGEMENT LLC,G&K Services Class A,GK,2002-12-31,SH,551013.0,19506000.0,609500.0,20632000.0,0.8116,0.8731,36,32,-9.595898,reduction,INDUSTRIALS,6502
FARALLON CAPITAL MANAGEMENT LLC,Liberty Media Group Inc. Class A,LMCA,2002-12-31,SH,2080000.0,18595000.0,2000000.0,14360000.0,0.7737,0.6077,38,48,4.0,addition,CONSUMER DISCRETIONARY,107293
FARALLON CAPITAL MANAGEMENT LLC,Platinum Underwriters Holdings Ltd.,PTP,2002-12-31,SH,650000.0,17127000.0,0.0,0.0,0.7126,,39,999999,,new,FINANCE,3648
FARALLON CAPITAL MANAGEMENT LLC,Companhia Vale de Rio Doce S.A. ADR,VALE,2002-12-31,SH,7075200.0,17045000.0,7075200.0,13413000.0,0.7092,0.5676,40,50,0.0,,MATERIALS,78024
FARALLON CAPITAL MANAGEMENT LLC,Providian Financial Corp.,PVN,2002-12-31,PRN,50560000.0,16811000.0,85060000.0,22594000.0,0.6994,0.9562,41,30,-40.559605,reduction,FINANCE,104313
FARALLON CAPITAL MANAGEMENT LLC,McAfee Inc.,MFE,2002-12-31,SH,1000001.0,16090000.0,2180101.0,23174000.0,0.6694,0.9807,42,29,-54.13052,reduction,INFORMATION TECHNOLOGY,923
FARALLON CAPITAL MANAGEMENT LLC,American International Group Inc.,AIG,2002-12-31,SH,13867.55,16044000.0,13867.25,15171000.0,0.6675,0.642,43,44,0.002163,addition,FINANCE,193
FARALLON CAPITAL MANAGEMENT LLC,Korn Ferry,KFY,2002-12-31,SH,2137500.0,15988000.0,2137500.0,16758000.0,0.6652,0.7092,44,39,0.0,,INDUSTRIALS,676
FARALLON CAPITAL MANAGEMENT LLC,Chevron Corp. (Standard Oil of California),CVX,2002-12-31,SH,469084.0,15592000.0,469084.0,16242000.0,0.6487,0.6874,45,41,0.0,,ENERGY,214
FARALLON CAPITAL MANAGEMENT LLC,Dianon Systems Inc.,DIAN,2002-12-31,SH,325200.0,15515000.0,0.0,0.0,0.6455,,46,999999,,new,HEALTH CARE,99789
FARALLON CAPITAL MANAGEMENT LLC,Gartner Inc. Class B,ITB,2002-12-31,SH,1555180.0,14696000.0,1570880.0,12567000.0,0.6114,0.5318,47,51,-0.99944,reduction,INFORMATION TECHNOLOGY,171316
FARALLON CAPITAL MANAGEMENT LLC,Elevance Health Inc,ELV,2002-12-31,SH,458000.0,14404000.0,0.0,0.0,0.5993,,48,999999,,new,HEALTH CARE,175259
FARALLON CAPITAL MANAGEMENT LLC,Brookfield Office Properties Inc,BPO,2002-12-31,SH,1674456.75,13532000.0,1674456.75,14400000.0,0.563,0.6094,49,47,0.0,,FINANCE,105
FARALLON CAPITAL MANAGEMENT LLC,Gartner Inc.,IT,2002-12-31,SH,1440100.0,13249000.0,1358600.0,11005000.0,0.5512,0.4657,50,55,5.998822,addition,INFORMATION TECHNOLOGY,3868
FARALLON CAPITAL MANAGEMENT LLC,Trizec Properties Inc.,TRZ,2002-12-31,SH,1333761.0,12524000.0,306561.0,3479000.0,0.5211,0.1472,51,82,335.071976,addition,FINANCE,105965
FARALLON CAPITAL MANAGEMENT LLC,Dreyers Grand Ice Cream Holdings Inc.,DRYR,2002-12-31,SH,171200.0,12148000.0,0.0,0.0,0.5054,,52,999999,,new,CONSUMER STAPLES,99939
FARALLON CAPITAL MANAGEMENT LLC,Rational Software Corp.,RATL,2002-12-31,SH,1100000.0,11429000.0,0.0,0.0,0.4755,,53,999999,,new,INFORMATION TECHNOLOGY,104423
FARALLON CAPITAL MANAGEMENT LLC,Sealed Air Corp.,SEE,2002-12-31,SH,608000.0,11339000.0,0.0,0.0,0.4718,,54,999999,,new,MATERIALS,3662
FARALLON CAPITAL MANAGEMENT LLC,Avaya Inc.,AV,2002-12-31,PRN,27450000.0,11289000.0,60200000.0,13733000.0,0.4697,0.5812,55,49,-54.401993,reduction,INFORMATION TECHNOLOGY,97400
FARALLON CAPITAL MANAGEMENT LLC,Life Technologies Corp.,LIFE,2002-12-31,PRN,26000000.0,11042000.0,26000000.0,10457000.0,0.4594,0.4425,56,57,0.0,,HEALTH CARE,72076
FARALLON CAPITAL MANAGEMENT LLC,SPDR SSGA Aggressive Global Allocation ETF-SPDR SSGA Aggressive Global Allocation ETF,AGRA,2002-12-31,SH,7424717.0,10692000.0,6966817.0,7663000.0,0.4449,0.3243,57,66,6.572585,addition,INFORMATION TECHNOLOGY,97424
FARALLON CAPITAL MANAGEMENT LLC,CSG Systems International Inc.,CSGS,2002-12-31,SH,780100.0,10648000.0,499500.0,5445000.0,0.443,0.2304,58,75,56.176176,addition,COMMUNICATIONS,635
FARALLON CAPITAL MANAGEMENT LLC,EMCOR Group Inc.,EME,2002-12-31,SH,760000.0,10072000.0,760000.0,9443000.0,0.4191,0.3996,59,61,0.0,,INDUSTRIALS,6140
FARALLON CAPITAL MANAGEMENT LLC,Darden Restaurants Inc,DRI,2002-12-31,SH,536976.0,9816000.0,0.0,0.0,0.4084,,60,999999,,new,CONSUMER DISCRETIONARY,2638
FARALLON CAPITAL MANAGEMENT LLC,American Century Focused Dynamic Growth ETF-,FDG,2002-12-31,SH,1350000.0,9451000.0,0.0,0.0,0.3932,,61,999999,,new,MATERIALS,3800
FARALLON CAPITAL MANAGEMENT LLC,Capital Pacific Holdings Inc.,CPHJ,2002-12-31,SH,2809851.0,9132000.0,2809851.0,9975000.0,0.3799,0.4221,62,60,0.0,,CONSUMER DISCRETIONARY,99399
FARALLON CAPITAL MANAGEMENT LLC,Zebra Technologies Corp,ZBRA,2002-12-31,SH,324000.0,8251000.0,444150.0,10401000.0,0.3433,0.4402,63,58,-27.051672,reduction,INFORMATION TECHNOLOGY,4407
FARALLON CAPITAL MANAGEMENT LLC,Agere Systems Inc. Class B,AGRB,2002-12-31,SH,5832977.0,8166000.0,4367277.0,4324000.0,0.3398,0.183,64,77,33.560958,addition,INFORMATION TECHNOLOGY,97741
FARALLON CAPITAL MANAGEMENT LLC,Juniper Networks Inc,JNPR,2002-12-31,PRN,10266000.0,8027000.0,22366000.0,15083000.0,0.334,0.6383,65,46,-54.099973,reduction,INFORMATION TECHNOLOGY,2744
FARALLON CAPITAL MANAGEMENT LLC,ASGN Inc. (On Assignment Inc.),ASGN,2002-12-31,SH,925891.0,7889000.0,1285500.0,10631000.0,0.3282,0.4499,66,56,-27.974251,reduction,INDUSTRIALS,6699
FARALLON CAPITAL MANAGEMENT LLC,General Maritime Corp.,GMRRQ,2002-12-31,SH,1058723.0,7887000.0,1058723.0,6670000.0,0.3281,0.2823,67,68,0.0,,ENERGY,5729
FARALLON CAPITAL MANAGEMENT LLC,FTD Inc Class A,FTDI,2002-12-31,SH,468750.0,7467000.0,0.0,0.0,0.3107,,68,999999,,new,CONSUMER DISCRETIONARY,100843
FARALLON CAPITAL MANAGEMENT LLC,Quintiles Transnational Corp.,QTRN,2002-12-31,SH,600000.0,7260000.0,0.0,0.0,0.3021,,69,999999,,new,HEALTH CARE,104393
FARALLON CAPITAL MANAGEMENT LLC,Jones Lang Lasalle Inc,JLL,2002-12-31,SH,439616.0,6761000.0,596216.0,12258000.0,0.2813,0.5188,70,52,-26.265649,reduction,REAL ESTATE,3944
FARALLON CAPITAL MANAGEMENT LLC,Agilent Technologies Inc,A,2002-12-31,PRN,6650000.0,6388000.0,29750000.0,24804000.0,0.2658,1.0497,71,24,-77.647059,reduction,INFORMATION TECHNOLOGY,4847
FARALLON CAPITAL MANAGEMENT LLC,Bruker Corp,BRKR,2002-12-31,SH,1303100.0,6333000.0,1208300.0,6174000.0,0.2635,0.2613,72,72,7.845734,addition,HEALTH CARE,4855
FARALLON CAPITAL MANAGEMENT LLC,Renegy Holdings Inc.,RGYH,2002-12-31,SH,325860.3,6294000.0,325860.3,7913000.0,0.2619,0.3349,73,65,0.0,,INDUSTRIALS,9890
FARALLON CAPITAL MANAGEMENT LLC,AMN Healthcare Services Inc,AMN,2002-12-31,SH,368300.0,6228000.0,0.0,0.0,0.2591,,74,999999,,new,HEALTH CARE,6953
FARALLON CAPITAL MANAGEMENT LLC,La Quinta Corp.,LQI,2002-12-31,SH,1366200.0,6011000.0,1366200.0,6558000.0,0.2501,0.2775,75,71,0.0,,FINANCE,102527
FARALLON CAPITAL MANAGEMENT LLC,Barra Inc.,BARZ,2002-12-31,SH,180320.0,5469000.0,0.0,0.0,0.2275,,76,999999,,new,FINANCE,98292
FARALLON CAPITAL MANAGEMENT LLC,Trammell Crow Co,TCC,2002-12-31,SH,589200.0,5303000.0,672700.0,6633000.0,0.2206,0.2807,77,69,-12.412665,reduction,FINANCE,105615
FARALLON CAPITAL MANAGEMENT LLC,Juno Lighting Inc.,JUNO,2002-12-31,SH,520526.0,5033000.0,520526.0,5590000.0,0.2094,0.2366,78,74,0.0,,CONSUMER DISCRETIONARY,102144
FARALLON CAPITAL MANAGEMENT LLC,Jo-Ann Stores Inc. Class B,JASB,2002-12-31,SH,200000.0,3868000.0,39000.0,905000.0,0.1609,0.0383,79,114,412.820513,addition,CONSUMER DISCRETIONARY,171500
FARALLON CAPITAL MANAGEMENT LLC,Symbol Technologies,SBL,2002-12-31,SH,450000.0,3699000.0,450000.0,3451000.0,0.1539,0.146,80,83,0.0,,INFORMATION TECHNOLOGY,104790
FARALLON CAPITAL MANAGEMENT LLC,Sanmina Corp.,SANM,2002-12-31,SH,128024.27,3448000.0,128024.27,2127000.0,0.1435,0.09,81,99,0.0,,INFORMATION TECHNOLOGY,713
FARALLON CAPITAL MANAGEMENT LLC,Bruker AXS Inc,BAXS,2002-12-31,SH,1641318.0,3168000.0,1316600.0,2765000.0,0.1318,0.117,82,88,24.663375,addition,HEALTH CARE,170677
FARALLON CAPITAL MANAGEMENT LLC,Packaging Dynamics Corp,PKDY,2002-12-31,SH,400000.0,2640000.0,376500.0,2127000.0,0.1098,0.09,83,100,6.2417,addition,MATERIALS,107462
FARALLON CAPITAL MANAGEMENT LLC,Halliburton Co.,HAL,2002-12-31,SH,280000.0,2619000.0,280000.0,1807000.0,0.109,0.0765,84,102,0.0,,ENERGY,411
FARALLON CAPITAL MANAGEMENT LLC,Millennium Pharmaceuticals Inc.,MLNM,2002-12-31,SH,289634.0,2300000.0,289634.0,2699000.0,0.0957,0.1142,85,90,0.0,,HEALTH CARE,5135
FARALLON CAPITAL MANAGEMENT LLC,Aviron Inc.,AVIR,2002-12-31,PRN,2299000.0,2293000.0,9199000.0,8417000.0,0.0954,0.3562,86,63,-75.008153,reduction,HEALTH CARE,98197
FARALLON CAPITAL MANAGEMENT LLC,Cendant Corp,cd,2002-12-31,SH,216197.0,2266000.0,216197.0,2326000.0,0.0943,0.0984,87,95,0.0,, ,141590
FARALLON CAPITAL MANAGEMENT LLC,EW Scripps Company Cl A,SSP,2002-12-31,SH,29300.0,2255000.0,56100.0,3888000.0,0.0938,0.1645,88,81,-47.771836,reduction,COMMUNICATIONS,4909
FARALLON CAPITAL MANAGEMENT LLC,International Game Technology Inc.,IGT,2002-12-31,SH,116000.0,2202000.0,116000.0,2005000.0,0.0916,0.0849,89,101,0.0,,CONSUMER DISCRETIONARY,3619
FARALLON CAPITAL MANAGEMENT LLC,Lorillard Inc,LO,2002-12-31,SH,100000.0,2027000.0,1315100.0,24737000.0,0.0843,1.0469,90,25,-92.396016,reduction,CONSUMER STAPLES,45960
FARALLON CAPITAL MANAGEMENT LLC,Great Lakes Bancorp (New),GLK,2002-12-31,SH,350000.0,2012000.0,0.0,0.0,0.0837,,91,999999,,new,FINANCE,97339
FARALLON CAPITAL MANAGEMENT LLC,Astoria Financial Corp.,AF,2002-12-31,SH,108750.0,1968000.0,108750.0,1769000.0,0.0819,0.0749,92,103,0.0,,FINANCE,5050
FARALLON CAPITAL MANAGEMENT LLC,Quantum Corp,QMCO,2002-12-31,SH,73775.0,1576000.0,73775.0,1304000.0,0.0656,0.0552,93,107,0.0,,INFORMATION TECHNOLOGY,6421
FARALLON CAPITAL MANAGEMENT LLC,Ticketmaster Class B,TMCS,2002-12-31,SH,71100.0,1509000.0,0.0,0.0,0.0628,,94,999999,,new,INFORMATION TECHNOLOGY,105811
FARALLON CAPITAL MANAGEMENT LLC,Hispanic Broadcasting Corp.,HSP,2002-12-31,SH,64700.0,1330000.0,0.0,0.0,0.0553,,96,999999,,new,CONSUMER DISCRETIONARY,109104
FARALLON CAPITAL MANAGEMENT LLC,Enterasys Networks,ETS,2002-12-31,SH,99812.5,1246000.0,99812.5,1038000.0,0.0518,0.0439,97,112,0.0,,INFORMATION TECHNOLOGY,100420
FARALLON CAPITAL MANAGEMENT LLC,Banco LatinoAmero de Comercio Exterior S,BLX,2002-12-31,SH,246200.0,1120000.0,329900.0,680000.0,0.0466,0.0288,98,115,-25.371325,reduction,FINANCE,8370
FARALLON CAPITAL MANAGEMENT LLC,Monster Worldwide Inc.,MWW,2002-12-31,SH,97700.0,1105000.0,295800.0,2662000.0,0.046,0.1127,99,91,-66.970926,reduction,INDUSTRIALS,69335
FARALLON CAPITAL MANAGEMENT LLC,Jack In The Box Inc,JACK,2002-12-31,SH,101200.0,875000.0,247400.0,2820000.0,0.0364,0.1193,100,87,-59.094584,reduction,CONSUMER DISCRETIONARY,6377
FARALLON CAPITAL MANAGEMENT LLC,PRGX Global Inc.,PRGX,2002-12-31,SH,98029.0,872000.0,0.0,0.0,0.0363,,101,999999,,new,INDUSTRIALS,6215
FARALLON CAPITAL MANAGEMENT LLC,Sun Microsystems Inc.,JAVA,2002-12-31,SH,54375.0,676000.0,254375.0,2635000.0,0.0281,0.1115,102,92,-78.624079,reduction,INFORMATION TECHNOLOGY,465
FARALLON CAPITAL MANAGEMENT LLC,D&E Communications Inc,DECC,2002-12-31,SH,72071.0,603000.0,125571.0,1256000.0,0.0251,0.0532,103,108,-42.605379,reduction,COMMUNICATIONS,6124
FARALLON CAPITAL MANAGEMENT LLC,Fresh Tracks Therapeutics Inc,FRTX,2002-12-31,SH,45.9,502000.0,71.28,519000.0,0.0209,0.022,104,116,-35.606061,reduction,HEALTH CARE,7672
FARALLON CAPITAL MANAGEMENT LLC,Big City Radio Inc.,BCYRA,2002-12-31,SH,234500.0,399000.0,194000.0,221000.0,0.0166,0.0094,105,123,20.876289,addition,CONSUMER DISCRETIONARY,98343
FARALLON CAPITAL MANAGEMENT LLC,CoMedia Corp,CMTN,2002-12-31,SH,191.96,356000.0,191.96,317000.0,0.0148,0.0134,106,120,0.0,,CONSUMER DISCRETIONARY,99267
FARALLON CAPITAL MANAGEMENT LLC,Riverstone Networks Inc,RSTN,2002-12-31,SH,159900.0,339000.0,309900.0,158000.0,0.0141,0.0067,107,125,-48.402711,reduction,INFORMATION TECHNOLOGY,104683
FARALLON CAPITAL MANAGEMENT LLC,On Command Corp.,ONCO,2002-12-31,SH,466100.0,317000.0,624000.0,312000.0,0.0132,0.0132,108,121,-25.304487,reduction,CONSUMER DISCRETIONARY,103677
FARALLON CAPITAL MANAGEMENT LLC,Innovative Solutions and Support Inc,ISSC,2002-12-31,SH,73800.0,307000.0,73800.0,378000.0,0.0128,0.016,109,118,0.0,,INDUSTRIALS,7240
FARALLON CAPITAL MANAGEMENT LLC,Lam Research Corp.,LRCX,2002-12-31,SH,23800.0,257000.0,288800.0,2570000.0,0.0107,0.1088,110,93,-91.759003,reduction,INFORMATION TECHNOLOGY,2661
FARALLON CAPITAL MANAGEMENT LLC,Pilgrims Pride Corp. Class A,PPCA,2002-12-31,SH,34000.0,201000.0,59400.0,425000.0,0.0084,0.018,111,117,-42.760943,reduction,CONSUMER STAPLES,172263
FARALLON CAPITAL MANAGEMENT LLC,Sina Corp,SINA,2002-12-31,SH,25000.0,162000.0,150000.0,324000.0,0.0067,0.0137,112,119,-83.333333,reduction,COMMUNICATIONS,5478
FARALLON CAPITAL MANAGEMENT LLC,GOLF TRUST OF AMERICA INC,GTA,2002-12-31,SH,112200.0,151000.0,112200.0,147000.0,0.0063,0.0062,113,126,0.0,,FINANCE,7967
FARALLON CAPITAL MANAGEMENT LLC,ELAN CORP PLC (IRELAND),DRX:VALUE1,2002-12-31,SH,1374400.0,137000.0,1374400.0,206000.0,0.0057,0.0087,114,124,0.0,, ,96507
FARALLON CAPITAL MANAGEMENT LLC,Crawford & Co Class A,CRD.A,2002-12-31,SH,11700.0,48000.0,11700.0,61000.0,0.002,0.0026,115,128,0.0,,FINANCE,8664
FARALLON CAPITAL MANAGEMENT LLC,Elan Corp Plc,ELN,2002-12-31,SH,250000.0,10000.0,250000.0,50000.0,0.0004,0.0021,116,129,0.0,,HEALTH CARE,4867
FARALLON CAPITAL MANAGEMENT LLC,Precision Castparts Corp.,PCP,2002-12-31,SH,0.0,0.0,199200.0,2159000.0,,0.0914,999999,98,-100.0,soldall,INDUSTRIALS,270
FARALLON CAPITAL MANAGEMENT LLC,Dress Barn Inc.,DBRN,2002-12-31,SH,0.0,0.0,270200.0,4204000.0,,0.1779,999999,79,-100.0,soldall, ,640
FARALLON CAPITAL MANAGEMENT LLC,WET SEAL INC CL-A,WTSLQ,2002-12-31,SH,0.0,0.0,123500.0,1235000.0,,0.0523,999999,109,-100.0,soldall,CONSUMER DISCRETIONARY,742
FARALLON CAPITAL MANAGEMENT LLC,CNA Financial Corp.,CNA,2002-12-31,SH,0.0,0.0,606700.0,15167000.0,,0.6419,999999,45,-100.0,soldall,FINANCE,2802
FARALLON CAPITAL MANAGEMENT LLC,Johnson Controls International plc (Tyco Laboratories),JCI,2002-12-31,CALL,0.0,0.0,101341.91,2975000.0,,0.1259,999999,86,-100.0,soldall,INDUSTRIALS,2837
FARALLON CAPITAL MANAGEMENT LLC,Davita Inc.,DVA,2002-12-31,SH,0.0,0.0,1438200.0,11314000.0,,0.4788,999999,53,-100.0,soldall,HEALTH CARE,3395
FARALLON CAPITAL MANAGEMENT LLC,Martin Marietta Materials Inc.,MLM,2002-12-31,SH,0.0,0.0,510400.0,16624000.0,,0.7035,999999,40,-100.0,soldall,MATERIALS,3842
FARALLON CAPITAL MANAGEMENT LLC,CTS Corp.,CTS,2002-12-31,SH,0.0,0.0,487400.0,2242000.0,,0.0949,999999,96,-100.0,soldall,INFORMATION TECHNOLOGY,3860
FARALLON CAPITAL MANAGEMENT LLC,Unisys Corp. (Burroughs Adding Machine),UIS,2002-12-31,SH,0.0,0.0,94310.0,6602000.0,,0.2794,999999,70,-100.0,soldall,INFORMATION TECHNOLOGY,4184
FARALLON CAPITAL MANAGEMENT LLC,Ruby Tuesday Inc,RT,2002-12-31,SH,0.0,0.0,70600.0,1326000.0,,0.0561,999999,106,-100.0,soldall,CONSUMER DISCRETIONARY,4967
FARALLON CAPITAL MANAGEMENT LLC,Royal Caribbean Cruises Ltd,RCL,2002-12-31,SH,0.0,0.0,201000.0,3200000.0,,0.1354,999999,85,-100.0,soldall,CONSUMER DISCRETIONARY,5197
FARALLON CAPITAL MANAGEMENT LLC,Molex Inc Class A,MOLXA,2002-12-31,SH,0.0,0.0,266500.0,5596000.0,,0.2368,999999,73,-100.0,soldall,INFORMATION TECHNOLOGY,6391
FARALLON CAPITAL MANAGEMENT LLC,Cross Country Healthcare Inc,CCRN,2002-12-31,SH,0.0,0.0,10000.0,140000.0,,0.0059,999999,127,-100.0,soldall,HEALTH CARE,7090
FARALLON CAPITAL MANAGEMENT LLC,Ligand Pharmaceuticals Inc.,LGND,2002-12-31,SH,0.0,0.0,164473.97,4185000.0,,0.1771,999999,80,-100.0,soldall,HEALTH CARE,7325
FARALLON CAPITAL MANAGEMENT LLC,Telecom Argentina S.A. ADR,TEO,2002-12-31,SH,0.0,0.0,1496900.0,1227000.0,,0.0519,999999,110,-100.0,soldall,UTILITIES AND TELECOMMUNICATIONS,11513
FARALLON CAPITAL MANAGEMENT LLC,BearingPoint Inc,BGPTQ,2002-12-31,SH,0.0,0.0,46900.0,1515000.0,,0.0641,999999,105,-100.0,soldall,INFORMATION TECHNOLOGY,75520
FARALLON CAPITAL MANAGEMENT LLC,Station Casinos Inc.,STN,2002-12-31,SH,0.0,0.0,2093900.0,35617000.0,,1.5073,999999,14,-100.0,soldall,CONSUMER DISCRETIONARY,97260
FARALLON CAPITAL MANAGEMENT LLC,Playtex Products,PYX,2002-12-31,SH,0.0,0.0,500000.0,4255000.0,,0.1801,999999,78,-100.0,soldall,CONSUMER DISCRETIONARY,97277
FARALLON CAPITAL MANAGEMENT LLC,Hilton Hotels Corp.,HLT,2002-12-31,SH,0.0,0.0,1410800.0,16055000.0,,0.6794,999999,42,-100.0,soldall,CONSUMER DISCRETIONARY,97330
FARALLON CAPITAL MANAGEMENT LLC,Trane Inc,TT,2002-12-31,SH,0.0,0.0,247500.0,5249000.0,,0.2221,999999,76,-100.0,soldall,INDUSTRIALS,97410
FARALLON CAPITAL MANAGEMENT LLC,Allstream Inc Class B,ALLSB,2002-12-31,SH,0.0,0.0,2058300.0,66010000.0,,2.7935,999999,9,-100.0,soldall,COMMUNICATIONS,97835
FARALLON CAPITAL MANAGEMENT LLC,Guidant Corp,GDT,2002-12-31,SH,0.0,0.0,105000.0,3393000.0,,0.1436,999999,84,-100.0,soldall,HEALTH CARE,100971
FARALLON CAPITAL MANAGEMENT LLC,Intermagnetics General Corp.,IMGC,2002-12-31,SH,0.0,0.0,223050.0,2538000.0,,0.1074,999999,94,-100.0,soldall,HEALTH CARE,101803
FARALLON CAPITAL MANAGEMENT LLC,Inco Ltd. (NYSE),INCLF,2002-12-31,SH,0.0,0.0,60000.0,964000.0,,0.0408,999999,113,-100.0,soldall,MATERIALS,101837
FARALLON CAPITAL MANAGEMENT LLC,Maxtor Corp.,MXO,2002-12-31,SH,0.0,0.0,86400.0,226000.0,,0.0096,999999,122,-100.0,soldall,INFORMATION TECHNOLOGY,103173
FARALLON CAPITAL MANAGEMENT LLC,Providian Financial Corp.,PVN,2002-12-31,SH,0.0,0.0,2056100.0,10075000.0,,0.4264,999999,59,-100.0,soldall,FINANCE,104313
FARALLON CAPITAL MANAGEMENT LLC,Pennzoil-Quaker State Co.,PZL,2002-12-31,SH,0.0,0.0,3567800.0,78385000.0,,3.3172,999999,6,-100.0,soldall,MATERIALS,104348
FARALLON CAPITAL MANAGEMENT LLC,National Golf Properties Inc.,TEE,2002-12-31,SH,0.0,0.0,140600.0,1617000.0,,0.0684,999999,104,-100.0,soldall,FINANCE,105660
FARALLON CAPITAL MANAGEMENT LLC,Wallace Computer Services Inc.,WCS,2002-12-31,SH,0.0,0.0,61400.0,1084000.0,,0.0459,999999,111,-100.0,soldall,INDUSTRIALS,106525
FARALLON CAPITAL MANAGEMENT LLC,Veritas Software Corp.,VRTS,2002-12-31,SH,0.0,0.0,539900.0,7942000.0,,0.3361,999999,64,-100.0,soldall,INFORMATION TECHNOLOGY,107627
FARALLON CAPITAL MANAGEMENT LLC,TRW Inc.,TRW,2002-12-31,SH,0.0,0.0,1460000.0,85483000.0,,3.6176,999999,5,-100.0,soldall,INDUSTRIALS,108212
FARALLON CAPITAL MANAGEMENT LLC,Pure Resources Inc.,PRS,2002-12-31,SH,0.0,0.0,100000.0,2240000.0,,0.0948,999999,97,-100.0,soldall,ENERGY,108607
FARALLON CAPITAL MANAGEMENT LLC,Golden State Bancorp Inc.,GSB,2002-12-31,SH,0.0,0.0,11087838.0,74820000.0,,3.1663,999999,7,-100.0,soldall,FINANCE,109196
FARALLON CAPITAL MANAGEMENT LLC,America Online Inc,aol,2002-12-31,PRN,0.0,0.0,5400000.0,2764000.0,,0.117,999999,89,-100.0,soldall, ,109666
FARALLON CAPITAL MANAGEMENT LLC,Elan Corp. plc Warrants 8/31/2005,ELNWT,2002-12-31,SH,0.0,0.0,1374400.0,27000.0,,0.0011,999999,130,-100.0,soldall,HEALTH CARE,109739
FARALLON CAPITAL MANAGEMENT LLC,Paypal Inc - Delisted in 2002,PYPL,2002-12-31,SH,0.0,0.0,1327300.0,27138000.0,,1.1485,999999,23,-100.0,soldall,INFORMATION TECHNOLOGY,172231
