Filer Name,Stock Name,Stock Ticker,Quarter Date,Type of Security,Current Shares Held,Current Market Value,Previous Shares Held,Previous Market Value,Current % of Portfolio,Previous % of Portfolio,Current Rank,Previous Rank,Change in Shares,Type of Change,Sector,stock_id
FARALLON CAPITAL MANAGEMENT LLC,iShares Russell 2000 ETF-iShares Russell 2000 ETF,IWM,2007-06-30,PUT,21213600.0,1759880000.0,24051300.0,1912319000.0,14.3357,16.8683,1,1,-11.798531,reduction,FINANCE,4116
FARALLON CAPITAL MANAGEMENT LLC,CapitalSource Inc.,CSE,2007-06-30,SH,27733036.0,681955000.0,27733036.0,696931000.0,5.5551,6.1475,2,2,0.0,,FINANCE,2547
FARALLON CAPITAL MANAGEMENT LLC,First Data Corp.,FDC,2007-06-30,SH,15842200.0,517565000.0,1035097.0,27844000.0,4.216,0.2456,3,78,1430.503904,addition,INFORMATION TECHNOLOGY,97351
FARALLON CAPITAL MANAGEMENT LLC,Charles Schwab Corp,SCHW,2007-06-30,SH,20508700.0,420839000.0,15202500.0,278054000.0,3.4281,2.4527,4,7,34.90347,addition,FINANCE,3661
FARALLON CAPITAL MANAGEMENT LLC,Harrahs Entertainment Inc.,HET,2007-06-30,SH,4497750.0,383478000.0,4497750.0,379835000.0,3.1238,3.3505,5,4,0.0,,CONSUMER DISCRETIONARY,75642
FARALLON CAPITAL MANAGEMENT LLC,Biomet Inc.,BMET,2007-06-30,SH,8346203.0,381588000.0,6527500.0,277353000.0,3.1084,2.4465,6,8,27.862168,addition,HEALTH CARE,97393
FARALLON CAPITAL MANAGEMENT LLC,Elevance Health Inc,ELV,2007-06-30,SH,4441495.0,354565000.0,4930839.0,399891000.0,2.8882,3.5274,7,3,-9.924153,reduction,HEALTH CARE,175259
FARALLON CAPITAL MANAGEMENT LLC,Fidelity National Information Services Inc,FIS,2007-06-30,SH,4550400.0,246996000.0,4077700.0,185372000.0,2.012,1.6351,8,12,11.592319,addition,FINANCE,2403
FARALLON CAPITAL MANAGEMENT LLC,Time Warner Cable Inc.,TWC,2007-06-30,SH,2084485.2,244972000.0,766067.05,86122000.0,1.9955,0.7597,9,39,172.102187,addition,CONSUMER DISCRETIONARY,2836
FARALLON CAPITAL MANAGEMENT LLC,Hilton Hotels Corp.,HLT,2007-06-30,SH,7027500.0,235210000.0,5035000.0,181059000.0,1.916,1.5971,10,13,39.572989,addition,CONSUMER DISCRETIONARY,97330
FARALLON CAPITAL MANAGEMENT LLC,Clear Channel Communications Inc.,CCU,2007-06-30,SH,6003450.0,227050000.0,6003450.0,210361000.0,1.8495,1.8556,11,11,0.0,,CONSUMER DISCRETIONARY,878
FARALLON CAPITAL MANAGEMENT LLC,Wendys International Inc.,WEN,2007-06-30,SH,5435000.0,199736000.0,4530500.0,141805000.0,1.627,1.2508,12,18,19.964684,addition,CONSUMER DISCRETIONARY,170136
FARALLON CAPITAL MANAGEMENT LLC,Grupo Televisa S.A. GDR,TV,2007-06-30,SH,7050000.0,194651000.0,9675870.0,288341000.0,1.5856,2.5434,13,6,-27.138335,reduction,COMMUNICATIONS,5537
FARALLON CAPITAL MANAGEMENT LLC,COMCAST CORP SPL A (NEW),CMCSK,2007-06-30,SH,6480905.0,181206000.0,6677500.0,170076000.0,1.4761,1.5002,14,14,-2.944141,reduction,CONSUMER DISCRETIONARY,2829
FARALLON CAPITAL MANAGEMENT LLC,FedEx Corporation,FDX,2007-06-30,SH,1590000.0,176442000.0,745000.0,80035000.0,1.4373,0.706,15,42,113.422819,addition,TRANSPORTS,485
FARALLON CAPITAL MANAGEMENT LLC,Comcast Corp.  Class A,CMCSA,2007-06-30,SH,11349000.0,159567000.0,9215400.0,119570000.0,1.2998,1.0547,16,26,23.152549,addition,COMMUNICATIONS,3995
FARALLON CAPITAL MANAGEMENT LLC,Qurate Retail Group Inc Series A (Formerly Liberty Interactive),QRTEA,2007-06-30,SH,6870000.0,153407000.0,5580000.0,132916000.0,1.2496,1.1724,17,21,23.11828,addition,COMMUNICATIONS,3420
FARALLON CAPITAL MANAGEMENT LLC,Dollar General Corp. (Old),DG,2007-06-30,SH,6865000.0,150481000.0,5665000.0,119815000.0,1.2258,1.0569,18,25,21.182701,addition,CONSUMER DISCRETIONARY,107070
FARALLON CAPITAL MANAGEMENT LLC,Southwest Airlines Co.,LUV,2007-06-30,SH,9940000.0,148205000.0,9940000.0,146118000.0,1.2073,1.2889,19,16,0.0,,TRANSPORTS,458
FARALLON CAPITAL MANAGEMENT LLC,Oracle Corp,ORCL,2007-06-30,SH,7367500.0,145213000.0,7333560.0,132957000.0,1.1829,1.1728,20,20,0.462804,addition,INFORMATION TECHNOLOGY,20
FARALLON CAPITAL MANAGEMENT LLC,iShares Biotechnology ETF-iShares Biotechnology ETF,IBB,2007-06-30,PUT,5398500.0,140577000.0,1161600.0,29342000.0,1.1451,0.2588,21,75,364.746901,addition,HEALTH CARE,3472
FARALLON CAPITAL MANAGEMENT LLC,NRG Energy Inc,NRG,2007-06-30,SH,3370000.0,140091000.0,678800.0,48901000.0,1.1412,0.4314,22,60,396.464349,addition,UTILITIES AND TELECOMMUNICATIONS,4138
FARALLON CAPITAL MANAGEMENT LLC,United Airlines Holdings Inc,UAL,2007-06-30,SH,3450000.0,140036000.0,3250000.0,124053000.0,1.1407,1.0943,23,24,6.153846,addition,TRANSPORTS,4204
FARALLON CAPITAL MANAGEMENT LLC,Leap Wireless International Inc. (New),LWINQ,2007-06-30,SH,1642300.0,138774000.0,1759800.0,116112000.0,1.1304,1.0242,24,28,-6.676895,reduction,COMMUNICATIONS,5946
FARALLON CAPITAL MANAGEMENT LLC,Arch Capital Group Ltd.,ACGL,2007-06-30,SH,17208495.0,138700000.0,17208495.0,130421000.0,1.1298,1.1504,25,22,0.0,,FINANCE,6468
FARALLON CAPITAL MANAGEMENT LLC,Seagate Technology plc,STX,2007-06-30,SH,5938400.0,129279000.0,2678400.0,62407000.0,1.0531,0.5505,26,49,121.714456,addition,INFORMATION TECHNOLOGY,2526
FARALLON CAPITAL MANAGEMENT LLC,Charles River Laboratories International Inc,CRL,2007-06-30,SH,2395000.0,123630000.0,2320000.0,107323000.0,1.0071,0.9467,27,29,3.232759,addition,HEALTH CARE,3444
FARALLON CAPITAL MANAGEMENT LLC,MDS INC,MDZ,2007-06-30,SH,5452500.0,111056000.0,5347500.0,101250000.0,0.9046,0.8931,28,33,1.963534,addition,HEALTH CARE,3450
FARALLON CAPITAL MANAGEMENT LLC,Boston Scientific Inc.,BSX,2007-06-30,SH,6867400.0,105346000.0,2360000.0,34314000.0,0.8581,0.3027,29,70,190.991525,addition,HEALTH CARE,379
FARALLON CAPITAL MANAGEMENT LLC,Home Depot Inc. (The),HD,2007-06-30,SH,2661800.0,104742000.0,1695000.0,62274000.0,0.8532,0.5493,30,51,57.038348,addition,CONSUMER DISCRETIONARY,354
FARALLON CAPITAL MANAGEMENT LLC,iShares MSCI Emerging Markets ETF-,EEM,2007-06-30,PUT,2385300.0,104675000.0,1605000.0,62328000.0,0.8527,0.5498,31,50,48.616822,addition,FINANCE,3954
FARALLON CAPITAL MANAGEMENT LLC,Town Sports Intl Holdings Inc,CLUBQ,2007-06-30,SH,5331279.0,103000000.0,5331279.0,116222000.0,0.839,1.0252,32,27,0.0,,CONSUMER DISCRETIONARY,1027
FARALLON CAPITAL MANAGEMENT LLC,Amylin Pharmaceuticals,AMLN,2007-06-30,SH,2470000.0,101665000.0,2745000.0,102553000.0,0.8281,0.9046,33,32,-10.018215,reduction,HEALTH CARE,3576
FARALLON CAPITAL MANAGEMENT LLC,Burlington Northern Santa Fe Corp.,BNI,2007-06-30,SH,1191200.0,101419000.0,0.0,0.0,0.8261,,34,999999,,new,TRANSPORTS,1052
FARALLON CAPITAL MANAGEMENT LLC,Granite Real Estate Investment Trusts,GRP.U,2007-06-30,SH,2741700.0,99908000.0,2779100.0,103911000.0,0.8138,0.9166,35,31,-1.345759,reduction,REAL ESTATE,139082
FARALLON CAPITAL MANAGEMENT LLC,Global X Emerging Markets Great Consumer ETF-,EMC,2007-06-30,SH,5317500.0,96247000.0,6460000.0,89471000.0,0.784,0.7892,36,36,-17.685759,reduction,INFORMATION TECHNOLOGY,398
FARALLON CAPITAL MANAGEMENT LLC,Sealy Corp.,ZZ,2007-06-30,SH,5788800.0,95631000.0,5788800.0,101188000.0,0.779,0.8926,37,34,0.0,,CONSUMER DISCRETIONARY,7556
FARALLON CAPITAL MANAGEMENT LLC,Freeport-McMoran Copper and Gold 6 3/4% Mandatory Convertible Preferred Stock,FCXPRM,2007-06-30,SH,722500.0,92848000.0,0.0,0.0,0.7563,,38,999999,,new,MATERIALS,4876
FARALLON CAPITAL MANAGEMENT LLC,Microsoft Corp.,MSFT,2007-06-30,SH,3010600.0,88722000.0,8319356.0,231860000.0,0.7227,2.0452,39,9,-63.812103,reduction,INFORMATION TECHNOLOGY,178
FARALLON CAPITAL MANAGEMENT LLC,Cytyc Corp.,CYTC,2007-06-30,SH,2045000.0,88160000.0,0.0,0.0,0.7181,,40,999999,,new,HEALTH CARE,97365
FARALLON CAPITAL MANAGEMENT LLC,Liberty Global plc Class A,LBTYA,2007-06-30,SH,1995536.0,81897000.0,1389988.0,45772000.0,0.6671,0.4037,41,61,43.56498,addition,COMMUNICATIONS,4042
FARALLON CAPITAL MANAGEMENT LLC,Philippine Long Distance Telephone Co ADR,PHI,2007-06-30,SH,1326300.0,75864000.0,1631300.0,86133000.0,0.618,0.7598,42,38,-18.696745,reduction,UTILITIES AND TELECOMMUNICATIONS,6417
FARALLON CAPITAL MANAGEMENT LLC,Airtran Holdings Inc.,AAI,2007-06-30,SH,6820000.0,74474000.0,3480000.0,35740000.0,0.6067,0.3153,43,69,95.977011,addition,TRANSPORTS,1014
FARALLON CAPITAL MANAGEMENT LLC,Walgreens Boots Alliance Inc.,WBA,2007-06-30,SH,1690000.0,73583000.0,0.0,0.0,0.5994,,44,999999,,new,CONSUMER STAPLES,308
FARALLON CAPITAL MANAGEMENT LLC,Citrix Systems Inc.,CTXS,2007-06-30,SH,2718807.0,72896000.0,1770678.0,45162000.0,0.5938,0.3984,45,62,53.546099,addition,INFORMATION TECHNOLOGY,3588
FARALLON CAPITAL MANAGEMENT LLC,CEMEX S.A. de C.V. Series A (Sponsored ADR) ADR,CX,2007-06-30,SH,1959930.96,69540000.0,915200.0,28820000.0,0.5665,0.2542,46,76,114.153295,addition,MATERIALS,5509
FARALLON CAPITAL MANAGEMENT LLC,Cameco Corp.,CCJ,2007-06-30,SH,1337300.0,67855000.0,370000.0,15148000.0,0.5527,0.1336,47,96,261.432432,addition,ENERGY,156
FARALLON CAPITAL MANAGEMENT LLC,QUALCOMM Inc.,QCOM,2007-06-30,SH,1542300.0,66920000.0,5234484.0,223303000.0,0.5451,1.9697,48,10,-70.535778,reduction,INFORMATION TECHNOLOGY,273
FARALLON CAPITAL MANAGEMENT LLC,Hilltop Holdings Inc,HTH,2007-06-30,SH,5653582.0,66825000.0,5653582.0,68578000.0,0.5443,0.6049,49,47,0.0,,REAL ESTATE,7219
FARALLON CAPITAL MANAGEMENT LLC,Sealed Air Corp.,SEE,2007-06-30,SH,2050000.0,63591000.0,2050000.0,64780000.0,0.518,0.5714,50,48,0.0,,MATERIALS,3662
FARALLON CAPITAL MANAGEMENT LLC,Spirit Finance Corp.,SFC,2007-06-30,SH,4250000.0,61880000.0,5510000.0,82099000.0,0.5041,0.7242,51,41,-22.867514,reduction,FINANCE,104929
FARALLON CAPITAL MANAGEMENT LLC,Johnson Controls International plc (Tyco Laboratories),JCI,2007-06-30,SH,869331.01,61160000.0,869331.01,57106000.0,0.4982,0.5037,52,56,0.0,,INDUSTRIALS,2837
FARALLON CAPITAL MANAGEMENT LLC,KKR Financial Holding Co.,KFN,2007-06-30,SH,2443662.0,60872000.0,3404900.0,93396000.0,0.4959,0.8238,53,35,-28.23102,reduction,FINANCE,6855
FARALLON CAPITAL MANAGEMENT LLC,Nutrien Ltd,NTR,2007-06-30,SH,775000.0,60427000.0,0.0,0.0,0.4922,,54,999999,,new,MATERIALS,267
FARALLON CAPITAL MANAGEMENT LLC,Equifax Inc.,EFX,2007-06-30,SH,1352200.0,60065000.0,0.0,0.0,0.4893,,55,999999,,new,INDUSTRIALS,4871
FARALLON CAPITAL MANAGEMENT LLC,Companhia Vale de Rio Doce S.A. ADR,VALE,2007-06-30,SH,2595000.0,57804000.0,0.0,0.0,0.4709,,56,999999,,new,MATERIALS,78024
FARALLON CAPITAL MANAGEMENT LLC,Baidu Inc ADR,BIDU,2007-06-30,SH,3350000.0,56273000.0,2550000.0,24620000.0,0.4584,0.2172,57,83,31.372549,addition,COMMUNICATIONS,4807
FARALLON CAPITAL MANAGEMENT LLC,TreeHouse Foods Inc,THS,2007-06-30,SH,2105000.0,56014000.0,1935000.0,58959000.0,0.4563,0.5201,58,54,8.78553,addition,CONSUMER STAPLES,3750
FARALLON CAPITAL MANAGEMENT LLC,SLM Corp,SLM,2007-06-30,SH,955000.0,54989000.0,0.0,0.0,0.4479,,59,999999,,new,FINANCE,892
FARALLON CAPITAL MANAGEMENT LLC,Continental Airlines Inc. (1980) Class B,CALB,2007-06-30,SH,1618175.0,54808000.0,2156698.0,78482000.0,0.4465,0.6923,60,43,-24.969792,reduction,TRANSPORTS,4278
FARALLON CAPITAL MANAGEMENT LLC,Cablevision Systems Corp. Class A,CVC,2007-06-30,SH,1442500.0,52204000.0,2345000.0,71358000.0,0.4252,0.6294,61,46,-38.486141,reduction,CONSUMER DISCRETIONARY,5211
FARALLON CAPITAL MANAGEMENT LLC,QUALCOMM Inc.,QCOM,2007-06-30,CALL,1150000.0,49899000.0,1150000.0,49059000.0,0.4065,0.4327,62,59,0.0,,INFORMATION TECHNOLOGY,273
FARALLON CAPITAL MANAGEMENT LLC,Gilead Sciences Inc.,GILD,2007-06-30,SH,2520000.0,48850000.0,2000000.0,38250000.0,0.3979,0.3374,63,66,26.0,addition,HEALTH CARE,231
FARALLON CAPITAL MANAGEMENT LLC,Bread Financial Holdings Inc,BFH,2007-06-30,SH,619650.0,47887000.0,0.0,0.0,0.3901,,64,999999,,new,INFORMATION TECHNOLOGY,3569
FARALLON CAPITAL MANAGEMENT LLC,Allergan Inc.,AGN,2007-06-30,SH,830000.0,47841000.0,0.0,0.0,0.3897,,65,999999,,new,HEALTH CARE,3531
FARALLON CAPITAL MANAGEMENT LLC,Align Technology Inc,ALGN,2007-06-30,SH,1947500.0,47052000.0,1522500.0,24147000.0,0.3833,0.213,66,86,27.914614,addition,HEALTH CARE,3567
FARALLON CAPITAL MANAGEMENT LLC,Knology Inc,KNOL,2007-06-30,SH,2692600.0,46770000.0,2499510.0,39567000.0,0.381,0.349,67,64,7.725114,addition,CONSUMER DISCRETIONARY,11486
FARALLON CAPITAL MANAGEMENT LLC,Foster Wheeler AG,FWLT,2007-06-30,SH,860000.0,46006000.0,0.0,0.0,0.3748,,68,999999,,new,INDUSTRIALS,4810
FARALLON CAPITAL MANAGEMENT LLC,Applied Materials Inc.,AMAT,2007-06-30,SH,2257869.0,44864000.0,0.0,0.0,0.3655,,69,999999,,new,INFORMATION TECHNOLOGY,918
FARALLON CAPITAL MANAGEMENT LLC,Beacon Roofing Supply Inc,BECN,2007-06-30,SH,2515000.0,42730000.0,2117500.0,34261000.0,0.3481,0.3022,70,71,18.772137,addition,INDUSTRIALS,207
FARALLON CAPITAL MANAGEMENT LLC,Merrill Lynch & Co. Inc. Pharmaceutical HOLDRS Trust Depositary Receipts,PPHYL,2007-06-30,PUT,515300.0,42079000.0,0.0,0.0,0.3428,,71,999999,,new,FINANCE,5015
FARALLON CAPITAL MANAGEMENT LLC,The Medicines Co,MDCO,2007-06-30,SH,2370000.0,41759000.0,1973502.0,49495000.0,0.3402,0.4366,72,58,20.091087,addition,HEALTH CARE,2815
FARALLON CAPITAL MANAGEMENT LLC,McAfee Inc.,MFE,2007-06-30,SH,1125835.0,39629000.0,0.0,0.0,0.3228,,73,999999,,new,INFORMATION TECHNOLOGY,923
FARALLON CAPITAL MANAGEMENT LLC,Exelon Corp,EXC,2007-06-30,SH,762407.6,39480000.0,1542200.0,75581000.0,0.3216,0.6667,74,45,-50.563636,reduction,UTILITIES AND TELECOMMUNICATIONS,404
FARALLON CAPITAL MANAGEMENT LLC,American Express Co,AXP,2007-06-30,SH,635000.0,38849000.0,0.0,0.0,0.3165,,75,999999,,new,FINANCE,368
FARALLON CAPITAL MANAGEMENT LLC,Hercules Capital Inc,HTGC,2007-06-30,SH,2806181.0,37912000.0,2006181.0,27485000.0,0.3088,0.2424,76,79,39.876761,addition,FINANCE,7217
FARALLON CAPITAL MANAGEMENT LLC,Nokia Corp. ADR Class A ADR,NOK,2007-06-30,SH,1347000.0,37864000.0,0.0,0.0,0.3084,,77,999999,,new,INFORMATION TECHNOLOGY,4362
FARALLON CAPITAL MANAGEMENT LLC,EPL Oil & Gas Inc.,EPL,2007-06-30,SH,2257121.0,37671000.0,2950000.0,53543000.0,0.3069,0.4723,78,57,-23.487424,reduction,ENERGY,647
FARALLON CAPITAL MANAGEMENT LLC,Williams-Sonoma Inc.,WSM,2007-06-30,SH,1180000.0,37264000.0,545000.0,19326000.0,0.3035,0.1705,79,90,116.513761,addition,CONSUMER DISCRETIONARY,5191
FARALLON CAPITAL MANAGEMENT LLC,21st Century Fox Inc. Class B,TFCF,2007-06-30,SH,1752300.0,37166000.0,448000.0,10358000.0,0.3027,0.0914,80,108,291.138393,addition,COMMUNICATIONS,4047
FARALLON CAPITAL MANAGEMENT LLC,Kindred Healthcare Inc,KND,2007-06-30,SH,1200000.0,36864000.0,1000000.0,32780000.0,0.3003,0.2891,81,72,20.0,addition,HEALTH CARE,45660
FARALLON CAPITAL MANAGEMENT LLC,Sherwin-Williams Co.,SHW,2007-06-30,SH,1567500.0,34731000.0,1727889.0,38037000.0,0.2829,0.3355,82,68,-9.282367,reduction,MATERIALS,11358
FARALLON CAPITAL MANAGEMENT LLC,Constellation Energy Group,CEG,2007-06-30,SH,390000.0,33996000.0,0.0,0.0,0.2769,,83,999999,,new,UTILITIES AND TELECOMMUNICATIONS,3591
FARALLON CAPITAL MANAGEMENT LLC,Itron Inc.,ITRI,2007-06-30,SH,434783.0,33887000.0,0.0,0.0,0.276,,84,999999,,new,INFORMATION TECHNOLOGY,11485
FARALLON CAPITAL MANAGEMENT LLC,CUBIST PHARMACEUTICALS INC 01/22/2015Non-Confidential,CBST,2007-06-30,SH,1710000.0,33704000.0,2664400.0,58803000.0,0.2745,0.5187,85,55,-35.820447,reduction,HEALTH CARE,11454
FARALLON CAPITAL MANAGEMENT LLC,JDA Software Group,JDAS,2007-06-30,SH,1630478.0,32006000.0,1630478.0,24506000.0,0.2607,0.2162,86,84,0.0,,INFORMATION TECHNOLOGY,5441
FARALLON CAPITAL MANAGEMENT LLC,Lawson Software Inc,LWSN,2007-06-30,SH,3211380.0,31761000.0,2852500.0,23077000.0,0.2587,0.2036,87,87,12.581245,addition,INFORMATION TECHNOLOGY,243
FARALLON CAPITAL MANAGEMENT LLC,Capella Education Co,CPLA,2007-06-30,SH,653800.0,30094000.0,653800.0,21928000.0,0.2451,0.1934,88,88,0.0,,CONSUMER DISCRETIONARY,4016
FARALLON CAPITAL MANAGEMENT LLC,Wyndham Destinations Inc,TNL,2007-06-30,SH,788300.0,28584000.0,154000.0,5259000.0,0.2328,0.0464,89,119,411.883117,addition,CONSUMER DISCRETIONARY,1078
FARALLON CAPITAL MANAGEMENT LLC,Dynegy Inc. (DE) Class A,DYNIQ,2007-06-30,SH,566000.0,26715000.0,0.0,0.0,0.2176,,90,999999,,new,UTILITIES AND TELECOMMUNICATIONS,4078
FARALLON CAPITAL MANAGEMENT LLC,Vulcan Materials Company,VMC,2007-06-30,SH,230100.0,26356000.0,230100.0,26802000.0,0.2147,0.2364,91,80,0.0,,MATERIALS,3710
FARALLON CAPITAL MANAGEMENT LLC,BEA Systems Inc,BEAS,2007-06-30,SH,1901700.0,26034000.0,1285584.0,14900000.0,0.2121,0.1314,92,97,47.92499,addition,INFORMATION TECHNOLOGY,481
FARALLON CAPITAL MANAGEMENT LLC,Mindray Medical International Ltd. Class A,MR,2007-06-30,SH,850000.0,25951000.0,471800.0,11234000.0,0.2114,0.0991,93,105,80.161085,addition,HEALTH CARE,6861
FARALLON CAPITAL MANAGEMENT LLC,Staples Inc.,SPLS,2007-06-30,SH,1080000.0,25628000.0,0.0,0.0,0.2088,,94,999999,,new,CONSUMER DISCRETIONARY,823
FARALLON CAPITAL MANAGEMENT LLC,Entergy Corp.,ETR,2007-06-30,SH,234800.0,25206000.0,591600.0,62071000.0,0.2053,0.5475,95,52,-60.311021,reduction,UTILITIES AND TELECOMMUNICATIONS,3599
FARALLON CAPITAL MANAGEMENT LLC,ABB Ltd.,ABBNY,2007-06-30,SH,1106600.0,25009000.0,1106600.0,19011000.0,0.2037,0.1677,96,91,0.0,,INDUSTRIALS,2533
FARALLON CAPITAL MANAGEMENT LLC,Amplify CrowdBureau(R) Online Lending and Digital Banking ETF-Amplify CrowdBureau(R) Online Lending and Digital Banking ETF,LEND,2007-06-30,SH,1767299.0,24159000.0,1767299.0,16383000.0,0.1968,0.1445,97,94,0.0,,MUTUAL FUND,97417
FARALLON CAPITAL MANAGEMENT LLC,Chart Industries Inc,GTLS,2007-06-30,SH,799480.0,22737000.0,515456.0,9361000.0,0.1852,0.0826,98,111,55.101502,addition,INDUSTRIALS,5453
FARALLON CAPITAL MANAGEMENT LLC,United Therapeutics Corp,UTHR,2007-06-30,SH,700000.0,22316000.0,180000.0,4840000.0,0.1818,0.0427,99,120,288.888889,addition,HEALTH CARE,3372
FARALLON CAPITAL MANAGEMENT LLC,Orbimage Inc,GEOY,2007-06-30,SH,960565.0,20873000.0,960565.0,17175000.0,0.17,0.1515,100,93,0.0,,INDUSTRIALS,6358
FARALLON CAPITAL MANAGEMENT LLC,Acorn International Inc ADR,ATV,2007-06-30,SH,115530.0,18631000.0,0.0,0.0,0.1518,,101,999999,,new,COMMUNICATIONS,9929
FARALLON CAPITAL MANAGEMENT LLC,Williams Cos. (The),WMB,2007-06-30,SH,572700.0,18109000.0,3757700.0,106944000.0,0.1475,0.9433,102,30,-84.759294,reduction,ENERGY,532
FARALLON CAPITAL MANAGEMENT LLC,KBR Inc,KBR,2007-06-30,SH,685000.0,17968000.0,0.0,0.0,0.1464,,103,999999,,new,INDUSTRIALS,3898
FARALLON CAPITAL MANAGEMENT LLC,Freeport-McMoRan Copper & Gold Inc,FCX,2007-06-30,SH,387638.0,16052000.0,529604.0,17527000.0,0.1308,0.1546,104,92,-26.806066,reduction,MATERIALS,652
FARALLON CAPITAL MANAGEMENT LLC,CSX Corp,CSX,2007-06-30,SH,3060000.0,15327000.0,0.0,0.0,0.1249,,105,999999,,new,TRANSPORTS,220
FARALLON CAPITAL MANAGEMENT LLC,Focus Media Holdings Inc,FMCN,2007-06-30,SH,300000.0,15146000.0,0.0,0.0,0.1234,,106,999999,,new,CONSUMER DISCRETIONARY,4819
FARALLON CAPITAL MANAGEMENT LLC,Mediacom Communications Corp,MCCC,2007-06-30,SH,1511450.0,14646000.0,1511450.0,12303000.0,0.1193,0.1085,107,100,0.0,,CONSUMER DISCRETIONARY,4189
FARALLON CAPITAL MANAGEMENT LLC,Comcast Corp.  Class A,CMCSA,2007-06-30,CALL,800000.0,11248000.0,800000.0,10380000.0,0.0916,0.0916,108,107,0.0,,COMMUNICATIONS,3995
FARALLON CAPITAL MANAGEMENT LLC,Digene Corp,DIGE,2007-06-30,SH,180000.0,10809000.0,0.0,0.0,0.088,,109,999999,,new,HEALTH CARE,99793
FARALLON CAPITAL MANAGEMENT LLC,GATX Corporation (General American Tank - General American Transportation),GATX,2007-06-30,SH,218400.0,10756000.0,635000.0,30353000.0,0.0876,0.2677,110,73,-65.606299,reduction,INDUSTRIALS,5089
FARALLON CAPITAL MANAGEMENT LLC,Bancolombia SA ADR,CIB,2007-06-30,SH,312500.0,10259000.0,0.0,0.0,0.0836,,111,999999,,new,FINANCE,5052
FARALLON CAPITAL MANAGEMENT LLC,Apollo Group,APOL,2007-06-30,SH,175000.0,10225000.0,0.0,0.0,0.0833,,112,999999,,new,CONSUMER DISCRETIONARY,2826
FARALLON CAPITAL MANAGEMENT LLC,Baker Hughes Company,BKR,2007-06-30,SH,120000.0,10096000.0,122840.0,8123000.0,0.0822,0.0717,113,113,-2.311951,reduction,ENERGY,2502
FARALLON CAPITAL MANAGEMENT LLC,Iron Mountain Inc.,IRM,2007-06-30,SH,380000.0,9929000.0,0.0,0.0,0.0809,,114,999999,,new,INDUSTRIALS,5651
FARALLON CAPITAL MANAGEMENT LLC,Nektar Therapeutics Inc.,NKTR,2007-06-30,PRN,10500000.0,9155000.0,0.0,0.0,0.0746,,115,999999,,new,HEALTH CARE,11455
FARALLON CAPITAL MANAGEMENT LLC,Republic Services Inc.,RSG,2007-06-30,SH,267000.0,8181000.0,0.0,0.0,0.0666,,116,999999,,new,INDUSTRIALS,5160
FARALLON CAPITAL MANAGEMENT LLC,MidCap Financial Investment Corporation,MFIC,2007-06-30,SH,103956.27,6712000.0,127553.91,8190000.0,0.0547,0.0722,117,112,-18.500131,reduction,FINANCE,5207
FARALLON CAPITAL MANAGEMENT LLC,D&E Communications Inc,DECC,2007-06-30,SH,346157.0,6349000.0,346157.0,4611000.0,0.0517,0.0407,118,121,0.0,,COMMUNICATIONS,6124
FARALLON CAPITAL MANAGEMENT LLC,Carnival Corp.,CCL,2007-06-30,SH,121700.0,5935000.0,0.0,0.0,0.0483,,119,999999,,new,CONSUMER DISCRETIONARY,11342
FARALLON CAPITAL MANAGEMENT LLC,Magna Entertainment Inc Class A,MECAQ,2007-06-30,SH,945000.0,5519000.0,945000.0,6880000.0,0.045,0.0607,120,115,0.0,,CONSUMER DISCRETIONARY,75885
FARALLON CAPITAL MANAGEMENT LLC,Cascade Microtech Inc,CSCD,2007-06-30,SH,451893.0,5418000.0,486620.0,6934000.0,0.0441,0.0612,121,114,-7.136369,reduction,INFORMATION TECHNOLOGY,8667
FARALLON CAPITAL MANAGEMENT LLC,Linktone Ltd,LTONY,2007-06-30,SH,1700000.0,5321000.0,932111.0,3104000.0,0.0433,0.0274,122,128,82.381712,addition,COMMUNICATIONS,10198
FARALLON CAPITAL MANAGEMENT LLC,NetEase Inc ADR,NTES,2007-06-30,SH,1500000.0,5106000.0,0.0,0.0,0.0416,,123,999999,,new,COMMUNICATIONS,6030
FARALLON CAPITAL MANAGEMENT LLC,TXU Corp.,TXU,2007-06-30,SH,75600.0,5088000.0,250000.0,16025000.0,0.0414,0.1414,124,95,-69.76,reduction,UTILITIES AND TELECOMMUNICATIONS,97257
FARALLON CAPITAL MANAGEMENT LLC,Shanghai Century Acquisition Corp.,SHA,2007-06-30,SH,503400.0,4229000.0,503400.0,3871000.0,0.0344,0.0341,125,126,0.0,,FINANCE,4969
FARALLON CAPITAL MANAGEMENT LLC,Putnam Premier Income Trust,PPT,2007-06-30,SH,636700.0,4202000.0,1910197.0,12588000.0,0.0342,0.111,126,99,-66.668359,reduction,MUTUAL FUND,7513
FARALLON CAPITAL MANAGEMENT LLC,Halcon Resources Corp,HKRS,2007-06-30,SH,1477.63,4143000.0,1477.63,3539000.0,0.0337,0.0312,127,127,0.0,,ENERGY,8401
FARALLON CAPITAL MANAGEMENT LLC,Station Casinos Inc.,STN,2007-06-30,SH,42900.0,3724000.0,1480000.0,128124000.0,0.0303,1.1302,128,23,-97.101351,reduction,CONSUMER DISCRETIONARY,97260
FARALLON CAPITAL MANAGEMENT LLC,Delta Air Lines Inc.,DAL,2007-06-30,SH,162191.0,3195000.0,0.0,0.0,0.026,,129,999999,,new,TRANSPORTS,2421
FARALLON CAPITAL MANAGEMENT LLC,Ku6 Media Co Ltd ADR,KUTV,2007-06-30,SH,600000.0,2700000.0,600000.0,3084000.0,0.022,0.0272,130,129,0.0,,INFORMATION TECHNOLOGY,10185
FARALLON CAPITAL MANAGEMENT LLC,Hilltop Holdings Inc,HTH,2007-06-30,PRN,2000000.0,2350000.0,2000000.0,2405000.0,0.0191,0.0212,131,131,0.0,,REAL ESTATE,7219
FARALLON CAPITAL MANAGEMENT LLC,Fidelity National Financial Inc,FNF,2007-06-30,SH,137631.67,2265000.0,137631.67,2294000.0,0.0185,0.0202,132,132,0.0,,FINANCE,4333
FARALLON CAPITAL MANAGEMENT LLC,CHINA HLTHCR ACQ WTS,CHM-WT1,2007-06-30,SH,335000.0,2211000.0,0.0,0.0,0.018,,133,999999,,new, ,12526
FARALLON CAPITAL MANAGEMENT LLC,Continental Resources Inc,CLR,2007-06-30,SH,261600.0,2093000.0,0.0,0.0,0.017,,134,999999,,new,ENERGY,6338
FARALLON CAPITAL MANAGEMENT LLC,MEDecision Inc,MEDE,2007-06-30,SH,375000.0,1868000.0,375000.0,2434000.0,0.0152,0.0215,135,130,0.0,,HEALTH CARE,12232
FARALLON CAPITAL MANAGEMENT LLC,JMP Group LLC,JMP,2007-06-30,SH,175000.0,1829000.0,0.0,0.0,0.0149,,136,999999,,new,FINANCE,6643
FARALLON CAPITAL MANAGEMENT LLC,Cinemark Holdings Inc,CNK,2007-06-30,SH,100000.0,1789000.0,0.0,0.0,0.0146,,137,999999,,new,COMMUNICATIONS,7055
FARALLON CAPITAL MANAGEMENT LLC,Putnam Master Intermediate Income Trust,PIM,2007-06-30,SH,204900.0,1352000.0,636195.0,4173000.0,0.011,0.0368,138,125,-67.792894,reduction,MUTUAL FUND,8206
FARALLON CAPITAL MANAGEMENT LLC,HFF Inc,HF,2007-06-30,SH,55000.0,853000.0,125000.0,1875000.0,0.0069,0.0165,139,133,-56.0,reduction,REAL ESTATE,6849
FARALLON CAPITAL MANAGEMENT LLC,Expedia Group Inc,EXPE,2007-06-30,SH,11850.5,694000.0,0.0,0.0,0.0057,,140,999999,,new,CONSUMER DISCRETIONARY,936
FARALLON CAPITAL MANAGEMENT LLC,Quantum Corp,QMCO,2007-06-30,SH,27350.0,694000.0,27350.0,591000.0,0.0057,0.0052,141,137,0.0,,INFORMATION TECHNOLOGY,6421
FARALLON CAPITAL MANAGEMENT LLC,Booking Holdings Inc. (Priceline),BKNG,2007-06-30,SH,9853.0,677000.0,0.0,0.0,0.0055,,142,999999,,new,CONSUMER DISCRETIONARY,4288
FARALLON CAPITAL MANAGEMENT LLC,Smucker (J.M.) Co.,SJM,2007-06-30,SH,10163.0,647000.0,0.0,0.0,0.0053,,143,999999,,new,CONSUMER STAPLES,4381
FARALLON CAPITAL MANAGEMENT LLC,Koninklijke Philips Electronics NV ADR,PHG,2007-06-30,SH,15166.0,642000.0,0.0,0.0,0.0052,,144,999999,,new,INDUSTRIALS,6379
FARALLON CAPITAL MANAGEMENT LLC,Sunoco Inc.,SUN,2007-06-30,SH,7977.0,636000.0,0.0,0.0,0.0052,,145,999999,,new,ENERGY,2613
FARALLON CAPITAL MANAGEMENT LLC,OSI Pharmaceuticals Inc.,OSIP,2007-06-30,SH,17479.0,633000.0,0.0,0.0,0.0052,,146,999999,,new,HEALTH CARE,180
FARALLON CAPITAL MANAGEMENT LLC,AMR Corp,AAMRQ,2007-06-30,SH,23989.0,632000.0,801747.0,24413000.0,0.0051,0.2153,147,85,-97.007909,reduction,TRANSPORTS,1015
FARALLON CAPITAL MANAGEMENT LLC,Synopsys Inc.,SNPS,2007-06-30,SH,23853.0,630000.0,0.0,0.0,0.0051,,148,999999,,new,INFORMATION TECHNOLOGY,2681
FARALLON CAPITAL MANAGEMENT LLC,Virtus Diversified Income & Convertible Fund,ACV,2007-06-30,SH,26469.0,628000.0,0.0,0.0,0.0051,,149,999999,,new,MUTUAL FUND,4295
FARALLON CAPITAL MANAGEMENT LLC,Sothebys Holdings Inc.,BID,2007-06-30,SH,13634.0,627000.0,0.0,0.0,0.0051,,150,999999,,new,CONSUMER DISCRETIONARY,11400
FARALLON CAPITAL MANAGEMENT LLC,Andeavor,ANDV,2007-06-30,SH,10830.0,619000.0,5254.0,264000.0,0.005,0.0023,151,140,106.128664,addition,ENERGY,2684
FARALLON CAPITAL MANAGEMENT LLC,AEROPOSTALE INC (XNYS TO: XNAS),AROPQ,2007-06-30,SH,33239.25,616000.0,0.0,0.0,0.005,,152,999999,,new,CONSUMER DISCRETIONARY,599
FARALLON CAPITAL MANAGEMENT LLC,Southern Copper Corp.,SCCO,2007-06-30,SH,16839.0,529000.0,0.0,0.0,0.0043,,153,999999,,new,MATERIALS,87972
FARALLON CAPITAL MANAGEMENT LLC,NutriSystem Inc,NTRI,2007-06-30,SH,7538.0,526000.0,0.0,0.0,0.0043,,154,999999,,new,CONSUMER DISCRETIONARY,3383
FARALLON CAPITAL MANAGEMENT LLC,Valaris Class A,VALPQ,2007-06-30,SH,2090.25,510000.0,1158.5,252000.0,0.0042,0.0022,155,156,80.427277,addition,ENERGY,2736
FARALLON CAPITAL MANAGEMENT LLC,Overseas Shipholding Group Inc,OSG,2007-06-30,SH,1041.21,508000.0,0.0,0.0,0.0041,,156,999999,,new,TRANSPORTS,3489
FARALLON CAPITAL MANAGEMENT LLC,Rotech Healthcare Inc,ROHIQ,2007-06-30,SH,427760.0,462000.0,427760.0,731000.0,0.0038,0.0064,157,136,0.0,,HEALTH CARE,3406
FARALLON CAPITAL MANAGEMENT LLC,J. Crew Group Inc.,JCG,2007-06-30,SH,7427.0,402000.0,0.0,0.0,0.0033,,158,999999,,new,CONSUMER DISCRETIONARY,5607
FARALLON CAPITAL MANAGEMENT LLC,Massey Energy Company,MEE,2007-06-30,SH,14995.0,400000.0,0.0,0.0,0.0033,,159,999999,,new,ENERGY,684
FARALLON CAPITAL MANAGEMENT LLC,Crocs Inc,CROX,2007-06-30,SH,9222.0,397000.0,0.0,0.0,0.0032,,160,999999,,new,CONSUMER DISCRETIONARY,5
FARALLON CAPITAL MANAGEMENT LLC,Teekay Corp.,TK,2007-06-30,SH,6826.0,395000.0,0.0,0.0,0.0032,,161,999999,,new,ENERGY,5796
FARALLON CAPITAL MANAGEMENT LLC,Atwood Oceanics Inc.,ATW,2007-06-30,SH,11516.0,395000.0,0.0,0.0,0.0032,,162,999999,,new,ENERGY,4012
FARALLON CAPITAL MANAGEMENT LLC,Starz Series A,STRZA,2007-06-30,SH,29258.9,394000.0,0.0,0.0,0.0032,,163,999999,,new,CONSUMER DISCRETIONARY,3415
FARALLON CAPITAL MANAGEMENT LLC,eBay Inc.,EBAY,2007-06-30,SH,12230.0,394000.0,0.0,0.0,0.0032,,164,999999,,new,CONSUMER DISCRETIONARY,399
FARALLON CAPITAL MANAGEMENT LLC,Aircastle Ltd,AYR,2007-06-30,SH,9907.0,394000.0,0.0,0.0,0.0032,,165,999999,,new,INDUSTRIALS,6603
FARALLON CAPITAL MANAGEMENT LLC,Central European Media Enterprises Ltd.,CETV,2007-06-30,SH,4036.0,394000.0,0.0,0.0,0.0032,,166,999999,,new,COMMUNICATIONS,4859
FARALLON CAPITAL MANAGEMENT LLC,Icahn Enterprises LP,IEP,2007-06-30,SH,3862.0,393000.0,0.0,0.0,0.0032,,167,999999,,new,INDUSTRIALS,9659
FARALLON CAPITAL MANAGEMENT LLC,Darden Restaurants Inc,DRI,2007-06-30,SH,9995.58,393000.0,0.0,0.0,0.0032,,168,999999,,new,CONSUMER DISCRETIONARY,2638
FARALLON CAPITAL MANAGEMENT LLC,Noble Corp,NEBLQ,2007-06-30,SH,8044.0,392000.0,0.0,0.0,0.0032,,169,999999,,new,ENERGY,3479
FARALLON CAPITAL MANAGEMENT LLC,International Flavors and Fragrances Inc.,IFF,2007-06-30,SH,7525.0,392000.0,0.0,0.0,0.0032,,170,999999,,new,MATERIALS,5111
FARALLON CAPITAL MANAGEMENT LLC,Warner Bros.Discovery Inc,WBD,2007-06-30,SH,17027.0,391000.0,0.0,0.0,0.0032,,171,999999,,new,COMMUNICATIONS,3595
FARALLON CAPITAL MANAGEMENT LLC,Transocean Ltd,RIG,2007-06-30,SH,3692.0,391000.0,0.0,0.0,0.0032,,172,999999,,new,ENERGY,4160
FARALLON CAPITAL MANAGEMENT LLC,Rowan Companies Plc,RDC,2007-06-30,SH,9544.0,391000.0,0.0,0.0,0.0032,,173,999999,,new,ENERGY,3658
FARALLON CAPITAL MANAGEMENT LLC,CTC Media Inc,CTCM,2007-06-30,SH,14397.0,391000.0,0.0,0.0,0.0032,,174,999999,,new,CONSUMER DISCRETIONARY,637
FARALLON CAPITAL MANAGEMENT LLC,GlobalSantaFe Corp.,GSF,2007-06-30,SH,5397.0,390000.0,0.0,0.0,0.0032,,175,999999,,new,ENERGY,97269
FARALLON CAPITAL MANAGEMENT LLC,Mariner Energy Inc,ME,2007-06-30,SH,16087.0,390000.0,0.0,0.0,0.0032,,176,999999,,new,ENERGY,682
FARALLON CAPITAL MANAGEMENT LLC,John Wiley & Sons Inc.,WLY,2007-06-30,SH,8078.0,390000.0,0.0,0.0,0.0032,,177,999999,,new,COMMUNICATIONS,5190
FARALLON CAPITAL MANAGEMENT LLC,Diamond Offshore Drilling Inc,DOFSQ,2007-06-30,SH,3844.0,390000.0,0.0,0.0,0.0032,,178,999999,,new,ENERGY,3445
FARALLON CAPITAL MANAGEMENT LLC,FactSet Research Systems Inc,FDS,2007-06-30,SH,5713.0,390000.0,0.0,0.0,0.0032,,179,999999,,new,INFORMATION TECHNOLOGY,2646
FARALLON CAPITAL MANAGEMENT LLC,Superior Energy Services Inc,SPNV,2007-06-30,SH,974.8,389000.0,0.0,0.0,0.0032,,180,999999,,new,ENERGY,2819
FARALLON CAPITAL MANAGEMENT LLC,Copart Inc.,CPRT,2007-06-30,SH,203600.0,389000.0,0.0,0.0,0.0032,,181,999999,,new,INDUSTRIALS,2766
FARALLON CAPITAL MANAGEMENT LLC,Gartner Inc.,IT,2007-06-30,SH,15787.0,388000.0,0.0,0.0,0.0032,,182,999999,,new,INFORMATION TECHNOLOGY,3868
FARALLON CAPITAL MANAGEMENT LLC,OfficeMax Inc. (New),OMX,2007-06-30,SH,9865.0,388000.0,0.0,0.0,0.0032,,183,999999,,new,CONSUMER DISCRETIONARY,3636
FARALLON CAPITAL MANAGEMENT LLC,W&T Offshore Inc,WTI,2007-06-30,SH,13854.0,388000.0,0.0,0.0,0.0032,,184,999999,,new,ENERGY,5621
FARALLON CAPITAL MANAGEMENT LLC,Texas Industries Inc.,TXI,2007-06-30,SH,4942.0,388000.0,0.0,0.0,0.0032,,185,999999,,new,MATERIALS,6444
FARALLON CAPITAL MANAGEMENT LLC,Guess Inc,GES,2007-06-30,SH,8060.0,387000.0,0.0,0.0,0.0032,,186,999999,,new,CONSUMER DISCRETIONARY,5094
FARALLON CAPITAL MANAGEMENT LLC,McCormick & Co. Non-Voting Shares,MKC,2007-06-30,SH,20280.0,387000.0,0.0,0.0,0.0032,,187,999999,,new,CONSUMER STAPLES,5008
FARALLON CAPITAL MANAGEMENT LLC,Nabors Industries Ltd.,NBR,2007-06-30,SH,231.64,387000.0,0.0,0.0,0.0032,,188,999999,,new,ENERGY,4046
FARALLON CAPITAL MANAGEMENT LLC,Acuity Brands Inc (Holding Company),AYI,2007-06-30,SH,6396.0,386000.0,0.0,0.0,0.0031,,189,999999,,new,INDUSTRIALS,598
FARALLON CAPITAL MANAGEMENT LLC,Ford Motor Co.,F,2007-06-30,SH,40994.0,386000.0,0.0,0.0,0.0031,,190,999999,,new,CONSUMER DISCRETIONARY,4032
FARALLON CAPITAL MANAGEMENT LLC,Global Industries Ltd,GLBL,2007-06-30,SH,10333.0,277000.0,0.0,0.0,0.0023,,191,999999,,new,ENERGY,655
FARALLON CAPITAL MANAGEMENT LLC,EMCOR Group Inc.,EME,2007-06-30,SH,7518.0,274000.0,0.0,0.0,0.0022,,192,999999,,new,INDUSTRIALS,6140
FARALLON CAPITAL MANAGEMENT LLC,Amkor Technology Inc.,AMKR,2007-06-30,SH,17267.0,272000.0,0.0,0.0,0.0022,,193,999999,,new,INFORMATION TECHNOLOGY,931
FARALLON CAPITAL MANAGEMENT LLC,Cummins Inc,CMI,2007-06-30,SH,5350.0,271000.0,0.0,0.0,0.0022,,194,999999,,new,INDUSTRIALS,4863
FARALLON CAPITAL MANAGEMENT LLC,AK Steel Holding Corp.,AKS,2007-06-30,SH,7249.0,271000.0,0.0,0.0,0.0022,,195,999999,,new,MATERIALS,602
FARALLON CAPITAL MANAGEMENT LLC,CommScope Holding Co Inc,COMM,2007-06-30,SH,4638.0,271000.0,0.0,0.0,0.0022,,196,999999,,new,INFORMATION TECHNOLOGY,11383
FARALLON CAPITAL MANAGEMENT LLC,GOLF TRUST OF AMERICA INC,GTA,2007-06-30,SH,112200.0,269000.0,112200.0,208000.0,0.0022,0.0018,197,159,0.0,,FINANCE,7967
FARALLON CAPITAL MANAGEMENT LLC,RenaissanceRe Holdings Ltd,RNR,2007-06-30,SH,4327.0,268000.0,0.0,0.0,0.0022,,198,999999,,new,FINANCE,2614
FARALLON CAPITAL MANAGEMENT LLC,ASML Holding NV (ADR),ASML,2007-06-30,SH,6612.5,265000.0,0.0,0.0,0.0022,,199,999999,,new,INFORMATION TECHNOLOGY,5673
FARALLON CAPITAL MANAGEMENT LLC,Biogen Inc,BIIB,2007-06-30,SH,4872.0,261000.0,0.0,0.0,0.0021,,200,999999,,new,HEALTH CARE,4853
FARALLON CAPITAL MANAGEMENT LLC,Axis Capital Holdings Ltd,AXS,2007-06-30,SH,6400.0,260000.0,7564.0,256000.0,0.0021,0.0023,201,147,-15.388683,reduction,FINANCE,5676
FARALLON CAPITAL MANAGEMENT LLC,Celanese Corp,CE,2007-06-30,SH,6669.0,259000.0,0.0,0.0,0.0021,,202,999999,,new,MATERIALS,622
FARALLON CAPITAL MANAGEMENT LLC,AutoZone Inc.,AZO,2007-06-30,SH,1888.0,258000.0,0.0,0.0,0.0021,,203,999999,,new,CONSUMER DISCRETIONARY,2609
FARALLON CAPITAL MANAGEMENT LLC,Texas Instruments Inc.,TXN,2007-06-30,SH,6845.0,258000.0,0.0,0.0,0.0021,,204,999999,,new,INFORMATION TECHNOLOGY,128
FARALLON CAPITAL MANAGEMENT LLC,Teradyne Inc,TER,2007-06-30,SH,14613.0,257000.0,0.0,0.0,0.0021,,205,999999,,new,INFORMATION TECHNOLOGY,959
FARALLON CAPITAL MANAGEMENT LLC,Teleflex Inc.,TFX,2007-06-30,SH,3140.0,257000.0,0.0,0.0,0.0021,,206,999999,,new,INDUSTRIALS,2760
FARALLON CAPITAL MANAGEMENT LLC,Tyson Foods Inc.,TSN,2007-06-30,SH,11120.0,256000.0,0.0,0.0,0.0021,,207,999999,,new,CONSUMER STAPLES,4924
FARALLON CAPITAL MANAGEMENT LLC,Chevron Corp. (Standard Oil of California),CVX,2007-06-30,SH,3036.0,256000.0,0.0,0.0,0.0021,,208,999999,,new,ENERGY,214
FARALLON CAPITAL MANAGEMENT LLC,Kinetic Concepts Inc. (New),KCI,2007-06-30,SH,4918.0,256000.0,0.0,0.0,0.0021,,209,999999,,new,HEALTH CARE,4284
FARALLON CAPITAL MANAGEMENT LLC,L3 Technologies Inc,LLL,2007-06-30,SH,2702.43,253000.0,0.0,0.0,0.0021,,210,999999,,new,INDUSTRIALS,4348
FARALLON CAPITAL MANAGEMENT LLC,Intersil Corp.,ISIL,2007-06-30,SH,8047.0,253000.0,0.0,0.0,0.0021,,211,999999,,new,INFORMATION TECHNOLOGY,5114
FARALLON CAPITAL MANAGEMENT LLC,CompuWare Corp.,CPWR,2007-06-30,SH,21345.0,253000.0,0.0,0.0,0.0021,,212,999999,,new,INFORMATION TECHNOLOGY,3691
FARALLON CAPITAL MANAGEMENT LLC,Gen Digital Inc,GEN,2007-06-30,SH,12500.0,253000.0,0.0,0.0,0.0021,,213,999999,,new,INFORMATION TECHNOLOGY,466
FARALLON CAPITAL MANAGEMENT LLC,Everest Group Ltd,EG,2007-06-30,SH,2331.0,253000.0,0.0,0.0,0.0021,,214,999999,,new,FINANCE,3601
FARALLON CAPITAL MANAGEMENT LLC,PartnerRe Ltd.,PRE,2007-06-30,SH,3247.0,252000.0,3687.0,253000.0,0.0021,0.0022,215,153,-11.933822,reduction,FINANCE,11408
FARALLON CAPITAL MANAGEMENT LLC,Endurance Specialty Holdings Ltd,ENH,2007-06-30,SH,6277.0,251000.0,0.0,0.0,0.002,,216,999999,,new,FINANCE,4410
FARALLON CAPITAL MANAGEMENT LLC,ConocoPhillips (Phillips Petroleum),COP,2007-06-30,SH,3201.0,251000.0,0.0,0.0,0.002,,217,999999,,new,ENERGY,218
FARALLON CAPITAL MANAGEMENT LLC,Life Technologies Corp.,LIFE,2007-06-30,SH,6754.0,249000.0,0.0,0.0,0.002,,218,999999,,new,HEALTH CARE,72076
FARALLON CAPITAL MANAGEMENT LLC,Platinum Underwriters Holdings Ltd.,PTP,2007-06-30,SH,7159.0,249000.0,0.0,0.0,0.002,,219,999999,,new,FINANCE,3648
FARALLON CAPITAL MANAGEMENT LLC,Chubb Limited,CB,2007-06-30,SH,3981.0,249000.0,96961.0,5533000.0,0.002,0.0488,220,118,-95.894226,reduction,FINANCE,4845
FARALLON CAPITAL MANAGEMENT LLC,Sybase Inc.,SY,2007-06-30,SH,10430.0,249000.0,0.0,0.0,0.002,,221,999999,,new,INFORMATION TECHNOLOGY,11402
FARALLON CAPITAL MANAGEMENT LLC,Coca-Cola European Partners PLC,CCEP,2007-06-30,SH,10330.0,248000.0,0.0,0.0,0.002,,222,999999,,new,CONSUMER STAPLES,3689
FARALLON CAPITAL MANAGEMENT LLC,Commerce Group Inc. (MA),CGI,2007-06-30,SH,7138.0,248000.0,0.0,0.0,0.002,,223,999999,,new,FINANCE,5067
FARALLON CAPITAL MANAGEMENT LLC,Lumen Technologies Inc,LUMN,2007-06-30,SH,5039.0,247000.0,0.0,0.0,0.002,,224,999999,,new,UTILITIES AND TELECOMMUNICATIONS,2632
FARALLON CAPITAL MANAGEMENT LLC,Telephone and Data Systems Inc,TDS,2007-06-30,SH,3954.0,247000.0,0.0,0.0,0.002,,225,999999,,new,UTILITIES AND TELECOMMUNICATIONS,5173
FARALLON CAPITAL MANAGEMENT LLC,RS LEGACY CORP,RSHCQ,2007-06-30,SH,7428.0,246000.0,9350.0,253000.0,0.002,0.0022,226,154,-20.55615,reduction,CONSUMER DISCRETIONARY,508
FARALLON CAPITAL MANAGEMENT LLC,Gardner-Denver Inc.,GDI,2007-06-30,SH,5790.0,246000.0,0.0,0.0,0.002,,227,999999,,new,INDUSTRIALS,2651
FARALLON CAPITAL MANAGEMENT LLC,Odyssey Re Holdings Corp.,ORH,2007-06-30,SH,5734.0,246000.0,0.0,0.0,0.002,,228,999999,,new,FINANCE,698
FARALLON CAPITAL MANAGEMENT LLC,Adtalem Global Education Inc. (Kellery & Taylor Corp. -Devry Inc.),ATGE,2007-06-30,SH,7240.0,246000.0,0.0,0.0,0.002,,229,999999,,new,CONSUMER DISCRETIONARY,11384
FARALLON CAPITAL MANAGEMENT LLC,International Business Machines Corp.,IBM,2007-06-30,SH,2337.0,246000.0,0.0,0.0,0.002,,230,999999,,new,INFORMATION TECHNOLOGY,237
FARALLON CAPITAL MANAGEMENT LLC,Loews Corp,L,2007-06-30,SH,4802.0,245000.0,0.0,0.0,0.002,,231,999999,,new,FINANCE,246
FARALLON CAPITAL MANAGEMENT LLC,Chicago Bridge & Iron Co. NV,CBI,2007-06-30,SH,6498.0,245000.0,0.0,0.0,0.002,,232,999999,,new,INDUSTRIALS,5454
FARALLON CAPITAL MANAGEMENT LLC,United States Cellular Corp.,USM,2007-06-30,SH,2709.0,245000.0,0.0,0.0,0.002,,233,999999,,new,UTILITIES AND TELECOMMUNICATIONS,2822
FARALLON CAPITAL MANAGEMENT LLC,ITT Educational Services Inc.,ESINQ,2007-06-30,SH,2083.0,245000.0,0.0,0.0,0.002,,234,999999,,new,CONSUMER DISCRETIONARY,671
FARALLON CAPITAL MANAGEMENT LLC,Valero Energy Corp.,VLO,2007-06-30,SH,3317.0,245000.0,4035.0,260000.0,0.002,0.0023,235,143,-17.7943,reduction,ENERGY,514
FARALLON CAPITAL MANAGEMENT LLC,Dollar Tree Inc.,DLTR,2007-06-30,SH,16908.0,245000.0,0.0,0.0,0.002,,236,999999,,new,CONSUMER DISCRETIONARY,2640
FARALLON CAPITAL MANAGEMENT LLC,Chubb Corp.,CB,2007-06-30,SH,4521.0,245000.0,0.0,0.0,0.002,,237,999999,,new,FINANCE,4311
FARALLON CAPITAL MANAGEMENT LLC,Varian Semiconductor Equipment Associates Inc.,VSEA,2007-06-30,SH,6102.0,244000.0,0.0,0.0,0.002,,238,999999,,new,INFORMATION TECHNOLOGY,1004
FARALLON CAPITAL MANAGEMENT LLC,Assurant Inc.,AIZ,2007-06-30,SH,4142.0,244000.0,0.0,0.0,0.002,,239,999999,,new,FINANCE,4300
FARALLON CAPITAL MANAGEMENT LLC,McDonalds Corp.,MCD,2007-06-30,SH,4803.0,244000.0,0.0,0.0,0.002,,240,999999,,new,CONSUMER DISCRETIONARY,250
FARALLON CAPITAL MANAGEMENT LLC,Safeco Corp.,SAF,2007-06-30,SH,3896.0,243000.0,0.0,0.0,0.002,,241,999999,,new,FINANCE,60132
FARALLON CAPITAL MANAGEMENT LLC,Baxter International Inc.,BAX,2007-06-30,SH,4312.0,243000.0,0.0,0.0,0.002,,242,999999,,new,HEALTH CARE,206
FARALLON CAPITAL MANAGEMENT LLC,ExxonMobil Corp. (Standard Oil of New Jersey),XOM,2007-06-30,SH,2881.0,242000.0,0.0,0.0,0.002,,243,999999,,new,ENERGY,228
FARALLON CAPITAL MANAGEMENT LLC,Medco Health Solutions Inc.,MHS,2007-06-30,SH,6196.0,242000.0,0.0,0.0,0.002,,244,999999,,new,HEALTH CARE,430
FARALLON CAPITAL MANAGEMENT LLC,Lubrizol Corp.,LZ,2007-06-30,SH,3756.0,242000.0,0.0,0.0,0.002,,245,999999,,new,MATERIALS,11365
FARALLON CAPITAL MANAGEMENT LLC,Hasbro Inc.,HAS,2007-06-30,SH,7659.0,241000.0,0.0,0.0,0.002,,246,999999,,new,CONSUMER DISCRETIONARY,2610
FARALLON CAPITAL MANAGEMENT LLC,Marathon Oil Corp. (1901) (old U.S. Steel),MRO,2007-06-30,SH,4020.0,241000.0,0.0,0.0,0.002,,247,999999,,new,ENERGY,249
FARALLON CAPITAL MANAGEMENT LLC,Honeywell International Inc. (Allied Chemical and Dye - Allied Signal),HON,2007-06-30,SH,4296.65,241000.0,0.0,0.0,0.002,,248,999999,,new,INDUSTRIALS,416
FARALLON CAPITAL MANAGEMENT LLC,Occidental Petroleum Corp.,OXY,2007-06-30,SH,4179.09,241000.0,0.0,0.0,0.002,,249,999999,,new,ENERGY,442
FARALLON CAPITAL MANAGEMENT LLC,Sonoco Products Co.,SON,2007-06-30,SH,5640.0,241000.0,0.0,0.0,0.002,,250,999999,,new,MATERIALS,457
FARALLON CAPITAL MANAGEMENT LLC,ONEOK Inc. (Oklahoma Natural Gas),OKE,2007-06-30,SH,9550.0,241000.0,0.0,0.0,0.002,,251,999999,,new,UTILITIES AND TELECOMMUNICATIONS,1076
FARALLON CAPITAL MANAGEMENT LLC,Travelers Companies Inc. (The) (St. Paul Fire and Marine Insurance),TRV,2007-06-30,SH,4491.0,240000.0,4913.0,254000.0,0.002,0.0022,252,151,-8.589457,reduction,FINANCE,470
FARALLON CAPITAL MANAGEMENT LLC,Ambac Financial Group Inc,ABKFQ,2007-06-30,SH,2747.0,240000.0,0.0,0.0,0.002,,253,999999,,new,FINANCE,289
FARALLON CAPITAL MANAGEMENT LLC,Raytheon Co.,RTN,2007-06-30,SH,4427.0,239000.0,0.0,0.0,0.0019,,254,999999,,new,INDUSTRIALS,452
FARALLON CAPITAL MANAGEMENT LLC,American Financial Group Inc. (Holding Co.),AFG,2007-06-30,SH,6962.0,238000.0,0.0,0.0,0.0019,,255,999999,,new,FINANCE,604
FARALLON CAPITAL MANAGEMENT LLC,Walt Disney Co. (The),DIS,2007-06-30,SH,6966.0,238000.0,0.0,0.0,0.0019,,256,999999,,new,COMMUNICATIONS,395
FARALLON CAPITAL MANAGEMENT LLC,Parker-Hannifin Corp.,PH,2007-06-30,SH,3642.0,238000.0,0.0,0.0,0.0019,,257,999999,,new,INDUSTRIALS,448
FARALLON CAPITAL MANAGEMENT LLC,Endo International plc,ENDPQ,2007-06-30,SH,6962.0,238000.0,0.0,0.0,0.0019,,258,999999,,new,HEALTH CARE,5081
FARALLON CAPITAL MANAGEMENT LLC,Cadence Design Systems Inc.,CDNS,2007-06-30,SH,10859.0,238000.0,0.0,0.0,0.0019,,259,999999,,new,INFORMATION TECHNOLOGY,947
FARALLON CAPITAL MANAGEMENT LLC,Pall Corp.,PLL,2007-06-30,SH,5169.0,238000.0,0.0,0.0,0.0019,,260,999999,,new,INDUSTRIALS,447
FARALLON CAPITAL MANAGEMENT LLC,Regal Entertainment Group Class A,RGC,2007-06-30,SH,10869.0,238000.0,0.0,0.0,0.0019,,261,999999,,new,COMMUNICATIONS,709
FARALLON CAPITAL MANAGEMENT LLC,Unit Corp,UNTCQ,2007-06-30,SH,3775.0,237000.0,0.0,0.0,0.0019,,262,999999,,new,ENERGY,5804
FARALLON CAPITAL MANAGEMENT LLC,HCC Insurance Holdings,HCC,2007-06-30,SH,7108.0,237000.0,8307.0,256000.0,0.0019,0.0023,263,145,-14.43361,reduction,FINANCE,556
FARALLON CAPITAL MANAGEMENT LLC,Lockheed Martin Corp.,LMT,2007-06-30,SH,2521.0,237000.0,0.0,0.0,0.0019,,264,999999,,new,INDUSTRIALS,245
FARALLON CAPITAL MANAGEMENT LLC,United Rentals Inc.,URI,2007-06-30,SH,7277.0,237000.0,0.0,0.0,0.0019,,265,999999,,new,INDUSTRIALS,324
FARALLON CAPITAL MANAGEMENT LLC,King Pharmaceuticals Inc.,KG,2007-06-30,SH,11520.0,236000.0,13227.0,260000.0,0.0019,0.0023,266,142,-12.905421,reduction,HEALTH CARE,2660
FARALLON CAPITAL MANAGEMENT LLC,Novell Inc.,NOVL,2007-06-30,SH,30245.0,236000.0,0.0,0.0,0.0019,,267,999999,,new,INFORMATION TECHNOLOGY,810
FARALLON CAPITAL MANAGEMENT LLC,Lilly (Eli) & Co.,LLY,2007-06-30,SH,4220.0,236000.0,0.0,0.0,0.0019,,268,999999,,new,HEALTH CARE,244
FARALLON CAPITAL MANAGEMENT LLC,Coventry Health Care Inc.,CVH,2007-06-30,SH,4083.0,235000.0,0.0,0.0,0.0019,,269,999999,,new,HEALTH CARE,2637
FARALLON CAPITAL MANAGEMENT LLC,MetLife Inc.,MET,2007-06-30,SH,4088.57,235000.0,0.0,0.0,0.0019,,270,999999,,new,FINANCE,432
FARALLON CAPITAL MANAGEMENT LLC,Black & Decker Corp.,BDK,2007-06-30,SH,2660.0,235000.0,0.0,0.0,0.0019,,271,999999,,new,CONSUMER DISCRETIONARY,328
FARALLON CAPITAL MANAGEMENT LLC,United States Steel Corp.,X,2007-06-30,SH,2156.0,234000.0,0.0,0.0,0.0019,,272,999999,,new,MATERIALS,3679
FARALLON CAPITAL MANAGEMENT LLC,Qwest Communications International Inc.,Q,2007-06-30,SH,24102.0,234000.0,0.0,0.0,0.0019,,273,999999,,new,COMMUNICATIONS,302
FARALLON CAPITAL MANAGEMENT LLC,Merck & Co,MRK,2007-06-30,SH,4931.89,234000.0,6159.1,260000.0,0.0019,0.0023,274,144,-19.925151,reduction,HEALTH CARE,431
FARALLON CAPITAL MANAGEMENT LLC,Schering-Plough Inc.,SGP,2007-06-30,SH,7696.0,234000.0,0.0,0.0,0.0019,,275,999999,,new,HEALTH CARE,530
FARALLON CAPITAL MANAGEMENT LLC,Goldman Sachs Group Inc,GS,2007-06-30,SH,1079.0,234000.0,0.0,0.0,0.0019,,276,999999,,new,FINANCE,232
FARALLON CAPITAL MANAGEMENT LLC,Steelcase Inc. Class A,SCS,2007-06-30,SH,12615.0,233000.0,0.0,0.0,0.0019,,277,999999,,new,INDUSTRIALS,718
FARALLON CAPITAL MANAGEMENT LLC,Avnet Inc,AVT,2007-06-30,SH,5886.0,233000.0,0.0,0.0,0.0019,,278,999999,,new,INFORMATION TECHNOLOGY,375
FARALLON CAPITAL MANAGEMENT LLC,MGIC Investment Corp. (1984),MTG,2007-06-30,SH,4081.0,232000.0,4272.0,252000.0,0.0019,0.0022,279,157,-4.470974,reduction,FINANCE,2774
FARALLON CAPITAL MANAGEMENT LLC,Seaboard Corp. (Hathaway Bakeries),SEB,2007-06-30,SH,99.0,232000.0,0.0,0.0,0.0019,,280,999999,,new,CONSUMER STAPLES,3494
FARALLON CAPITAL MANAGEMENT LLC,Novellus Systems Inc.,NVLS,2007-06-30,SH,8195.0,232000.0,0.0,0.0,0.0019,,281,999999,,new,INFORMATION TECHNOLOGY,953
FARALLON CAPITAL MANAGEMENT LLC,Pfizer Inc.,PFE,2007-06-30,SH,9569.27,232000.0,0.0,0.0,0.0019,,282,999999,,new,HEALTH CARE,265
FARALLON CAPITAL MANAGEMENT LLC,Convergys Corp.,CVG,2007-06-30,SH,9537.0,231000.0,0.0,0.0,0.0019,,283,999999,,new,INFORMATION TECHNOLOGY,633
FARALLON CAPITAL MANAGEMENT LLC,Deluxe Corp.,DLX,2007-06-30,SH,5699.0,231000.0,0.0,0.0,0.0019,,284,999999,,new,INDUSTRIALS,550
FARALLON CAPITAL MANAGEMENT LLC,BMC Software Inc,BMC,2007-06-30,SH,7639.0,231000.0,0.0,0.0,0.0019,,285,999999,,new,INFORMATION TECHNOLOGY,932
FARALLON CAPITAL MANAGEMENT LLC,Aetna Inc.,AET,2007-06-30,SH,4685.0,231000.0,0.0,0.0,0.0019,,286,999999,,new,HEALTH CARE,11337
FARALLON CAPITAL MANAGEMENT LLC,AVX Corp.,AVX,2007-06-30,SH,13815.0,231000.0,0.0,0.0,0.0019,,287,999999,,new,INFORMATION TECHNOLOGY,611
FARALLON CAPITAL MANAGEMENT LLC,Total System Services Inc,TSS,2007-06-30,SH,7679.0,227000.0,0.0,0.0,0.0018,,288,999999,,new,FINANCE,726
FARALLON CAPITAL MANAGEMENT LLC,CIT Group Inc. (2002),CITGQ,2007-06-30,SH,4149.0,227000.0,0.0,0.0,0.0018,,289,999999,,new,FINANCE,2415
FARALLON CAPITAL MANAGEMENT LLC,Merrill Lynch & Co. Inc.,MER,2007-06-30,SH,2702.0,226000.0,0.0,0.0,0.0018,,290,999999,,new,FINANCE,2522
FARALLON CAPITAL MANAGEMENT LLC,Mattel Inc.,MAT,2007-06-30,SH,8945.0,226000.0,0.0,0.0,0.0018,,291,999999,,new,CONSUMER DISCRETIONARY,4892
FARALLON CAPITAL MANAGEMENT LLC,Big Lots Inc,BIG,2007-06-30,SH,7633.0,225000.0,0.0,0.0,0.0018,,292,999999,,new,CONSUMER DISCRETIONARY,756
FARALLON CAPITAL MANAGEMENT LLC,Vishay Intertechnology Inc.,VSH,2007-06-30,SH,13870.0,219000.0,0.0,0.0,0.0018,,293,999999,,new,INFORMATION TECHNOLOGY,2695
FARALLON CAPITAL MANAGEMENT LLC,NVR Inc,NVR,2007-06-30,SH,322.0,219000.0,0.0,0.0,0.0018,,294,999999,,new,CONSUMER DISCRETIONARY,2611
FARALLON CAPITAL MANAGEMENT LLC,PDL BioPharma Inc.,PDLI,2007-06-30,SH,9288.0,216000.0,0.0,0.0,0.0018,,295,999999,,new,HEALTH CARE,11330
FARALLON CAPITAL MANAGEMENT LLC,NBTY Inc.,NTY,2007-06-30,SH,4831.0,209000.0,0.0,0.0,0.0017,,296,999999,,new,CONSUMER STAPLES,691
FARALLON CAPITAL MANAGEMENT LLC,ATMEL CORP;COM USD0.001,ATML,2007-06-30,SH,21129.0,117000.0,0.0,0.0,0.001,,297,999999,,new,INFORMATION TECHNOLOGY,5051
FARALLON CAPITAL MANAGEMENT LLC,3Com Corp.,COMS-1,2007-06-30,SH,0.0,0.0,3000000.0,11730000.0,,0.1035,999999,102,-100.0,soldall,INFORMATION TECHNOLOGY,187
FARALLON CAPITAL MANAGEMENT LLC,Cardinal Health Inc.,CAH,2007-06-30,SH,0.0,0.0,835200.0,60928000.0,,0.5374,999999,53,-100.0,soldall,HEALTH CARE,292
FARALLON CAPITAL MANAGEMENT LLC,Target Corp.,TGT,2007-06-30,SH,0.0,0.0,1448500.0,85838000.0,,0.7572,999999,40,-100.0,soldall,CONSUMER DISCRETIONARY,305
FARALLON CAPITAL MANAGEMENT LLC,Exelon Corp,EXC,2007-06-30,PUT,0.0,0.0,280400.0,13742000.0,,0.1212,999999,98,-100.0,soldall,UTILITIES AND TELECOMMUNICATIONS,404
FARALLON CAPITAL MANAGEMENT LLC,Sun Microsystems Inc.,JAVA,2007-06-30,SH,0.0,0.0,2648.5,64000.0,,0.0006,999999,160,-100.0,soldall,INFORMATION TECHNOLOGY,465
FARALLON CAPITAL MANAGEMENT LLC,Berkeley (W.R.) Corp.,WRB,2007-06-30,SH,0.0,0.0,17248.5,254000.0,,0.0022,999999,152,-100.0,soldall,FINANCE,543
FARALLON CAPITAL MANAGEMENT LLC,Kroger Co.,KR,2007-06-30,SH,0.0,0.0,18054.0,255000.0,,0.0022,999999,149,-100.0,soldall,CONSUMER STAPLES,677
FARALLON CAPITAL MANAGEMENT LLC,American Eagle Outfitters Inc,AEO,2007-06-30,SH,0.0,0.0,8423.0,253000.0,,0.0022,999999,155,-100.0,soldall,CONSUMER DISCRETIONARY,749
FARALLON CAPITAL MANAGEMENT LLC,Bed Bath & Beyond Inc.,BBBYQ,2007-06-30,SH,0.0,0.0,3414600.0,137164000.0,,1.2099,999999,19,-100.0,soldall,CONSUMER DISCRETIONARY,755
FARALLON CAPITAL MANAGEMENT LLC,US Airways Group Inc.,LCC,2007-06-30,SH,0.0,0.0,651216.0,29617000.0,,0.2612,999999,74,-100.0,soldall,TRANSPORTS,910
FARALLON CAPITAL MANAGEMENT LLC,MEMC Electronic Materials Inc.,WFR,2007-06-30,SH,0.0,0.0,4343.0,263000.0,,0.0023,999999,141,-100.0,soldall,INFORMATION TECHNOLOGY,969
FARALLON CAPITAL MANAGEMENT LLC,Sanderson Farms Inc.,SAFM,2007-06-30,SH,0.0,0.0,676500.0,25071000.0,,0.2211,999999,82,-100.0,soldall,CONSUMER STAPLES,2677
FARALLON CAPITAL MANAGEMENT LLC,PMI Group Inc.,PMI,2007-06-30,SH,0.0,0.0,5611.0,254000.0,,0.0022,999999,150,-100.0,soldall,FINANCE,2711
FARALLON CAPITAL MANAGEMENT LLC,Radian Group Inc.,RDN,2007-06-30,SH,0.0,0.0,4562.0,250000.0,,0.0022,999999,158,-100.0,soldall,FINANCE,2712
FARALLON CAPITAL MANAGEMENT LLC,America Movil S.A.B.DE C.V.,AMX,2007-06-30,SH,0.0,0.0,1595000.0,38113000.0,,0.3362,999999,67,-100.0,soldall,UTILITIES AND TELECOMMUNICATIONS,3509
FARALLON CAPITAL MANAGEMENT LLC,Citadel Broadcasting Corp. (Old),CTDBQ,2007-06-30,PRN,0.0,0.0,5240000.0,4428000.0,,0.0391,999999,123,-100.0,soldall,CONSUMER DISCRETIONARY,3532
FARALLON CAPITAL MANAGEMENT LLC,Ares Capital Corp,ARCC,2007-06-30,SH,0.0,0.0,350000.0,6360000.0,,0.0561,999999,117,-100.0,soldall,FINANCE,3901
FARALLON CAPITAL MANAGEMENT LLC,Atherogenics Inc,AGIXQ,2007-06-30,PUT,0.0,0.0,116700.0,328000.0,,0.0029,999999,138,-100.0,soldall,HEALTH CARE,3907
FARALLON CAPITAL MANAGEMENT LLC,iShares U.S. Real Estate ETF-iShares U.S. Real Estate ETF,IYR,2007-06-30,PUT,0.0,0.0,455500.0,38827000.0,,0.3425,999999,65,-100.0,soldall,REAL ESTATE,3940
FARALLON CAPITAL MANAGEMENT LLC,Mastercard Inc,MA,2007-06-30,SH,0.0,0.0,13514000.0,143573000.0,,1.2664,999999,17,-100.0,soldall,FINANCE,4044
FARALLON CAPITAL MANAGEMENT LLC,Alphabet Inc. Class A,GOOGL,2007-06-30,SH,0.0,0.0,3330000.0,76284000.0,,0.6729,999999,44,-100.0,soldall,COMMUNICATIONS,4112
FARALLON CAPITAL MANAGEMENT LLC,Accenture Plc,ACN,2007-06-30,SH,0.0,0.0,6647.0,256000.0,,0.0023,999999,146,-100.0,soldall,INFORMATION TECHNOLOGY,4409
FARALLON CAPITAL MANAGEMENT LLC,Amdocs Ltd,DOX,2007-06-30,SH,0.0,0.0,1196500.0,43648000.0,,0.385,999999,63,-100.0,soldall,INFORMATION TECHNOLOGY,4826
FARALLON CAPITAL MANAGEMENT LLC,PHH Corp,PHH,2007-06-30,SH,0.0,0.0,705000.0,21545000.0,,0.19,999999,89,-100.0,soldall,INDUSTRIALS,4963
FARALLON CAPITAL MANAGEMENT LLC,Shaw Communications Inc Class B,SJR,2007-06-30,SH,0.0,0.0,1510600.0,27869000.0,,0.2458,999999,77,-100.0,soldall,COMMUNICATIONS,5567
FARALLON CAPITAL MANAGEMENT LLC,Teck Resources Ltd,TECK,2007-06-30,SH,0.0,0.0,2530000.0,88232000.0,,0.7783,999999,37,-100.0,soldall,MATERIALS,5572
FARALLON CAPITAL MANAGEMENT LLC,JA Solar Holdings Co. Ltd.,JASO,2007-06-30,SH,0.0,0.0,150000.0,4523000.0,,0.0399,999999,122,-100.0,soldall,INDUSTRIALS,5608
FARALLON CAPITAL MANAGEMENT LLC,Ryanair Holdings ADR,RYAAY,2007-06-30,SH,0.0,0.0,19371.3,890000.0,,0.0079,999999,135,-100.0,soldall,TRANSPORTS,5951
FARALLON CAPITAL MANAGEMENT LLC,Casella Waste Systems Inc,CWST,2007-06-30,SH,0.0,0.0,1178002.0,11497000.0,,0.1014,999999,103,-100.0,soldall,INDUSTRIALS,6821
FARALLON CAPITAL MANAGEMENT LLC,Melco Resorts & Entertainment Limited AD ADR,MLCO,2007-06-30,SH,0.0,0.0,700000.0,11298000.0,,0.0997,999999,104,-100.0,soldall,CONSUMER DISCRETIONARY,6858
FARALLON CAPITAL MANAGEMENT LLC,PT Indonesian TBK ADR,PTINY,2007-06-30,SH,0.0,0.0,192500.0,6510000.0,,0.0574,999999,116,-100.0,soldall,COMMUNICATIONS,6872
FARALLON CAPITAL MANAGEMENT LLC,MabVax Therapeutics Holdings Inc,MBVXQ,2007-06-30,SH,0.0,0.0,149.84,4344000.0,,0.0383,999999,124,-100.0,soldall,HEALTH CARE,7626
FARALLON CAPITAL MANAGEMENT LLC,Grubb & Ellis Realty Advisors Inc.,GAV,2007-06-30,SH,0.0,0.0,52200.0,297000.0,,0.0026,999999,139,-100.0,soldall,FINANCE,10027
FARALLON CAPITAL MANAGEMENT LLC,Embarq Corp.,EQ,2007-06-30,SH,0.0,0.0,208872.0,11770000.0,,0.1038,999999,101,-100.0,soldall,COMMUNICATIONS,11385
FARALLON CAPITAL MANAGEMENT LLC,Mechel PAO American Depositary Shares ADR,MTL,2007-06-30,SH,0.0,0.0,439800.0,9749000.0,,0.086,999999,110,-100.0,soldall,MATERIALS,11487
FARALLON CAPITAL MANAGEMENT LLC,Lorillard Inc,LO,2007-06-30,SH,0.0,0.0,3390.0,256000.0,,0.0023,999999,148,-100.0,soldall,CONSUMER STAPLES,45960
FARALLON CAPITAL MANAGEMENT LLC,Biosite Inc,BSTE,2007-06-30,SH,0.0,0.0,118000.0,9908000.0,,0.0874,999999,109,-100.0,soldall,HEALTH CARE,98652
FARALLON CAPITAL MANAGEMENT LLC,Eschelon Telecom Inc,ESCH,2007-06-30,SH,0.0,0.0,55669.0,1609000.0,,0.0142,999999,134,-100.0,soldall,COMMUNICATIONS,100372
FARALLON CAPITAL MANAGEMENT LLC,Highland Hospitality Corp.,HIH,2007-06-30,SH,0.0,0.0,599200.0,10666000.0,,0.0941,999999,106,-100.0,soldall,FINANCE,107212
FARALLON CAPITAL MANAGEMENT LLC,Mills Corp. (The),MLS,2007-06-30,SH,0.0,0.0,6145000.0,155161000.0,,1.3687,999999,15,-100.0,soldall,FINANCE,107318
FARALLON CAPITAL MANAGEMENT LLC,Realogy Corp.,H,2007-06-30,SH,0.0,0.0,10475500.0,310180000.0,,2.7361,999999,5,-100.0,soldall,FINANCE,107484
FARALLON CAPITAL MANAGEMENT LLC,ServiceMaster Co,SVM,2007-06-30,SH,0.0,0.0,1655000.0,25470000.0,,0.2247,999999,81,-100.0,soldall,CONSUMER DISCRETIONARY,107538
