Filer Name,Stock Name,Stock Ticker,Quarter Date,Type of Security,Current Shares Held,Current Market Value,Previous Shares Held,Previous Market Value,Current % of Portfolio,Previous % of Portfolio,Current Rank,Previous Rank,Change in Shares,Type of Change,Sector,stock_id
FARALLON CAPITAL MANAGEMENT LLC,AT&T Wireless Services Inc.,AWE,2004-09-30,SH,51035300.0,754302000.0,34979000.0,500899000.0,15.2751,11.5759,1,2,45.902684,addition,COMMUNICATIONS,98229
FARALLON CAPITAL MANAGEMENT LLC,CapitalSource Inc.,CSE,2004-09-30,SH,22996646.0,513745000.0,22996646.0,562268000.0,10.4036,12.9941,2,1,0.0,,FINANCE,2547
FARALLON CAPITAL MANAGEMENT LLC,Bank of America Corp. (North Carolina National Bank),BAC,2004-09-30,SH,8578571.0,371709000.0,8888570.0,376075000.0,7.5273,8.6912,3,3,-3.487614,reduction,FINANCE,205
FARALLON CAPITAL MANAGEMENT LLC,SPDR(R) Portfolio Mortgage Backed Bond ETF-SPDR(R) Portfolio Mortgage Backed Bond ETF,SPMB,2004-09-30,SH,3085100.0,211792000.0,2479000.0,170159000.0,4.2889,3.9324,4,5,24.449375,addition,MUTUAL FUND,107351
FARALLON CAPITAL MANAGEMENT LLC,Rouse Co.,RSE,2004-09-30,SH,2909900.0,194614000.0,0.0,0.0,3.941,,5,999999,,new,FINANCE,104667
FARALLON CAPITAL MANAGEMENT LLC,Caesars Entertainment Inc.,CZR,2004-09-30,SH,9860000.0,164661000.0,592300.0,8884000.0,3.3345,0.2053,6,74,1564.696944,addition,CONSUMER DISCRETIONARY,97171
FARALLON CAPITAL MANAGEMENT LLC,DPL Incorporated,DPL,2004-09-30,SH,7036500.0,144811000.0,5936900.0,115295000.0,2.9325,2.6645,7,7,18.521451,addition,UTILITIES AND TELECOMMUNICATIONS,4992
FARALLON CAPITAL MANAGEMENT LLC,PG&E Corp. (Pacific Gas & Electric),PCG,2004-09-30,SH,4592997.0,139627000.0,4592997.0,128328000.0,2.8275,2.9657,8,6,0.0,,UTILITIES AND TELECOMMUNICATIONS,4367
FARALLON CAPITAL MANAGEMENT LLC,Elevance Health Inc,ELV,2004-09-30,SH,3116000.0,135935000.0,2075000.0,92919000.0,2.7528,2.1474,9,9,50.168675,addition,HEALTH CARE,175259
FARALLON CAPITAL MANAGEMENT LLC,OfficeMax Inc. (New),OMX,2004-09-30,SH,3075864.0,102365000.0,1809364.0,68104000.0,2.073,1.5739,10,13,69.996971,addition,CONSUMER DISCRETIONARY,3636
FARALLON CAPITAL MANAGEMENT LLC,Amylin Pharmaceuticals,AMLN,2004-09-30,SH,4986000.0,102313000.0,4476100.0,102055000.0,2.0719,2.3585,11,8,11.391613,addition,HEALTH CARE,3576
FARALLON CAPITAL MANAGEMENT LLC,National Commerce Financial Corp. (TN),NCF,2004-09-30,SH,2714800.0,94352000.0,2090400.0,67938000.0,1.9107,1.5701,12,14,29.869881,addition,FINANCE,103249
FARALLON CAPITAL MANAGEMENT LLC,Southtrust corp,sotr,2004-09-30,SH,2249800.0,93727000.0,255000.0,9897000.0,1.898,0.2287,13,67,782.27451,addition, ,107521
FARALLON CAPITAL MANAGEMENT LLC,Essendant Inc,ESND,2004-09-30,SH,4122994.0,89469000.0,4122994.0,81883000.0,1.8118,1.8923,14,11,0.0,,INDUSTRIALS,2690
FARALLON CAPITAL MANAGEMENT LLC,Laboratory Corp of America Holdings,LH,2004-09-30,SH,2287260.0,85910000.0,2422866.0,82636000.0,1.7397,1.9097,15,10,-5.596925,reduction,HEALTH CARE,564
FARALLON CAPITAL MANAGEMENT LLC,Atherogenics Inc,AGIXQ,2004-09-30,SH,2500000.0,82375000.0,1427508.0,27165000.0,1.6681,0.6278,16,33,75.130367,addition,HEALTH CARE,3907
FARALLON CAPITAL MANAGEMENT LLC,NPS PHARMACEUTICALS INC,NPSP,2004-09-30,PRN,62700000.0,60192000.0,0.0,0.0,1.2189,,17,999999,,new,HEALTH CARE,4087
FARALLON CAPITAL MANAGEMENT LLC,Platinum Underwriters Holdings Ltd.,PTP,2004-09-30,SH,1989800.0,58261000.0,1389200.0,42273000.0,1.1798,0.9769,18,24,43.233516,addition,FINANCE,3648
FARALLON CAPITAL MANAGEMENT LLC,Sealed Air Corp.,SEE,2004-09-30,SH,2400000.0,55620000.0,2400000.0,63924000.0,1.1263,1.4773,19,16,0.0,,MATERIALS,3662
FARALLON CAPITAL MANAGEMENT LLC,PeopleSoft Inc.,PSFT,2004-09-30,SH,2700000.0,53595000.0,30525.0,565000.0,1.0853,0.0131,20,112,8745.208845,addition,INFORMATION TECHNOLOGY,107441
FARALLON CAPITAL MANAGEMENT LLC,Medtronic Plc,MDT,2004-09-30,PRN,49320000.0,50615000.0,54320000.0,55203000.0,1.025,1.2758,21,18,-9.204713,reduction,HEALTH CARE,297
FARALLON CAPITAL MANAGEMENT LLC,Nutrien Ltd,NTR,2004-09-30,SH,769000.0,49347000.0,426000.0,41279000.0,0.9993,0.954,22,25,80.516432,reduction,MATERIALS,267
FARALLON CAPITAL MANAGEMENT LLC,Banco LatinoAmero de Comercio Exterior S,BLX,2004-09-30,SH,3136712.0,48149000.0,3071512.0,48161000.0,0.975,1.113,23,20,2.122733,addition,FINANCE,8370
FARALLON CAPITAL MANAGEMENT LLC,Allied Waste Industries Inc.,AW,2004-09-30,SH,947900.0,47934000.0,897900.0,64002000.0,0.9707,1.4791,24,15,5.568549,addition,INDUSTRIALS,4005
FARALLON CAPITAL MANAGEMENT LLC,CoreCivic Inc. (Corrections Corp. of America),CXW,2004-09-30,SH,3900000.0,45968000.0,1660200.0,21854000.0,0.9309,0.5051,25,43,134.911456,addition,REAL ESTATE,4021
FARALLON CAPITAL MANAGEMENT LLC,Freddie Mac (Federal Home Loan Mortgage Corp.),FMCC,2004-09-30,SH,687500.0,44853000.0,0.0,0.0,0.9083,,26,999999,,new,FINANCE,2416
FARALLON CAPITAL MANAGEMENT LLC,Phelps Dodge Corp.,PD,2004-09-30,SH,952400.0,43825000.0,982400.0,38073000.0,0.8875,0.8799,27,26,-3.053746,reduction,MATERIALS,103873
FARALLON CAPITAL MANAGEMENT LLC,Arch Capital Group Ltd.,ACGL,2004-09-30,SH,10041192.0,43445000.0,7090416.0,31418000.0,0.8798,0.7261,28,30,41.616402,addition,FINANCE,6468
FARALLON CAPITAL MANAGEMENT LLC,Liberty Media Group Inc. Class A,LMCA,2004-09-30,SH,4888700.0,42629000.0,4888700.0,43949000.0,0.8633,1.0157,29,22,0.0,,CONSUMER DISCRETIONARY,107293
FARALLON CAPITAL MANAGEMENT LLC,CEMEX S.A. de C.V. Series A (Sponsored ADR) ADR,CX,2004-09-30,SH,2981680.0,40339000.0,1674400.0,23426000.0,0.8169,0.5414,30,39,78.074534,addition,MATERIALS,5509
FARALLON CAPITAL MANAGEMENT LLC,Province Healthcare Company,PRV,2004-09-30,SH,1845000.0,38597000.0,0.0,0.0,0.7816,,31,999999,,new,HEALTH CARE,104208
FARALLON CAPITAL MANAGEMENT LLC,Countrywide Financial Corp.,CFC,2004-09-30,SH,945000.0,37224000.0,1509688.0,53028000.0,0.7538,1.2255,32,19,-37.404285,reduction,FINANCE,772
FARALLON CAPITAL MANAGEMENT LLC,Anesiva Inc.,ANSVQ,2004-09-30,SH,2166683.0,36985000.0,2014883.0,32480000.0,0.749,0.7506,33,28,7.533936,addition, ,106968
FARALLON CAPITAL MANAGEMENT LLC,Granite Real Estate Investment Trusts,GRP.U,2004-09-30,SH,1393300.0,35250000.0,1029200.0,27788000.0,0.7138,0.6422,34,32,35.376992,addition,REAL ESTATE,139082
FARALLON CAPITAL MANAGEMENT LLC,Ligand Pharmaceuticals Inc.,LGND,2004-09-30,PRN,5023737.88,33018000.0,0.0,0.0,0.6686,,35,999999,,new,HEALTH CARE,7325
FARALLON CAPITAL MANAGEMENT LLC,Freeport-McMoRan Copper & Gold Inc,FCX,2004-09-30,SH,1533000.0,31043000.0,1183000.0,19608000.0,0.6286,0.4531,36,46,29.585799,addition,MATERIALS,652
FARALLON CAPITAL MANAGEMENT LLC,Sina Corp,SINA,2004-09-30,PRN,23300000.0,30407000.0,0.0,0.0,0.6158,,37,999999,,new,COMMUNICATIONS,5478
FARALLON CAPITAL MANAGEMENT LLC,DST Systems Inc. (DE),DST,2004-09-30,SH,1355800.0,30146000.0,1355800.0,32600000.0,0.6105,0.7534,38,27,0.0,,INFORMATION TECHNOLOGY,4025
FARALLON CAPITAL MANAGEMENT LLC,MabVax Therapeutics Holdings Inc,MBVXQ,2004-09-30,SH,250.07,29775000.0,204.19,26023000.0,0.603,0.6014,39,35,22.469269,addition,HEALTH CARE,7626
FARALLON CAPITAL MANAGEMENT LLC,Montpelier Re Holdings Ltd,MRH,2004-09-30,SH,800700.0,29370000.0,915400.0,31993000.0,0.5948,0.7394,40,29,-12.530042,reduction,FINANCE,4896
FARALLON CAPITAL MANAGEMENT LLC,Charter Communications Inc. (Old) Class A,CHTRQ,2004-09-30,PRN,31525000.0,28767000.0,31525000.0,30185000.0,0.5825,0.6976,41,31,0.0,,CONSUMER DISCRETIONARY,6900
FARALLON CAPITAL MANAGEMENT LLC,Williams Cos. (The),WMB,2004-09-30,SH,2184300.0,26430000.0,1934300.0,23018000.0,0.5352,0.532,42,40,12.924572,addition,ENERGY,532
FARALLON CAPITAL MANAGEMENT LLC,TV Azteca S.A. de C.V. ADR,TZA,2004-09-30,SH,2569300.0,26001000.0,3046000.0,26317000.0,0.5265,0.6082,43,34,-15.650033,reduction,CONSUMER DISCRETIONARY,107555
FARALLON CAPITAL MANAGEMENT LLC,City Investing Co. Liquidating Trust,CNVLZ,2004-09-30,SH,12383151.0,24271000.0,12376846.0,24382000.0,0.4915,0.5635,44,38,0.050942,addition,FINANCE,170911
FARALLON CAPITAL MANAGEMENT LLC,Methanex Corp,MEOH,2004-09-30,SH,1600000.0,24112000.0,1691301.0,22427000.0,0.4883,0.5183,45,41,-5.39827,reduction,MATERIALS,687
FARALLON CAPITAL MANAGEMENT LLC,Grupo Televisa S.A. GDR,TV,2004-09-30,SH,1820800.0,24003000.0,0.0,0.0,0.4861,,46,999999,,new,COMMUNICATIONS,5537
FARALLON CAPITAL MANAGEMENT LLC,Sappi Ltd ADS,SPPJY,2004-09-30,SH,1611000.0,23070000.0,1611000.0,24729000.0,0.4672,0.5715,47,37,0.0,,MATERIALS,7550
FARALLON CAPITAL MANAGEMENT LLC,Frontier Communications Corp. (Citizens Utilities - Citizens Communications),FTRCQ,2004-09-30,SH,105599.44,21199000.0,245415.98,44521000.0,0.4293,1.0289,48,21,-56.971245,reduction,UTILITIES AND TELECOMMUNICATIONS,45698
FARALLON CAPITAL MANAGEMENT LLC,West Pharmaceutical Services Inc,WST,2004-09-30,SH,1741200.0,18152000.0,742000.0,15693000.0,0.3676,0.3627,49,52,134.663073,addition,HEALTH CARE,3535
FARALLON CAPITAL MANAGEMENT LLC,Jackson Hewitt Tax Service Inc,JHTXQ,2004-09-30,SH,819900.0,16587000.0,0.0,0.0,0.3359,,50,999999,,new,CONSUMER DISCRETIONARY,794
FARALLON CAPITAL MANAGEMENT LLC,PHARMACYCLICS INC,PCYC,2004-09-30,SH,1590500.0,16398000.0,1130000.0,11458000.0,0.3321,0.2648,51,61,40.752212,addition,HEALTH CARE,9328
FARALLON CAPITAL MANAGEMENT LLC,Libbey Inc,LBYYQ,2004-09-30,SH,797000.0,14904000.0,797000.0,22125000.0,0.3018,0.5113,52,42,0.0,,CONSUMER DISCRETIONARY,78179
FARALLON CAPITAL MANAGEMENT LLC,Liberty Global plc Class A,LBTYA,2004-09-30,SH,421352.0,14057000.0,223182.0,8280000.0,0.2847,0.1914,53,75,88.793003,addition,COMMUNICATIONS,4042
FARALLON CAPITAL MANAGEMENT LLC,AutoNation Inc. (Republic Industries),AN,2004-09-30,SH,766900.0,13099000.0,586900.0,10036000.0,0.2653,0.2319,54,66,30.66962,addition,CONSUMER DISCRETIONARY,3579
FARALLON CAPITAL MANAGEMENT LLC,Eldorado Resorts Inc,CZR,2004-09-30,SH,1378780.0,12850000.0,1015710.0,11122000.0,0.2602,0.257,55,63,35.745439,addition,CONSUMER DISCRETIONARY,7368
FARALLON CAPITAL MANAGEMENT LLC,Register.com Inc.,RCOM,2004-09-30,SH,2301154.0,12449000.0,2301154.0,13738000.0,0.2521,0.3175,56,54,0.0,,INFORMATION TECHNOLOGY,104468
FARALLON CAPITAL MANAGEMENT LLC,LSI Corp. (CA),LSI,2004-09-30,PRN,12500000.0,12430000.0,12500000.0,12242000.0,0.2517,0.2829,57,57,0.0,,INFORMATION TECHNOLOGY,922
FARALLON CAPITAL MANAGEMENT LLC,CSG Systems International Inc.,CSGS,2004-09-30,SH,779540.0,12013000.0,1014540.0,21001000.0,0.2433,0.4853,58,44,-23.163207,reduction,COMMUNICATIONS,635
FARALLON CAPITAL MANAGEMENT LLC,Juniper Networks Inc,JNPR,2004-09-30,SH,498590.0,11767000.0,846840.0,20807000.0,0.2383,0.4809,59,45,-41.123471,reduction,INFORMATION TECHNOLOGY,2744
FARALLON CAPITAL MANAGEMENT LLC,Midas Inc.,MDS,2004-09-30,SH,703600.0,11398000.0,673400.0,11717000.0,0.2308,0.2708,60,59,4.484704,addition,CONSUMER DISCRETIONARY,7355
FARALLON CAPITAL MANAGEMENT LLC,Bruker Corp,BRKR,2004-09-30,SH,3275763.0,11334000.0,3271600.0,15933000.0,0.2295,0.3682,61,49,0.127247,addition,HEALTH CARE,4855
FARALLON CAPITAL MANAGEMENT LLC,Citigroup Inc.,C,2004-09-30,SH,793479.6,11267000.0,794755.8,6914000.0,0.2282,0.1598,62,81,-0.160578,reduction,FINANCE,216
FARALLON CAPITAL MANAGEMENT LLC,AMERICAN HOME MTG INVESTMENT,AHMIQ,2004-09-30,SH,399200.0,11158000.0,389600.0,10102000.0,0.226,0.2335,63,65,2.464066,addition,FINANCE,7752
FARALLON CAPITAL MANAGEMENT LLC,Citadel Broadcasting Corp. (Old),CTDBQ,2004-09-30,PRN,12500000.0,10523000.0,0.0,0.0,0.2131,,64,999999,,new,CONSUMER DISCRETIONARY,3532
FARALLON CAPITAL MANAGEMENT LLC,Agere Systems Inc. Class B,AGRB,2004-09-30,SH,9966100.0,10165000.0,20154800.0,43333000.0,0.2058,1.0014,65,23,-50.552226,reduction,INFORMATION TECHNOLOGY,97741
FARALLON CAPITAL MANAGEMENT LLC,Community First Bankshares Inc.,CFBX,2004-09-30,SH,300763.0,9642000.0,300763.0,9682000.0,0.1953,0.2238,66,69,0.0,,FINANCE,98981
FARALLON CAPITAL MANAGEMENT LLC,Western Digital Corp,WDC,2004-09-30,SH,1050200.0,9231000.0,1425200.0,12342000.0,0.1869,0.2852,67,56,-26.312097,reduction,INFORMATION TECHNOLOGY,961
FARALLON CAPITAL MANAGEMENT LLC,Compania Anonima Nacional Telefones Common S,VNT,2004-09-30,SH,389700.0,8780000.0,389700.0,7852000.0,0.1778,0.1815,68,77,0.0,, ,106404
FARALLON CAPITAL MANAGEMENT LLC,Mueller Industries Inc,MLI,2004-09-30,SH,800000.0,8590000.0,0.0,0.0,0.174,,69,999999,,new,INDUSTRIALS,5225
FARALLON CAPITAL MANAGEMENT LLC,Cypress Semiconductor Corp,CY,2004-09-30,PRN,41184750.0,8561000.0,0.0,0.0,0.1734,,70,999999,,new,INFORMATION TECHNOLOGY,3714
FARALLON CAPITAL MANAGEMENT LLC,Synopsys Inc.,SNPS,2004-09-30,SH,526400.0,8296000.0,0.0,0.0,0.168,,71,999999,,new,INFORMATION TECHNOLOGY,2681
FARALLON CAPITAL MANAGEMENT LLC,Cox Communications Inc. (1994) Class A,COX,2004-09-30,SH,250000.0,8283000.0,0.0,0.0,0.1677,,72,999999,,new,CONSUMER DISCRETIONARY,99383
FARALLON CAPITAL MANAGEMENT LLC,Hayes Lemmerz International Inc. (New),HLMMQ,2004-09-30,SH,791500.0,8042000.0,763300.0,11526000.0,0.1629,0.2664,73,60,3.694484,addition,CONSUMER DISCRETIONARY,7215
FARALLON CAPITAL MANAGEMENT LLC,NPS PHARMACEUTICALS INC,NPSP,2004-09-30,SH,368400.0,8024000.0,368400.0,7736000.0,0.1625,0.1788,74,78,0.0,,HEALTH CARE,4087
FARALLON CAPITAL MANAGEMENT LLC,Arbor Realty Trust,ABR,2004-09-30,SH,355000.0,7881000.0,345000.0,6883000.0,0.1596,0.1591,75,82,2.898551,addition,REAL ESTATE,5208
FARALLON CAPITAL MANAGEMENT LLC,Quantum Corp,QMCO,2004-09-30,SH,400337.5,7398000.0,174725.0,4333000.0,0.1498,0.1001,76,86,129.124338,addition,INFORMATION TECHNOLOGY,6421
FARALLON CAPITAL MANAGEMENT LLC,HLTH Corp,HLTH,2004-09-30,PRN,7000000.0,7074000.0,7000000.0,7989000.0,0.1433,0.1846,77,76,0.0,,HEALTH CARE,6363
FARALLON CAPITAL MANAGEMENT LLC,Insurance Auto Auctions Inc.,IAAI,2004-09-30,SH,410844.0,7046000.0,923380.0,15697000.0,0.1427,0.3628,78,51,-55.506509,reduction,FINANCE,107250
FARALLON CAPITAL MANAGEMENT LLC,Magna Entertainment Inc Class A,MECAQ,2004-09-30,SH,632350.0,6893000.0,0.0,0.0,0.1396,,79,999999,,new,CONSUMER DISCRETIONARY,75885
FARALLON CAPITAL MANAGEMENT LLC,JUNIPER PHARMACEUTICALS INC COM,JNP,2004-09-30,SH,274000.0,6686000.0,274000.0,7584000.0,0.1354,0.1753,80,79,0.0,,HEALTH CARE,7871
FARALLON CAPITAL MANAGEMENT LLC,Ameristar Casinos Inc,ASCA,2004-09-30,SH,432024.0,6534000.0,0.0,0.0,0.1323,,81,999999,,new,CONSUMER DISCRETIONARY,2624
FARALLON CAPITAL MANAGEMENT LLC,Waste Management Inc.,WM,2004-09-30,SH,232300.0,6351000.0,232300.0,7120000.0,0.1286,0.1645,82,80,0.0,,INDUSTRIALS,474
FARALLON CAPITAL MANAGEMENT LLC,Ilex Oncology Inc.,ILXO,2004-09-30,SH,250000.0,6293000.0,0.0,0.0,0.1274,,83,999999,,new,HEALTH CARE,101787
FARALLON CAPITAL MANAGEMENT LLC,Emmis Communications Corp,EMMS,2004-09-30,SH,91770.0,6231000.0,44767.8,3531000.0,0.1262,0.0816,84,90,104.991087,addition,COMMUNICATIONS,3821
FARALLON CAPITAL MANAGEMENT LLC,Companhia Vale de Rio Doce S.A. ADR,VALE,2004-09-30,SH,1100000.0,6179000.0,2337624.0,9263000.0,0.1251,0.2141,85,72,-52.943673,reduction,MATERIALS,78024
FARALLON CAPITAL MANAGEMENT LLC,AutoZone Inc.,AZO,2004-09-30,SH,70000.0,5408000.0,0.0,0.0,0.1095,,86,999999,,new,CONSUMER DISCRETIONARY,2609
FARALLON CAPITAL MANAGEMENT LLC,Quantum Corp,QMCO,2004-09-30,PRN,706250.0,5021000.0,0.0,0.0,0.1017,,87,999999,,new,INFORMATION TECHNOLOGY,6421
FARALLON CAPITAL MANAGEMENT LLC,Renegy Holdings Inc.,RGYH,2004-09-30,SH,325091.78,4937000.0,325860.3,6476000.0,0.1,0.1497,88,83,-0.235843,reduction,INDUSTRIALS,9890
FARALLON CAPITAL MANAGEMENT LLC,Shanda Interactive Entertainment Ltd,SNDA,2004-09-30,SH,199000.0,4772000.0,250000.0,3855000.0,0.0966,0.0891,89,87,-20.4,reduction,INFORMATION TECHNOLOGY,4911
FARALLON CAPITAL MANAGEMENT LLC,OSI Pharmaceuticals Inc.,OSIP,2004-09-30,SH,66705.0,4100000.0,0.0,0.0,0.083,,90,999999,,new,HEALTH CARE,180
FARALLON CAPITAL MANAGEMENT LLC,Amdocs Ltd,DOX,2004-09-30,SH,181500.0,3962000.0,11500.0,269000.0,0.0802,0.0062,91,116,1478.26087,addition,INFORMATION TECHNOLOGY,4826
FARALLON CAPITAL MANAGEMENT LLC,Prime Hospitality Corp.,PDQ,2004-09-30,SH,282100.0,3433000.0,282100.0,2996000.0,0.0695,0.0692,92,93,0.0,,CONSUMER DISCRETIONARY,107418
FARALLON CAPITAL MANAGEMENT LLC,Valassis Communications Inc.,VCI,2004-09-30,SH,115000.0,3402000.0,115000.0,3504000.0,0.0689,0.081,93,91,0.0,,CONSUMER DISCRETIONARY,3831
FARALLON CAPITAL MANAGEMENT LLC,Beasley Broadcast Group Inc,BBGI,2004-09-30,SH,214830.0,3373000.0,214830.0,3246000.0,0.0683,0.075,94,92,0.0,,COMMUNICATIONS,9610
FARALLON CAPITAL MANAGEMENT LLC,America Movil S.A.B.DE C.V.,AMX,2004-09-30,SH,510000.0,3318000.0,0.0,0.0,0.0672,,95,999999,,new,UTILITIES AND TELECOMMUNICATIONS,3509
FARALLON CAPITAL MANAGEMENT LLC,D&E Communications Inc,DECC,2004-09-30,SH,273567.0,3146000.0,273541.0,3671000.0,0.0637,0.0848,96,88,0.009505,addition,COMMUNICATIONS,6124
FARALLON CAPITAL MANAGEMENT LLC,ACLARA BioSciences Inc.,ACLA,2004-09-30,SH,682685.0,2690000.0,591541.0,2650000.0,0.0545,0.0612,97,96,15.407892,addition,HEALTH CARE,97566
FARALLON CAPITAL MANAGEMENT LLC,Caplease Inc,LSE,2004-09-30,SH,241200.0,2663000.0,241200.0,2508000.0,0.0539,0.058,98,99,0.0,,FINANCE,3896
FARALLON CAPITAL MANAGEMENT LLC,Drive Shack Inc,DSHK,2004-09-30,SH,30641.04,2646000.0,110513.9,9311000.0,0.0536,0.2152,99,71,-72.27404,reduction,REAL ESTATE,5301
FARALLON CAPITAL MANAGEMENT LLC,Gartner Inc. Class B,ITB,2004-09-30,SH,211712.0,2445000.0,1234880.0,15918000.0,0.0495,0.3679,100,50,-82.855662,reduction,INFORMATION TECHNOLOGY,171316
FARALLON CAPITAL MANAGEMENT LLC,Great Lakes Bancorp (New),GLK,2004-09-30,SH,120990.0,1991000.0,1209900.0,2492000.0,0.0403,0.0576,101,100,-90.0,reduction,FINANCE,97339
FARALLON CAPITAL MANAGEMENT LLC,Eagle Materials Inc.,EXP,2004-09-30,SH,78225.0,1799000.0,78225.0,1806000.0,0.0364,0.0417,102,103,0.0,,MATERIALS,2704
FARALLON CAPITAL MANAGEMENT LLC,LECG CORP,XPRT,2004-09-30,SH,99400.0,1681000.0,99400.0,1721000.0,0.034,0.0398,103,105,0.0,,INDUSTRIALS,6183
FARALLON CAPITAL MANAGEMENT LLC,Sanofi SA,SNY,2004-09-30,SH,44827.0,1641000.0,0.0,0.0,0.0332,,104,999999,,new,HEALTH CARE,4377
FARALLON CAPITAL MANAGEMENT LLC,WellChoice Inc.,WC,2004-09-30,SH,42500.0,1587000.0,0.0,0.0,0.0321,,105,999999,,new,HEALTH CARE,106519
FARALLON CAPITAL MANAGEMENT LLC,Seagate Technology plc,STX,2004-09-30,SH,112700.0,1524000.0,112700.0,1626000.0,0.0309,0.0376,106,106,0.0,,INFORMATION TECHNOLOGY,2526
FARALLON CAPITAL MANAGEMENT LLC,Alaska Communications Systems Group Inc,ALSK,2004-09-30,SH,183673.0,1029000.0,183673.0,1120000.0,0.0208,0.0259,107,108,0.0,,UTILITIES AND TELECOMMUNICATIONS,3733
FARALLON CAPITAL MANAGEMENT LLC,Anchor Glass Container Corp (New),AGCCQ,2004-09-30,SH,87443.0,718000.0,87543.0,1184000.0,0.0145,0.0274,108,107,-0.11423,reduction,MATERIALS,97718
FARALLON CAPITAL MANAGEMENT LLC,KT Corp ADR,KT,2004-09-30,SH,31300.0,566000.0,666500.0,12024000.0,0.0115,0.2779,109,58,-95.303826,reduction,UTILITIES AND TELECOMMUNICATIONS,4130
FARALLON CAPITAL MANAGEMENT LLC,Suny Cellular Communications Ltd,SCIXF,2004-09-30,SH,116700.0,470000.0,116700.0,725000.0,0.0095,0.0168,110,111,0.0,,INFORMATION TECHNOLOGY,107547
FARALLON CAPITAL MANAGEMENT LLC,Entravision Communications Corp. Class A,EVC,2004-09-30,SH,45683.0,348000.0,45683.0,351000.0,0.007,0.0081,111,114,0.0,,COMMUNICATIONS,6835
FARALLON CAPITAL MANAGEMENT LLC,Knology Inc,KNOL,2004-09-30,SH,81680.0,339000.0,0.0,0.0,0.0069,,112,999999,,new,CONSUMER DISCRETIONARY,11486
FARALLON CAPITAL MANAGEMENT LLC,GOLF TRUST OF AMERICA INC,GTA,2004-09-30,SH,112200.0,284000.0,112200.0,266000.0,0.0058,0.0061,113,117,0.0,,FINANCE,7967
FARALLON CAPITAL MANAGEMENT LLC,SPDR SSGA Aggressive Global Allocation ETF-SPDR SSGA Aggressive Global Allocation ETF,AGRA,2004-09-30,SH,117600.0,120000.0,117600.0,270000.0,0.0024,0.0062,114,115,0.0,,INFORMATION TECHNOLOGY,97424
FARALLON CAPITAL MANAGEMENT LLC,Walt Disney Co. (The),DIS,2004-09-30,SH,0.0,0.0,3149900.0,80291000.0,,1.8555,999999,12,-100.0,soldall,COMMUNICATIONS,395
FARALLON CAPITAL MANAGEMENT LLC,NewAlliance Bancshares Inc,NAL,2004-09-30,SH,0.0,0.0,330800.0,4618000.0,,0.1067,999999,85,-100.0,soldall,FINANCE,694
FARALLON CAPITAL MANAGEMENT LLC,Regal Entertainment Group Class A,RGC,2004-09-30,SH,0.0,0.0,140600.0,2545000.0,,0.0588,999999,98,-100.0,soldall,COMMUNICATIONS,709
FARALLON CAPITAL MANAGEMENT LLC,SANDISK CORP,SNDK,2004-09-30,SH,0.0,0.0,527000.0,11431000.0,,0.2642,999999,62,-100.0,soldall,INFORMATION TECHNOLOGY,943
FARALLON CAPITAL MANAGEMENT LLC,Lumen Technologies Inc,LUMN,2004-09-30,SH,0.0,0.0,59300.0,1781000.0,,0.0412,999999,104,-100.0,soldall,UTILITIES AND TELECOMMUNICATIONS,2632
FARALLON CAPITAL MANAGEMENT LLC,Blyth Inc,BTH,2004-09-30,SH,0.0,0.0,872600.0,15048000.0,,0.3478,999999,53,-100.0,soldall,CONSUMER DISCRETIONARY,2699
FARALLON CAPITAL MANAGEMENT LLC,Telefonos De Mexico S.A.B. de C.V. (NYSE),TMX,2004-09-30,SH,0.0,0.0,665200.0,11066000.0,,0.2557,999999,64,-100.0,soldall,COMMUNICATIONS,3794
FARALLON CAPITAL MANAGEMENT LLC,Agilent Technologies Inc,A,2004-09-30,PRN,0.0,0.0,500000.0,528000.0,,0.0122,999999,113,-100.0,soldall,INFORMATION TECHNOLOGY,4847
FARALLON CAPITAL MANAGEMENT LLC,HLTH Corp,HLTH,2004-09-30,SH,0.0,0.0,2717300.0,25325000.0,,0.5853,999999,36,-100.0,soldall,HEALTH CARE,6363
FARALLON CAPITAL MANAGEMENT LLC,Peraso Inc,PRSO,2004-09-30,SH,0.0,0.0,12.5,753000.0,,0.0174,999999,110,-100.0,soldall,INFORMATION TECHNOLOGY,9551
FARALLON CAPITAL MANAGEMENT LLC,RAE Systems Inc.,RAE,2004-09-30,SH,0.0,0.0,500000.0,2700000.0,,0.0624,999999,95,-100.0,soldall,INFORMATION TECHNOLOGY,9711
FARALLON CAPITAL MANAGEMENT LLC,Trimeris Inc,TRMS,2004-09-30,SH,0.0,0.0,249032.0,3594000.0,,0.0831,999999,89,-100.0,soldall,HEALTH CARE,11331
FARALLON CAPITAL MANAGEMENT LLC,Novelion Therapeutics Inc,NVLN,2004-09-30,SH,0.0,0.0,10360.0,1038000.0,,0.024,999999,109,-100.0,soldall,HEALTH CARE,11554
FARALLON CAPITAL MANAGEMENT LLC,Life Technologies Corp.,LIFE,2004-09-30,PRN,0.0,0.0,26000000.0,13569000.0,,0.3136,999999,55,-100.0,soldall,HEALTH CARE,72076
FARALLON CAPITAL MANAGEMENT LLC,Advanced Fibre Communications Inc.,AFCI,2004-09-30,SH,0.0,0.0,3015690.0,60917000.0,,1.4078,999999,17,-100.0,soldall,INFORMATION TECHNOLOGY,97691
FARALLON CAPITAL MANAGEMENT LLC,Apogent Technologies Inc.,AOT,2004-09-30,SH,0.0,0.0,609300.0,19498000.0,,0.4506,999999,47,-100.0,soldall,HEALTH CARE,97967
FARALLON CAPITAL MANAGEMENT LLC,Aventis SA ADR,AVE,2004-09-30,SH,0.0,0.0,38000.0,2891000.0,,0.0668,999999,94,-100.0,soldall,HEALTH CARE,98193
FARALLON CAPITAL MANAGEMENT LLC,InVision Technologies Inc.,INVN,2004-09-30,SH,0.0,0.0,178861.0,8925000.0,,0.2063,999999,73,-100.0,soldall,HEALTH CARE,101903
FARALLON CAPITAL MANAGEMENT LLC,Maxwell Shoe Inc.,MAXS,2004-09-30,SH,0.0,0.0,720000.0,16733000.0,,0.3867,999999,48,-100.0,soldall,CONSUMER DISCRETIONARY,102653
FARALLON CAPITAL MANAGEMENT LLC,Oxford Health Plans Inc.,OHP,2004-09-30,SH,0.0,0.0,39500.0,2174000.0,,0.0502,999999,101,-100.0,soldall,HEALTH CARE,103644
FARALLON CAPITAL MANAGEMENT LLC,US Airways Group Inc. (2003),UAIRQ,2004-09-30,SH,0.0,0.0,830350.0,1951000.0,,0.0451,999999,102,-100.0,soldall,TRANSPORTS,106084
FARALLON CAPITAL MANAGEMENT LLC,U.S. Oncology Inc.,USON,2004-09-30,SH,0.0,0.0,666100.0,9805000.0,,0.2266,999999,68,-100.0,soldall,HEALTH CARE,106228
FARALLON CAPITAL MANAGEMENT LLC,Univision Communications Inc.,UVN,2004-09-30,SH,0.0,0.0,82025.0,2619000.0,,0.0605,999999,97,-100.0,soldall,CONSUMER DISCRETIONARY,106261
FARALLON CAPITAL MANAGEMENT LLC,Yankee Candle Co. Inc. (The),YCC,2004-09-30,SH,0.0,0.0,319500.0,9345000.0,,0.216,999999,70,-100.0,soldall,CONSUMER DISCRETIONARY,106791
FARALLON CAPITAL MANAGEMENT LLC,AMC Entertainment Inc.,AEN,2004-09-30,SH,0.0,0.0,325000.0,4995000.0,,0.1154,999999,84,-100.0,soldall,CONSUMER DISCRETIONARY,106860
FARALLON CAPITAL MANAGEMENT LLC,Charter One Financial Inc.,CF,2004-09-30,SH,0.0,0.0,6815800.0,301190000.0,,6.9606,999999,4,-100.0,soldall,FINANCE,107019
