Filer Name,Stock Name,Stock Ticker,Quarter Date,Type of Security,Current Shares Held,Current Market Value,Previous Shares Held,Previous Market Value,Current % of Portfolio,Previous % of Portfolio,Current Rank,Previous Rank,Change in Shares,Type of Change,Sector,stock_id
FARALLON CAPITAL MANAGEMENT LLC,CapitalSource Inc.,CSE,2007-09-30,SH,28425205.0,575326000.0,27733036.0,681955000.0,6.6017,5.5551,1,2,2.495828,addition,FINANCE,2547
FARALLON CAPITAL MANAGEMENT LLC,Harrahs Entertainment Inc.,HET,2007-09-30,SH,4497750.0,390989000.0,4497750.0,383478000.0,4.4865,3.1238,2,5,0.0,,CONSUMER DISCRETIONARY,75642
FARALLON CAPITAL MANAGEMENT LLC,Hilton Hotels Corp.,HLT,2007-09-30,SH,7730000.0,359368000.0,7027500.0,235210000.0,4.1237,1.916,3,10,9.996443,addition,CONSUMER DISCRETIONARY,97330
FARALLON CAPITAL MANAGEMENT LLC,Elevance Health Inc,ELV,2007-09-30,SH,3006534.0,237276000.0,4441495.0,354565000.0,2.7227,2.8882,4,7,-32.308063,reduction,HEALTH CARE,175259
FARALLON CAPITAL MANAGEMENT LLC,Fidelity National Information Services Inc,FIS,2007-09-30,SH,5141400.0,228124000.0,4550400.0,246996000.0,2.6177,2.012,5,8,12.987869,addition,FINANCE,2403
FARALLON CAPITAL MANAGEMENT LLC,Grupo Televisa S.A. GDR,TV,2007-09-30,SH,9043850.0,218590000.0,7050000.0,194651000.0,2.5083,1.5856,6,13,28.28156,addition,COMMUNICATIONS,5537
FARALLON CAPITAL MANAGEMENT LLC,Companhia Vale de Rio Doce S.A. ADR,VALE,2007-09-30,SH,6138500.0,208279000.0,2595000.0,57804000.0,2.39,0.4709,7,56,136.55106,addition,MATERIALS,78024
FARALLON CAPITAL MANAGEMENT LLC,Wendys International Inc.,WEN,2007-09-30,SH,5435000.0,189736000.0,5435000.0,199736000.0,2.1772,1.627,8,12,0.0,,CONSUMER DISCRETIONARY,170136
FARALLON CAPITAL MANAGEMENT LLC,FedEx Corporation,FDX,2007-09-30,SH,1782100.0,186675000.0,1590000.0,176442000.0,2.1421,1.4373,9,15,12.081761,addition,TRANSPORTS,485
FARALLON CAPITAL MANAGEMENT LLC,Staples Inc.,SPLS,2007-09-30,SH,8410000.0,180731000.0,1080000.0,25628000.0,2.0738,0.2088,10,94,678.703704,addition,CONSUMER DISCRETIONARY,823
FARALLON CAPITAL MANAGEMENT LLC,Time Warner Cable Inc.,TWC,2007-09-30,SH,1818364.15,178945000.0,2084485.2,244972000.0,2.0534,1.9955,11,9,-12.766752,reduction,CONSUMER DISCRETIONARY,2836
FARALLON CAPITAL MANAGEMENT LLC,Seagate Technology plc,STX,2007-09-30,SH,6913600.0,176850000.0,5938400.0,129279000.0,2.0293,1.0531,12,26,16.421932,addition,INFORMATION TECHNOLOGY,2526
FARALLON CAPITAL MANAGEMENT LLC,ALLTEL Corp.,AT,2007-09-30,SH,2320400.0,161685000.0,0.0,0.0,1.8553,,13,999999,,new,COMMUNICATIONS,97415
FARALLON CAPITAL MANAGEMENT LLC,Cytyc Corp.,CYTC,2007-09-30,SH,3389250.0,161498000.0,2045000.0,88160000.0,1.8532,0.7181,14,40,65.733496,addition,HEALTH CARE,97365
FARALLON CAPITAL MANAGEMENT LLC,PHH Corp,PHH,2007-09-30,PUT,1995400.0,159732000.0,0.0,0.0,1.8329,,15,999999,,new,INDUSTRIALS,4963
FARALLON CAPITAL MANAGEMENT LLC,Arch Capital Group Ltd.,ACGL,2007-09-30,SH,17208495.0,142276000.0,17208495.0,138700000.0,1.6326,1.1298,16,25,0.0,,FINANCE,6468
FARALLON CAPITAL MANAGEMENT LLC,Williams Cos. (The),WMB,2007-09-30,SH,3792700.0,129179000.0,572700.0,18109000.0,1.4823,0.1475,17,102,562.248996,addition,ENERGY,532
FARALLON CAPITAL MANAGEMENT LLC,NRG Energy Inc,NRG,2007-09-30,SH,3032500.0,128244000.0,3370000.0,140091000.0,1.4716,1.1412,18,22,-10.014837,reduction,UTILITIES AND TELECOMMUNICATIONS,4138
FARALLON CAPITAL MANAGEMENT LLC,Nokia Corp. ADR Class A ADR,NOK,2007-09-30,SH,3336400.0,126550000.0,1347000.0,37864000.0,1.4521,0.3084,19,77,147.691166,addition,INFORMATION TECHNOLOGY,4362
FARALLON CAPITAL MANAGEMENT LLC,America Movil S.A.B.DE C.V.,AMX,2007-09-30,SH,3922200.0,125510000.0,0.0,0.0,1.4402,,20,999999,,new,UTILITIES AND TELECOMMUNICATIONS,3509
FARALLON CAPITAL MANAGEMENT LLC,Oracle Corp,ORCL,2007-09-30,SH,5751609.0,124522000.0,7367500.0,145213000.0,1.4289,1.1829,21,20,-21.932691,reduction,INFORMATION TECHNOLOGY,20
FARALLON CAPITAL MANAGEMENT LLC,Manor Care Inc. (New),HCR,2007-09-30,SH,1929237.0,124243000.0,0.0,0.0,1.4257,,22,999999,,new,HEALTH CARE,97301
FARALLON CAPITAL MANAGEMENT LLC,iShares MSCI Emerging Markets ETF-,EEM,2007-09-30,PUT,2388900.0,119007000.0,2385300.0,104675000.0,1.3656,0.8527,23,31,0.150924,addition,FINANCE,3954
FARALLON CAPITAL MANAGEMENT LLC,Leap Wireless International Inc. (New),LWINQ,2007-09-30,SH,1367300.0,111257000.0,1642300.0,138774000.0,1.2767,1.1304,24,24,-16.744809,reduction,COMMUNICATIONS,5946
FARALLON CAPITAL MANAGEMENT LLC,Nutrien Ltd,NTR,2007-09-30,SH,1037000.0,109611000.0,775000.0,60427000.0,1.2578,0.4922,25,54,33.806452,addition,MATERIALS,267
FARALLON CAPITAL MANAGEMENT LLC,MDS INC,MDZ,2007-09-30,SH,4831100.0,104626000.0,5452500.0,111056000.0,1.2006,0.9046,26,28,-11.396607,reduction,HEALTH CARE,3450
FARALLON CAPITAL MANAGEMENT LLC,Charles Schwab Corp,SCHW,2007-09-30,SH,4775158.0,103143000.0,20508700.0,420839000.0,1.1835,3.4281,27,4,-76.716428,reduction,FINANCE,3661
FARALLON CAPITAL MANAGEMENT LLC,Amylin Pharmaceuticals,AMLN,2007-09-30,SH,2057500.0,102875000.0,2470000.0,101665000.0,1.1805,0.8281,28,33,-16.700405,reduction,HEALTH CARE,3576
FARALLON CAPITAL MANAGEMENT LLC,Granite Real Estate Investment Trusts,GRP.U,2007-09-30,SH,2937500.0,97261000.0,2741700.0,99908000.0,1.116,0.8138,29,35,7.141555,addition,REAL ESTATE,139082
FARALLON CAPITAL MANAGEMENT LLC,COMCAST CORP SPL A (NEW),CMCSK,2007-09-30,SH,4048405.0,97000000.0,6480905.0,181206000.0,1.1131,1.4761,30,14,-37.533338,reduction,CONSUMER DISCRETIONARY,2829
FARALLON CAPITAL MANAGEMENT LLC,Freeport-McMoran Copper and Gold 6 3/4% Mandatory Convertible Preferred Stock,FCXPRM,2007-09-30,SH,622500.0,96242000.0,722500.0,92848000.0,1.1044,0.7563,31,38,-13.84083,reduction,MATERIALS,4876
FARALLON CAPITAL MANAGEMENT LLC,Southwest Airlines Co.,LUV,2007-09-30,SH,6221100.0,92072000.0,9940000.0,148205000.0,1.0565,1.2073,32,19,-37.413481,reduction,TRANSPORTS,458
FARALLON CAPITAL MANAGEMENT LLC,Global X Emerging Markets Great Consumer ETF-,EMC,2007-09-30,SH,4093800.0,85151000.0,5317500.0,96247000.0,0.9771,0.784,33,36,-23.012694,reduction,INFORMATION TECHNOLOGY,398
FARALLON CAPITAL MANAGEMENT LLC,SPDR S&P 500 ETF TRUST,SPY,2007-09-30,PUT,550000.0,83919000.0,0.0,0.0,0.963,,34,999999,,new,FINANCE,3962
FARALLON CAPITAL MANAGEMENT LLC,Sealy Corp.,ZZ,2007-09-30,SH,5971700.0,83843000.0,5788800.0,95631000.0,0.9621,0.779,35,37,3.159549,addition,CONSUMER DISCRETIONARY,7556
FARALLON CAPITAL MANAGEMENT LLC,Town Sports Intl Holdings Inc,CLUBQ,2007-09-30,SH,5331279.0,81089000.0,5331279.0,103000000.0,0.9305,0.839,36,32,0.0,,CONSUMER DISCRETIONARY,1027
FARALLON CAPITAL MANAGEMENT LLC,KKR Financial Holding Co.,KFN,2007-09-30,SH,4748151.0,80006000.0,2443662.0,60872000.0,0.9181,0.4959,37,53,94.304736,addition,FINANCE,6855
FARALLON CAPITAL MANAGEMENT LLC,NetApp Inc.,NTAP,2007-09-30,SH,2907500.0,78241000.0,0.0,0.0,0.8978,,38,999999,,new,INFORMATION TECHNOLOGY,693
FARALLON CAPITAL MANAGEMENT LLC,Kyphon Inc,KYPH,2007-09-30,SH,1114762.0,78033000.0,0.0,0.0,0.8954,,39,999999,,new,HEALTH CARE,97319
FARALLON CAPITAL MANAGEMENT LLC,Burlington Northern Santa Fe Corp.,BNI,2007-09-30,SH,959600.0,77891000.0,1191200.0,101419000.0,0.8938,0.8261,40,34,-19.442579,reduction,TRANSPORTS,1052
FARALLON CAPITAL MANAGEMENT LLC,Hospira Inc.,HSP,2007-09-30,SH,1822400.0,75538000.0,0.0,0.0,0.8668,,41,999999,,new,HEALTH CARE,1056
FARALLON CAPITAL MANAGEMENT LLC,Knology Inc,KNOL,2007-09-30,SH,4341771.0,72638000.0,2692600.0,46770000.0,0.8335,0.381,42,67,61.248273,addition,CONSUMER DISCRETIONARY,11486
FARALLON CAPITAL MANAGEMENT LLC,Allergan Inc.,AGN,2007-09-30,SH,1095000.0,70595000.0,830000.0,47841000.0,0.8101,0.3897,43,65,31.927711,addition,HEALTH CARE,3531
FARALLON CAPITAL MANAGEMENT LLC,Airtran Holdings Inc.,AAI,2007-09-30,SH,6820000.0,67109000.0,6820000.0,74474000.0,0.7701,0.6067,44,43,0.0,,TRANSPORTS,1014
FARALLON CAPITAL MANAGEMENT LLC,Hilltop Holdings Inc,HTH,2007-09-30,SH,5653582.0,66373000.0,5653582.0,66825000.0,0.7616,0.5443,45,49,0.0,,REAL ESTATE,7219
FARALLON CAPITAL MANAGEMENT LLC,Lamar Advertising Co,LAMR,2007-09-30,SH,1260000.0,61702000.0,0.0,0.0,0.708,,46,999999,,new,COMMUNICATIONS,2423
FARALLON CAPITAL MANAGEMENT LLC,Clear Channel Communications Inc.,CCU,2007-09-30,SH,1587350.0,59430000.0,6003450.0,227050000.0,0.6819,1.8495,47,11,-73.55937,reduction,CONSUMER DISCRETIONARY,878
FARALLON CAPITAL MANAGEMENT LLC,Freeport-McMoRan Copper & Gold Inc,FCX,2007-09-30,SH,1096840.0,57524000.0,387638.0,16052000.0,0.6601,0.1308,48,104,182.954715,addition,MATERIALS,652
FARALLON CAPITAL MANAGEMENT LLC,McDermott International Inc,MDRIQ,2007-09-30,SH,351631.5,57054000.0,0.0,0.0,0.6547,,49,999999,,new,ENERGY,15
FARALLON CAPITAL MANAGEMENT LLC,TreeHouse Foods Inc,THS,2007-09-30,SH,2105000.0,56940000.0,2105000.0,56014000.0,0.6534,0.4563,50,58,0.0,,CONSUMER STAPLES,3750
FARALLON CAPITAL MANAGEMENT LLC,Gilead Sciences Inc.,GILD,2007-09-30,SH,2775000.0,56707000.0,2520000.0,48850000.0,0.6507,0.3979,51,63,10.119048,addition,HEALTH CARE,231
FARALLON CAPITAL MANAGEMENT LLC,Apollo Group,APOL,2007-09-30,SH,912035.0,54859000.0,175000.0,10225000.0,0.6295,0.0833,52,112,421.162857,addition,CONSUMER DISCRETIONARY,2826
FARALLON CAPITAL MANAGEMENT LLC,The Medicines Co,MDCO,2007-09-30,SH,2967100.0,52844000.0,2370000.0,41759000.0,0.6064,0.3402,53,72,25.194093,addition,HEALTH CARE,2815
FARALLON CAPITAL MANAGEMENT LLC,Lawson Software Inc,LWSN,2007-09-30,SH,5258880.0,52641000.0,3211380.0,31761000.0,0.604,0.2587,54,87,63.757637,addition,INFORMATION TECHNOLOGY,243
FARALLON CAPITAL MANAGEMENT LLC,Sealed Air Corp.,SEE,2007-09-30,SH,2050000.0,52398000.0,2050000.0,63591000.0,0.6013,0.518,55,50,0.0,,MATERIALS,3662
FARALLON CAPITAL MANAGEMENT LLC,Qurate Retail Group Inc Series A (Formerly Liberty Interactive),QRTEA,2007-09-30,SH,2672500.0,51339000.0,6870000.0,153407000.0,0.5891,1.2496,56,17,-61.098981,reduction,COMMUNICATIONS,3420
FARALLON CAPITAL MANAGEMENT LLC,Boston Scientific Inc.,BSX,2007-09-30,SH,3677400.0,51300000.0,6867400.0,105346000.0,0.5887,0.8581,57,29,-46.45135,reduction,HEALTH CARE,379
FARALLON CAPITAL MANAGEMENT LLC,CSX Corp,CSX,2007-09-30,SH,10557900.0,50127000.0,3060000.0,15327000.0,0.5752,0.1249,58,105,245.029412,addition,TRANSPORTS,220
FARALLON CAPITAL MANAGEMENT LLC,QUALCOMM Inc.,QCOM,2007-09-30,SH,1117391.0,47221000.0,1542300.0,66920000.0,0.5419,0.5451,59,48,-27.550347,reduction,INFORMATION TECHNOLOGY,273
FARALLON CAPITAL MANAGEMENT LLC,Applied Materials Inc.,AMAT,2007-09-30,SH,2250726.0,46590000.0,2257869.0,44864000.0,0.5346,0.3655,60,69,-0.31636,reduction,INFORMATION TECHNOLOGY,918
FARALLON CAPITAL MANAGEMENT LLC,Align Technology Inc,ALGN,2007-09-30,SH,1839200.0,46587000.0,1947500.0,47052000.0,0.5346,0.3833,61,66,-5.560976,reduction,HEALTH CARE,3567
FARALLON CAPITAL MANAGEMENT LLC,Foster Wheeler AG,FWLT,2007-09-30,SH,675000.0,44307000.0,860000.0,46006000.0,0.5084,0.3748,62,68,-21.511628,reduction,INDUSTRIALS,4810
FARALLON CAPITAL MANAGEMENT LLC,Home Depot Inc. (The),HD,2007-09-30,SH,1352000.0,43859000.0,2661800.0,104742000.0,0.5033,0.8532,63,30,-49.207303,reduction,CONSUMER DISCRETIONARY,354
FARALLON CAPITAL MANAGEMENT LLC,Comcast Corp.  Class A,CMCSA,2007-09-30,SH,3590000.0,43403000.0,11349000.0,159567000.0,0.498,1.2998,64,16,-68.367257,reduction,COMMUNICATIONS,3995
FARALLON CAPITAL MANAGEMENT LLC,KBR Inc,KBR,2007-09-30,SH,1115000.0,43229000.0,685000.0,17968000.0,0.496,0.1464,65,103,62.773723,addition,INDUSTRIALS,3898
FARALLON CAPITAL MANAGEMENT LLC,Citrix Systems Inc.,CTXS,2007-09-30,SH,1318590.0,42336000.0,2718807.0,72896000.0,0.4858,0.5938,66,45,-51.501155,reduction,INFORMATION TECHNOLOGY,3588
FARALLON CAPITAL MANAGEMENT LLC,Microsoft Corp.,MSFT,2007-09-30,SH,1418017.0,41775000.0,3010600.0,88722000.0,0.4794,0.7227,67,39,-52.89919,reduction,INFORMATION TECHNOLOGY,178
FARALLON CAPITAL MANAGEMENT LLC,Hunt (J.B.) Transport Services Inc.,JBHT,2007-09-30,SH,1530100.0,40242000.0,0.0,0.0,0.4618,,68,999999,,new,TRANSPORTS,5103
FARALLON CAPITAL MANAGEMENT LLC,Hercules Capital Inc,HTGC,2007-09-30,SH,2806181.0,37238000.0,2806181.0,37912000.0,0.4273,0.3088,69,76,0.0,,FINANCE,7217
FARALLON CAPITAL MANAGEMENT LLC,Exelon Corp,EXC,2007-09-30,SH,689503.6,37062000.0,762407.6,39480000.0,0.4253,0.3216,70,74,-9.562339,reduction,UTILITIES AND TELECOMMUNICATIONS,404
FARALLON CAPITAL MANAGEMENT LLC,Capella Education Co,CPLA,2007-09-30,SH,653800.0,36554000.0,653800.0,30094000.0,0.4194,0.2451,71,88,0.0,,CONSUMER DISCRETIONARY,4016
FARALLON CAPITAL MANAGEMENT LLC,Rogers Communications Inc. Class B (NYSE),RCI,2007-09-30,SH,790500.0,36072000.0,0.0,0.0,0.4139,,72,999999,,new,COMMUNICATIONS,5564
FARALLON CAPITAL MANAGEMENT LLC,Sherwin-Williams Co.,SHW,2007-09-30,SH,1644951.0,36030000.0,1567500.0,34731000.0,0.4134,0.2829,73,82,4.941053,addition,MATERIALS,11358
FARALLON CAPITAL MANAGEMENT LLC,EPL Oil & Gas Inc.,EPL,2007-09-30,SH,2294900.0,33689000.0,2257121.0,37671000.0,0.3866,0.3069,74,78,1.673769,addition,ENERGY,647
FARALLON CAPITAL MANAGEMENT LLC,Cablevision Systems Corp. Class A,CVC,2007-09-30,SH,859104.0,30017000.0,1442500.0,52204000.0,0.3444,0.4252,75,61,-40.443397,reduction,CONSUMER DISCRETIONARY,5211
FARALLON CAPITAL MANAGEMENT LLC,iShares Biotechnology ETF-iShares Biotechnology ETF,IBB,2007-09-30,PUT,1063500.0,29424000.0,5398500.0,140577000.0,0.3376,1.1451,76,21,-80.300083,reduction,HEALTH CARE,3472
FARALLON CAPITAL MANAGEMENT LLC,CEMEX S.A. de C.V. Series A (Sponsored ADR) ADR,CX,2007-09-30,SH,1008176.0,29004000.0,1959930.96,69540000.0,0.3328,0.5665,77,46,-48.560637,reduction,MATERIALS,5509
FARALLON CAPITAL MANAGEMENT LLC,Alkermes Plc.,ALKS,2007-09-30,SH,1554800.0,28608000.0,0.0,0.0,0.3283,,78,999999,,new,HEALTH CARE,6483
FARALLON CAPITAL MANAGEMENT LLC,iShares Russell 2000 Growth ETF-iShares Russell 2000 Growth ETF,IWO,2007-09-30,PUT,325000.0,27671000.0,0.0,0.0,0.3175,,79,999999,,new,FINANCE,4117
FARALLON CAPITAL MANAGEMENT LLC,Wyndham Destinations Inc,TNL,2007-09-30,SH,788300.0,25825000.0,788300.0,28584000.0,0.2963,0.2328,80,89,0.0,,CONSUMER DISCRETIONARY,1078
FARALLON CAPITAL MANAGEMENT LLC,Entergy Corp.,ETR,2007-09-30,SH,237800.0,25751000.0,234800.0,25206000.0,0.2955,0.2053,81,95,1.277683,addition,UTILITIES AND TELECOMMUNICATIONS,3599
FARALLON CAPITAL MANAGEMENT LLC,Beacon Roofing Supply Inc,BECN,2007-09-30,SH,2515000.0,25703000.0,2515000.0,42730000.0,0.2949,0.3481,82,70,0.0,,INDUSTRIALS,207
FARALLON CAPITAL MANAGEMENT LLC,QUALCOMM Inc.,QCOM,2007-09-30,CALL,600000.0,25356000.0,1150000.0,49899000.0,0.291,0.4065,83,62,-47.826087,reduction,INFORMATION TECHNOLOGY,273
FARALLON CAPITAL MANAGEMENT LLC,Orbimage Inc,GEOY,2007-09-30,SH,960565.0,24735000.0,960565.0,20873000.0,0.2838,0.17,84,100,0.0,,INDUSTRIALS,6358
FARALLON CAPITAL MANAGEMENT LLC,Bausch & Lomb Inc.,BOL,2007-09-30,SH,371650.0,23786000.0,0.0,0.0,0.2729,,85,999999,,new,HEALTH CARE,97396
FARALLON CAPITAL MANAGEMENT LLC,United Therapeutics Corp,UTHR,2007-09-30,SH,700000.0,23289000.0,700000.0,22316000.0,0.2672,0.1818,86,99,0.0,,HEALTH CARE,3372
FARALLON CAPITAL MANAGEMENT LLC,Constellation Energy Group,CEG,2007-09-30,SH,249700.0,21422000.0,390000.0,33996000.0,0.2458,0.2769,87,83,-35.974359,reduction,UTILITIES AND TELECOMMUNICATIONS,3591
FARALLON CAPITAL MANAGEMENT LLC,SPDR S&P 500 ETF TRUST,SPY,2007-09-30,CALL,140000.0,21361000.0,0.0,0.0,0.2451,,88,999999,,new,FINANCE,3962
FARALLON CAPITAL MANAGEMENT LLC,Orbitz Worldwide Inc,OWW,2007-09-30,SH,1873800.0,21155000.0,0.0,0.0,0.2427,,89,999999,,new,CONSUMER DISCRETIONARY,11369
FARALLON CAPITAL MANAGEMENT LLC,URS Corp.,URS,2007-09-30,SH,371600.0,20977000.0,0.0,0.0,0.2407,,90,999999,,new,INDUSTRIALS,2409
FARALLON CAPITAL MANAGEMENT LLC,Kindred Healthcare Inc,KND,2007-09-30,SH,1171000.0,20973000.0,1200000.0,36864000.0,0.2407,0.3003,91,81,-2.416667,reduction,HEALTH CARE,45660
FARALLON CAPITAL MANAGEMENT LLC,Amplify CrowdBureau(R) Online Lending and Digital Banking ETF-Amplify CrowdBureau(R) Online Lending and Digital Banking ETF,LEND,2007-09-30,SH,1767299.0,20624000.0,1767299.0,24159000.0,0.2367,0.1968,92,97,0.0,,MUTUAL FUND,97417
FARALLON CAPITAL MANAGEMENT LLC,Liberty Global plc Class A,LBTYA,2007-09-30,SH,484268.0,19865000.0,1995536.0,81897000.0,0.2279,0.6671,93,41,-75.732435,reduction,COMMUNICATIONS,4042
FARALLON CAPITAL MANAGEMENT LLC,Bancolombia SA ADR,CIB,2007-09-30,SH,563500.0,19525000.0,312500.0,10259000.0,0.224,0.0836,94,111,80.32,addition,FINANCE,5052
FARALLON CAPITAL MANAGEMENT LLC,Red Hat Inc,RHT,2007-09-30,SH,972500.0,19324000.0,0.0,0.0,0.2217,,95,999999,,new,INFORMATION TECHNOLOGY,6916
FARALLON CAPITAL MANAGEMENT LLC,JDA Software Group,JDAS,2007-09-30,SH,912742.0,18857000.0,1630478.0,32006000.0,0.2164,0.2607,96,86,-44.019975,reduction,INFORMATION TECHNOLOGY,5441
FARALLON CAPITAL MANAGEMENT LLC,Eagle Materials Inc.,EXP,2007-09-30,SH,444200.0,15876000.0,0.0,0.0,0.1822,,97,999999,,new,MATERIALS,2704
FARALLON CAPITAL MANAGEMENT LLC,Liberty Global plc Class C,LBTYK,2007-09-30,SH,767450.0,14835000.0,0.0,0.0,0.1702,,98,999999,,new,COMMUNICATIONS,4349
FARALLON CAPITAL MANAGEMENT LLC,Comcast Corp.  Class A,CMCSA,2007-09-30,CALL,1200000.0,14508000.0,800000.0,11248000.0,0.1665,0.0916,99,108,50.0,addition,COMMUNICATIONS,3995
FARALLON CAPITAL MANAGEMENT LLC,INFORMATICA CORP,INFA,2007-09-30,SH,842500.0,13227000.0,0.0,0.0,0.1518,,100,999999,,new,INFORMATION TECHNOLOGY,667
FARALLON CAPITAL MANAGEMENT LLC,Chart Industries Inc,GTLS,2007-09-30,SH,409974.0,13185000.0,799480.0,22737000.0,0.1513,0.1852,101,98,-48.719918,reduction,INDUSTRIALS,5453
FARALLON CAPITAL MANAGEMENT LLC,ABB Ltd.,ABBNY,2007-09-30,SH,455000.0,11935000.0,1106600.0,25009000.0,0.137,0.2037,102,96,-58.883065,reduction,INDUSTRIALS,2533
FARALLON CAPITAL MANAGEMENT LLC,Mediacom Communications Corp,MCCC,2007-09-30,SH,1631400.0,11501000.0,1511450.0,14646000.0,0.132,0.1193,103,107,7.936088,addition,CONSUMER DISCRETIONARY,4189
FARALLON CAPITAL MANAGEMENT LLC,Republic Services Inc.,RSG,2007-09-30,SH,335000.0,10958000.0,267000.0,8181000.0,0.1257,0.0666,104,116,25.468165,addition,INDUSTRIALS,5160
FARALLON CAPITAL MANAGEMENT LLC,Baker Hughes Company,BKR,2007-09-30,SH,120000.0,10844000.0,120000.0,10096000.0,0.1244,0.0822,105,113,0.0,,ENERGY,2502
FARALLON CAPITAL MANAGEMENT LLC,Chubb Limited,CB,2007-09-30,SH,174038.0,10541000.0,3981.0,249000.0,0.121,0.002,106,220,4271.715649,addition,FINANCE,4845
FARALLON CAPITAL MANAGEMENT LLC,Shaw Group Inc.,SHAW,2007-09-30,SH,177500.0,10313000.0,0.0,0.0,0.1183,,107,999999,,new,INDUSTRIALS,83102
FARALLON CAPITAL MANAGEMENT LLC,Boeing Company,BA,2007-09-30,SH,96213.0,10101000.0,0.0,0.0,0.1159,,108,999999,,new,INDUSTRIALS,210
FARALLON CAPITAL MANAGEMENT LLC,Zimmer Biomet Holdings Inc,ZBH,2007-09-30,SH,123600.0,9719000.0,0.0,0.0,0.1115,,109,999999,,new,HEALTH CARE,480
FARALLON CAPITAL MANAGEMENT LLC,California Pizza Kitchen Inc,CPKI,2007-09-30,SH,545000.0,9576000.0,0.0,0.0,0.1099,,110,999999,,new,CONSUMER DISCRETIONARY,6820
FARALLON CAPITAL MANAGEMENT LLC,Nektar Therapeutics Inc.,NKTR,2007-09-30,PRN,10500000.0,9016000.0,10500000.0,9155000.0,0.1035,0.0746,111,115,0.0,,HEALTH CARE,11455
FARALLON CAPITAL MANAGEMENT LLC,GATX Corporation (General American Tank - General American Transportation),GATX,2007-09-30,SH,192700.0,8238000.0,218400.0,10756000.0,0.0945,0.0876,112,110,-11.767399,reduction,INDUSTRIALS,5089
FARALLON CAPITAL MANAGEMENT LLC,Starz Series A,STRZA,2007-09-30,SH,552460.44,7896000.0,29258.9,394000.0,0.0906,0.0032,113,163,1788.179118,addition,CONSUMER DISCRETIONARY,3415
FARALLON CAPITAL MANAGEMENT LLC,Bare Escentuals Inc,BARE,2007-09-30,SH,300000.0,7461000.0,0.0,0.0,0.0856,,114,999999,,new,CONSUMER STAPLES,38
FARALLON CAPITAL MANAGEMENT LLC,Northwest Airlines Corp.,NWACQ,2007-09-30,SH,342202.0,6091000.0,0.0,0.0,0.0699,,115,999999,,new,TRANSPORTS,867
FARALLON CAPITAL MANAGEMENT LLC,Carnival Corp.,CCL,2007-09-30,SH,121700.0,5894000.0,121700.0,5935000.0,0.0676,0.0483,116,119,0.0,,CONSUMER DISCRETIONARY,11342
FARALLON CAPITAL MANAGEMENT LLC,Gap (The),GPS,2007-09-30,PUT,300000.0,5532000.0,0.0,0.0,0.0635,,117,999999,,new,CONSUMER DISCRETIONARY,981
FARALLON CAPITAL MANAGEMENT LLC,D&E Communications Inc,DECC,2007-09-30,SH,341857.0,4861000.0,346157.0,6349000.0,0.0558,0.0517,118,118,-1.242211,reduction,COMMUNICATIONS,6124
FARALLON CAPITAL MANAGEMENT LLC,MidCap Financial Investment Corporation,MFIC,2007-09-30,SH,76359.03,4765000.0,103956.27,6712000.0,0.0547,0.0547,119,117,-26.54697,reduction,FINANCE,5207
FARALLON CAPITAL MANAGEMENT LLC,Charles River Laboratories International Inc,CRL,2007-09-30,SH,82000.0,4604000.0,2395000.0,123630000.0,0.0528,1.0071,120,27,-96.5762,reduction,HEALTH CARE,3444
FARALLON CAPITAL MANAGEMENT LLC,Magna Entertainment Inc Class A,MECAQ,2007-09-30,SH,945000.0,4290000.0,945000.0,5519000.0,0.0492,0.045,121,120,0.0,,CONSUMER DISCRETIONARY,75885
FARALLON CAPITAL MANAGEMENT LLC,Station Casinos Inc.,STN,2007-09-30,SH,42900.0,3753000.0,42900.0,3724000.0,0.0431,0.0303,122,128,0.0,,CONSUMER DISCRETIONARY,97260
FARALLON CAPITAL MANAGEMENT LLC,Halcon Resources Corp,HKRS,2007-09-30,SH,1477.63,3692000.0,1477.63,4143000.0,0.0424,0.0337,123,127,0.0,,ENERGY,8401
FARALLON CAPITAL MANAGEMENT LLC,BlackRock Capital Investment Corp,BKCC,2007-09-30,SH,198400.0,2877000.0,0.0,0.0,0.033,,124,999999,,new,FINANCE,6618
FARALLON CAPITAL MANAGEMENT LLC,Hilltop Holdings Inc,HTH,2007-09-30,PRN,2000000.0,2260000.0,2000000.0,2350000.0,0.0259,0.0191,125,131,0.0,,REAL ESTATE,7219
FARALLON CAPITAL MANAGEMENT LLC,PTC Inc.,PTC,2007-09-30,SH,110000.0,1916000.0,0.0,0.0,0.022,,126,999999,,new,INFORMATION TECHNOLOGY,11355
FARALLON CAPITAL MANAGEMENT LLC,JMP Group LLC,JMP,2007-09-30,SH,175000.0,1642000.0,175000.0,1829000.0,0.0188,0.0149,127,136,0.0,,FINANCE,6643
FARALLON CAPITAL MANAGEMENT LLC,Southern Copper Corp.,SCCO,2007-09-30,SH,13128.0,542000.0,16839.0,529000.0,0.0062,0.0043,128,153,-22.038126,reduction,MATERIALS,87972
FARALLON CAPITAL MANAGEMENT LLC,Continental Airlines Inc. (1980) Class B,CALB,2007-09-30,SH,16328.0,539000.0,1618175.0,54808000.0,0.0062,0.4465,129,60,-98.990962,reduction,TRANSPORTS,4278
FARALLON CAPITAL MANAGEMENT LLC,Sothebys Holdings Inc.,BID,2007-09-30,SH,11056.0,528000.0,13634.0,627000.0,0.0061,0.0051,130,150,-18.908611,reduction,CONSUMER DISCRETIONARY,11400
FARALLON CAPITAL MANAGEMENT LLC,Kroger Co.,KR,2007-09-30,SH,36908.0,526000.0,0.0,0.0,0.006,,131,999999,,new,CONSUMER STAPLES,677
FARALLON CAPITAL MANAGEMENT LLC,Oil States International Inc,OIS,2007-09-30,SH,10869.0,525000.0,0.0,0.0,0.006,,132,999999,,new,ENERGY,3534
FARALLON CAPITAL MANAGEMENT LLC,Check Point Software Technologies Ltd,CHKP,2007-09-30,SH,20853.0,525000.0,0.0,0.0,0.006,,133,999999,,new,INFORMATION TECHNOLOGY,11405
FARALLON CAPITAL MANAGEMENT LLC,National Semiconductor Corp.,NSM,2007-09-30,SH,19230.0,522000.0,0.0,0.0,0.006,,134,999999,,new,INFORMATION TECHNOLOGY,141021
FARALLON CAPITAL MANAGEMENT LLC,Booking Holdings Inc. (Priceline),BKNG,2007-09-30,SH,5882.0,522000.0,9853.0,677000.0,0.006,0.0055,135,142,-40.302446,reduction,CONSUMER DISCRETIONARY,4288
FARALLON CAPITAL MANAGEMENT LLC,MEMC Electronic Materials Inc.,WFR,2007-09-30,SH,8768.0,516000.0,0.0,0.0,0.0059,,136,999999,,new,INFORMATION TECHNOLOGY,969
FARALLON CAPITAL MANAGEMENT LLC,AMR Corp,AAMRQ,2007-09-30,SH,23156.0,516000.0,23989.0,632000.0,0.0059,0.0051,137,147,-3.472425,reduction,TRANSPORTS,1015
FARALLON CAPITAL MANAGEMENT LLC,Whirlpool Corp. (DE),WHR,2007-09-30,SH,5759.0,513000.0,0.0,0.0,0.0059,,138,999999,,new,CONSUMER DISCRETIONARY,476
FARALLON CAPITAL MANAGEMENT LLC,Valaris Class A,VALPQ,2007-09-30,SH,2266.0,508000.0,2090.25,510000.0,0.0058,0.0042,139,155,8.408085,addition,ENERGY,2736
FARALLON CAPITAL MANAGEMENT LLC,Rowan Companies Plc,RDC,2007-09-30,SH,13798.0,505000.0,9544.0,391000.0,0.0058,0.0032,140,173,44.572506,addition,ENERGY,3658
FARALLON CAPITAL MANAGEMENT LLC,Rotech Healthcare Inc,ROHIQ,2007-09-30,SH,427760.0,505000.0,427760.0,462000.0,0.0058,0.0038,141,157,0.0,,HEALTH CARE,3406
FARALLON CAPITAL MANAGEMENT LLC,Helix Energy Solutions Group Inc.,HLX,2007-09-30,SH,9697.0,412000.0,0.0,0.0,0.0047,,142,999999,,new,ENERGY,559
FARALLON CAPITAL MANAGEMENT LLC,Monster Worldwide Inc.,MWW,2007-09-30,SH,11931.0,406000.0,0.0,0.0,0.0047,,143,999999,,new,INDUSTRIALS,69335
FARALLON CAPITAL MANAGEMENT LLC,ManpowerGroup Inc.,MAN,2007-09-30,SH,6297.0,405000.0,0.0,0.0,0.0046,,144,999999,,new,INDUSTRIALS,680
FARALLON CAPITAL MANAGEMENT LLC,Vulcan Materials Company,VMC,2007-09-30,SH,4546.0,405000.0,230100.0,26356000.0,0.0046,0.2147,145,91,-98.024337,reduction,MATERIALS,3710
FARALLON CAPITAL MANAGEMENT LLC,John Wiley & Sons Inc.,WLY,2007-09-30,SH,8992.0,404000.0,8078.0,390000.0,0.0046,0.0032,146,177,11.314682,addition,COMMUNICATIONS,5190
FARALLON CAPITAL MANAGEMENT LLC,Dolby Laboratories,DLB,2007-09-30,SH,11600.0,404000.0,0.0,0.0,0.0046,,147,999999,,new,INFORMATION TECHNOLOGY,639
FARALLON CAPITAL MANAGEMENT LLC,Frontier Oil Co.,FTO,2007-09-30,SH,9678.0,403000.0,0.0,0.0,0.0046,,148,999999,,new,ENERGY,2649
FARALLON CAPITAL MANAGEMENT LLC,ITT Educational Services Inc.,ESINQ,2007-09-30,SH,3303.0,402000.0,2083.0,245000.0,0.0046,0.002,149,234,58.569371,addition,CONSUMER DISCRETIONARY,671
FARALLON CAPITAL MANAGEMENT LLC,Goldman Sachs Group Inc,GS,2007-09-30,SH,1856.0,402000.0,1079.0,234000.0,0.0046,0.0019,150,276,72.011121,addition,FINANCE,232
FARALLON CAPITAL MANAGEMENT LLC,UTI WORLDWIDE INC,UTIW,2007-09-30,SH,17510.0,402000.0,0.0,0.0,0.0046,,151,999999,,new,TRANSPORTS,6050
FARALLON CAPITAL MANAGEMENT LLC,Overseas Shipholding Group Inc,OSG,2007-09-30,SH,870.34,401000.0,1041.21,508000.0,0.0046,0.0041,152,156,-16.410714,reduction,TRANSPORTS,3489
FARALLON CAPITAL MANAGEMENT LLC,Central European Media Enterprises Ltd.,CETV,2007-09-30,SH,4370.0,401000.0,4036.0,394000.0,0.0046,0.0032,153,166,8.27552,addition,COMMUNICATIONS,4859
FARALLON CAPITAL MANAGEMENT LLC,Hercules Inc.,HPC,2007-09-30,SH,19081.0,401000.0,0.0,0.0,0.0046,,154,999999,,new,MATERIALS,3614
FARALLON CAPITAL MANAGEMENT LLC,Nabors Industries Ltd.,NBR,2007-09-30,SH,259.76,400000.0,231.64,387000.0,0.0046,0.0032,155,188,12.139527,addition,ENERGY,4046
FARALLON CAPITAL MANAGEMENT LLC,CTC Media Inc,CTCM,2007-09-30,SH,18233.0,400000.0,14397.0,391000.0,0.0046,0.0032,156,174,26.64444,addition,CONSUMER DISCRETIONARY,637
FARALLON CAPITAL MANAGEMENT LLC,Adobe Systems Inc.,ADBE,2007-09-30,SH,9170.0,400000.0,0.0,0.0,0.0046,,157,999999,,new,INFORMATION TECHNOLOGY,4294
FARALLON CAPITAL MANAGEMENT LLC,Chesapeake Energy Corp,CHKAQ,2007-09-30,SH,56.7,400000.0,0.0,0.0,0.0046,,158,999999,,new,ENERGY,3533
FARALLON CAPITAL MANAGEMENT LLC,Diamond Offshore Drilling Inc,DOFSQ,2007-09-30,SH,3520.0,399000.0,3844.0,390000.0,0.0046,0.0032,159,178,-8.42872,reduction,ENERGY,3445
FARALLON CAPITAL MANAGEMENT LLC,Texas Industries Inc.,TXI,2007-09-30,SH,5077.0,399000.0,4942.0,388000.0,0.0046,0.0032,160,185,2.731688,addition,MATERIALS,6444
FARALLON CAPITAL MANAGEMENT LLC,Continental Resources Inc,CLR,2007-09-30,SH,44038.0,399000.0,261600.0,2093000.0,0.0046,0.017,161,134,-83.165902,reduction,ENERGY,6338
FARALLON CAPITAL MANAGEMENT LLC,Garmin Ltd,GRMN,2007-09-30,SH,3331.0,398000.0,0.0,0.0,0.0046,,162,999999,,new,CONSUMER DISCRETIONARY,3966
FARALLON CAPITAL MANAGEMENT LLC,Teekay Corp.,TK,2007-09-30,SH,6766.0,398000.0,6826.0,395000.0,0.0046,0.0032,163,161,-0.878992,reduction,ENERGY,5796
FARALLON CAPITAL MANAGEMENT LLC,eBay Inc.,EBAY,2007-09-30,SH,10189.0,398000.0,12230.0,394000.0,0.0046,0.0032,164,164,-16.688471,reduction,CONSUMER DISCRETIONARY,399
FARALLON CAPITAL MANAGEMENT LLC,Allied Waste Industries Inc.,AW,2007-09-30,SH,31224.0,398000.0,0.0,0.0,0.0046,,165,999999,,new,INDUSTRIALS,4005
FARALLON CAPITAL MANAGEMENT LLC,Albemarle Corp.,ALB,2007-09-30,SH,8974.0,397000.0,0.0,0.0,0.0046,,166,999999,,new,MATERIALS,748
FARALLON CAPITAL MANAGEMENT LLC,Noble Corp,NEBLQ,2007-09-30,SH,8101.0,397000.0,8044.0,392000.0,0.0046,0.0032,167,169,0.708603,addition,ENERGY,3479
FARALLON CAPITAL MANAGEMENT LLC,Mosaic Company (The),MOS,2007-09-30,SH,7391.0,396000.0,0.0,0.0,0.0045,,168,999999,,new,MATERIALS,11443
FARALLON CAPITAL MANAGEMENT LLC,GlobalSantaFe Corp.,GSF,2007-09-30,SH,5205.0,396000.0,5397.0,390000.0,0.0045,0.0032,169,175,-3.557532,reduction,ENERGY,97269
FARALLON CAPITAL MANAGEMENT LLC,Paychex Inc.,PAYX,2007-09-30,SH,9602.0,394000.0,0.0,0.0,0.0045,,170,999999,,new,INFORMATION TECHNOLOGY,703
FARALLON CAPITAL MANAGEMENT LLC,SAVVIS Inc,SVVS,2007-09-30,SH,10137.0,393000.0,0.0,0.0,0.0045,,171,999999,,new,INFORMATION TECHNOLOGY,818
FARALLON CAPITAL MANAGEMENT LLC,Superior Energy Services Inc,SPNV,2007-09-30,SH,1107.9,393000.0,974.8,389000.0,0.0045,0.0032,172,180,13.654083,addition,ENERGY,2819
FARALLON CAPITAL MANAGEMENT LLC,Nov Inc,NOV,2007-09-30,SH,5444.0,393000.0,0.0,0.0,0.0045,,173,999999,,new,ENERGY,17
FARALLON CAPITAL MANAGEMENT LLC,Novell Inc.,NOVL,2007-09-30,SH,17487.0,134000.0,30245.0,236000.0,0.0015,0.0019,174,267,-42.182179,reduction,INFORMATION TECHNOLOGY,810
FARALLON CAPITAL MANAGEMENT LLC,Sun Microsystems Inc.,JAVA,2007-09-30,SH,5366.75,120000.0,0.0,0.0,0.0014,,175,999999,,new,INFORMATION TECHNOLOGY,465
FARALLON CAPITAL MANAGEMENT LLC,Qwest Communications International Inc.,Q,2007-09-30,SH,13151.0,120000.0,24102.0,234000.0,0.0014,0.0019,176,273,-45.436063,reduction,COMMUNICATIONS,302
FARALLON CAPITAL MANAGEMENT LLC,Amkor Technology Inc.,AMKR,2007-09-30,SH,10027.0,116000.0,17267.0,272000.0,0.0013,0.0022,177,193,-41.929692,reduction,INFORMATION TECHNOLOGY,931
FARALLON CAPITAL MANAGEMENT LLC,ATMEL CORP;COM USD0.001,ATML,2007-09-30,SH,22041.0,114000.0,21129.0,117000.0,0.0013,0.001,178,297,4.316342,addition,INFORMATION TECHNOLOGY,5051
FARALLON CAPITAL MANAGEMENT LLC,Crocs Inc,CROX,2007-09-30,SH,0.0,0.0,9222.0,397000.0,,0.0032,999999,160,-100.0,soldall,CONSUMER DISCRETIONARY,5
FARALLON CAPITAL MANAGEMENT LLC,Texas Instruments Inc.,TXN,2007-09-30,SH,0.0,0.0,6845.0,258000.0,,0.0021,999999,204,-100.0,soldall,INFORMATION TECHNOLOGY,128
FARALLON CAPITAL MANAGEMENT LLC,Cameco Corp.,CCJ,2007-09-30,SH,0.0,0.0,1337300.0,67855000.0,,0.5527,999999,47,-100.0,soldall,ENERGY,156
FARALLON CAPITAL MANAGEMENT LLC,OSI Pharmaceuticals Inc.,OSIP,2007-09-30,SH,0.0,0.0,17479.0,633000.0,,0.0052,999999,146,-100.0,soldall,HEALTH CARE,180
FARALLON CAPITAL MANAGEMENT LLC,Baxter International Inc.,BAX,2007-09-30,SH,0.0,0.0,4312.0,243000.0,,0.002,999999,242,-100.0,soldall,HEALTH CARE,206
FARALLON CAPITAL MANAGEMENT LLC,Chevron Corp. (Standard Oil of California),CVX,2007-09-30,SH,0.0,0.0,3036.0,256000.0,,0.0021,999999,208,-100.0,soldall,ENERGY,214
FARALLON CAPITAL MANAGEMENT LLC,ConocoPhillips (Phillips Petroleum),COP,2007-09-30,SH,0.0,0.0,3201.0,251000.0,,0.002,999999,217,-100.0,soldall,ENERGY,218
FARALLON CAPITAL MANAGEMENT LLC,ExxonMobil Corp. (Standard Oil of New Jersey),XOM,2007-09-30,SH,0.0,0.0,2881.0,242000.0,,0.002,999999,243,-100.0,soldall,ENERGY,228
FARALLON CAPITAL MANAGEMENT LLC,International Business Machines Corp.,IBM,2007-09-30,SH,0.0,0.0,2337.0,246000.0,,0.002,999999,230,-100.0,soldall,INFORMATION TECHNOLOGY,237
FARALLON CAPITAL MANAGEMENT LLC,Lilly (Eli) & Co.,LLY,2007-09-30,SH,0.0,0.0,4220.0,236000.0,,0.0019,999999,268,-100.0,soldall,HEALTH CARE,244
FARALLON CAPITAL MANAGEMENT LLC,Lockheed Martin Corp.,LMT,2007-09-30,SH,0.0,0.0,2521.0,237000.0,,0.0019,999999,264,-100.0,soldall,INDUSTRIALS,245
FARALLON CAPITAL MANAGEMENT LLC,Loews Corp,L,2007-09-30,SH,0.0,0.0,4802.0,245000.0,,0.002,999999,231,-100.0,soldall,FINANCE,246
FARALLON CAPITAL MANAGEMENT LLC,Marathon Oil Corp. (1901) (old U.S. Steel),MRO,2007-09-30,SH,0.0,0.0,4020.0,241000.0,,0.002,999999,247,-100.0,soldall,ENERGY,249
FARALLON CAPITAL MANAGEMENT LLC,McDonalds Corp.,MCD,2007-09-30,SH,0.0,0.0,4803.0,244000.0,,0.002,999999,240,-100.0,soldall,CONSUMER DISCRETIONARY,250
FARALLON CAPITAL MANAGEMENT LLC,Pfizer Inc.,PFE,2007-09-30,SH,0.0,0.0,9569.27,232000.0,,0.0019,999999,282,-100.0,soldall,HEALTH CARE,265
FARALLON CAPITAL MANAGEMENT LLC,Ambac Financial Group Inc,ABKFQ,2007-09-30,SH,0.0,0.0,2747.0,240000.0,,0.002,999999,253,-100.0,soldall,FINANCE,289
FARALLON CAPITAL MANAGEMENT LLC,Walgreens Boots Alliance Inc.,WBA,2007-09-30,SH,0.0,0.0,1690000.0,73583000.0,,0.5994,999999,44,-100.0,soldall,CONSUMER STAPLES,308
FARALLON CAPITAL MANAGEMENT LLC,United Rentals Inc.,URI,2007-09-30,SH,0.0,0.0,7277.0,237000.0,,0.0019,999999,265,-100.0,soldall,INDUSTRIALS,324
FARALLON CAPITAL MANAGEMENT LLC,Black & Decker Corp.,BDK,2007-09-30,SH,0.0,0.0,2660.0,235000.0,,0.0019,999999,271,-100.0,soldall,CONSUMER DISCRETIONARY,328
FARALLON CAPITAL MANAGEMENT LLC,American Express Co,AXP,2007-09-30,SH,0.0,0.0,635000.0,38849000.0,,0.3165,999999,75,-100.0,soldall,FINANCE,368
FARALLON CAPITAL MANAGEMENT LLC,Avnet Inc,AVT,2007-09-30,SH,0.0,0.0,5886.0,233000.0,,0.0019,999999,278,-100.0,soldall,INFORMATION TECHNOLOGY,375
FARALLON CAPITAL MANAGEMENT LLC,Walt Disney Co. (The),DIS,2007-09-30,SH,0.0,0.0,6966.0,238000.0,,0.0019,999999,256,-100.0,soldall,COMMUNICATIONS,395
FARALLON CAPITAL MANAGEMENT LLC,Honeywell International Inc. (Allied Chemical and Dye - Allied Signal),HON,2007-09-30,SH,0.0,0.0,4296.65,241000.0,,0.002,999999,248,-100.0,soldall,INDUSTRIALS,416
FARALLON CAPITAL MANAGEMENT LLC,Medco Health Solutions Inc.,MHS,2007-09-30,SH,0.0,0.0,6196.0,242000.0,,0.002,999999,244,-100.0,soldall,HEALTH CARE,430
FARALLON CAPITAL MANAGEMENT LLC,Merck & Co,MRK,2007-09-30,SH,0.0,0.0,4931.89,234000.0,,0.0019,999999,274,-100.0,soldall,HEALTH CARE,431
FARALLON CAPITAL MANAGEMENT LLC,MetLife Inc.,MET,2007-09-30,SH,0.0,0.0,4088.57,235000.0,,0.0019,999999,270,-100.0,soldall,FINANCE,432
FARALLON CAPITAL MANAGEMENT LLC,Occidental Petroleum Corp.,OXY,2007-09-30,SH,0.0,0.0,4179.09,241000.0,,0.002,999999,249,-100.0,soldall,ENERGY,442
FARALLON CAPITAL MANAGEMENT LLC,Pall Corp.,PLL,2007-09-30,SH,0.0,0.0,5169.0,238000.0,,0.0019,999999,260,-100.0,soldall,INDUSTRIALS,447
FARALLON CAPITAL MANAGEMENT LLC,Parker-Hannifin Corp.,PH,2007-09-30,SH,0.0,0.0,3642.0,238000.0,,0.0019,999999,257,-100.0,soldall,INDUSTRIALS,448
FARALLON CAPITAL MANAGEMENT LLC,Raytheon Co.,RTN,2007-09-30,SH,0.0,0.0,4427.0,239000.0,,0.0019,999999,254,-100.0,soldall,INDUSTRIALS,452
FARALLON CAPITAL MANAGEMENT LLC,Sonoco Products Co.,SON,2007-09-30,SH,0.0,0.0,5640.0,241000.0,,0.002,999999,250,-100.0,soldall,MATERIALS,457
FARALLON CAPITAL MANAGEMENT LLC,Gen Digital Inc,GEN,2007-09-30,SH,0.0,0.0,12500.0,253000.0,,0.0021,999999,213,-100.0,soldall,INFORMATION TECHNOLOGY,466
FARALLON CAPITAL MANAGEMENT LLC,Travelers Companies Inc. (The) (St. Paul Fire and Marine Insurance),TRV,2007-09-30,SH,0.0,0.0,4491.0,240000.0,,0.002,999999,252,-100.0,soldall,FINANCE,470
FARALLON CAPITAL MANAGEMENT LLC,BEA Systems Inc,BEAS,2007-09-30,SH,0.0,0.0,1901700.0,26034000.0,,0.2121,999999,92,-100.0,soldall,INFORMATION TECHNOLOGY,481
FARALLON CAPITAL MANAGEMENT LLC,RS LEGACY CORP,RSHCQ,2007-09-30,SH,0.0,0.0,7428.0,246000.0,,0.002,999999,226,-100.0,soldall,CONSUMER DISCRETIONARY,508
FARALLON CAPITAL MANAGEMENT LLC,Valero Energy Corp.,VLO,2007-09-30,SH,0.0,0.0,3317.0,245000.0,,0.002,999999,235,-100.0,soldall,ENERGY,514
FARALLON CAPITAL MANAGEMENT LLC,Schering-Plough Inc.,SGP,2007-09-30,SH,0.0,0.0,7696.0,234000.0,,0.0019,999999,275,-100.0,soldall,HEALTH CARE,530
FARALLON CAPITAL MANAGEMENT LLC,Deluxe Corp.,DLX,2007-09-30,SH,0.0,0.0,5699.0,231000.0,,0.0019,999999,284,-100.0,soldall,INDUSTRIALS,550
FARALLON CAPITAL MANAGEMENT LLC,HCC Insurance Holdings,HCC,2007-09-30,SH,0.0,0.0,7108.0,237000.0,,0.0019,999999,263,-100.0,soldall,FINANCE,556
FARALLON CAPITAL MANAGEMENT LLC,Acuity Brands Inc (Holding Company),AYI,2007-09-30,SH,0.0,0.0,6396.0,386000.0,,0.0031,999999,189,-100.0,soldall,INDUSTRIALS,598
FARALLON CAPITAL MANAGEMENT LLC,AEROPOSTALE INC (XNYS TO: XNAS),AROPQ,2007-09-30,SH,0.0,0.0,33239.25,616000.0,,0.005,999999,152,-100.0,soldall,CONSUMER DISCRETIONARY,599
FARALLON CAPITAL MANAGEMENT LLC,AK Steel Holding Corp.,AKS,2007-09-30,SH,0.0,0.0,7249.0,271000.0,,0.0022,999999,195,-100.0,soldall,MATERIALS,602
FARALLON CAPITAL MANAGEMENT LLC,American Financial Group Inc. (Holding Co.),AFG,2007-09-30,SH,0.0,0.0,6962.0,238000.0,,0.0019,999999,255,-100.0,soldall,FINANCE,604
FARALLON CAPITAL MANAGEMENT LLC,AVX Corp.,AVX,2007-09-30,SH,0.0,0.0,13815.0,231000.0,,0.0019,999999,287,-100.0,soldall,INFORMATION TECHNOLOGY,611
FARALLON CAPITAL MANAGEMENT LLC,Celanese Corp,CE,2007-09-30,SH,0.0,0.0,6669.0,259000.0,,0.0021,999999,202,-100.0,soldall,MATERIALS,622
FARALLON CAPITAL MANAGEMENT LLC,Convergys Corp.,CVG,2007-09-30,SH,0.0,0.0,9537.0,231000.0,,0.0019,999999,283,-100.0,soldall,INFORMATION TECHNOLOGY,633
FARALLON CAPITAL MANAGEMENT LLC,Global Industries Ltd,GLBL,2007-09-30,SH,0.0,0.0,10333.0,277000.0,,0.0023,999999,191,-100.0,soldall,ENERGY,655
FARALLON CAPITAL MANAGEMENT LLC,Mariner Energy Inc,ME,2007-09-30,SH,0.0,0.0,16087.0,390000.0,,0.0032,999999,176,-100.0,soldall,ENERGY,682
FARALLON CAPITAL MANAGEMENT LLC,Massey Energy Company,MEE,2007-09-30,SH,0.0,0.0,14995.0,400000.0,,0.0033,999999,159,-100.0,soldall,ENERGY,684
FARALLON CAPITAL MANAGEMENT LLC,NBTY Inc.,NTY,2007-09-30,SH,0.0,0.0,4831.0,209000.0,,0.0017,999999,296,-100.0,soldall,CONSUMER STAPLES,691
FARALLON CAPITAL MANAGEMENT LLC,Odyssey Re Holdings Corp.,ORH,2007-09-30,SH,0.0,0.0,5734.0,246000.0,,0.002,999999,228,-100.0,soldall,FINANCE,698
FARALLON CAPITAL MANAGEMENT LLC,Regal Entertainment Group Class A,RGC,2007-09-30,SH,0.0,0.0,10869.0,238000.0,,0.0019,999999,261,-100.0,soldall,COMMUNICATIONS,709
FARALLON CAPITAL MANAGEMENT LLC,Steelcase Inc. Class A,SCS,2007-09-30,SH,0.0,0.0,12615.0,233000.0,,0.0019,999999,277,-100.0,soldall,INDUSTRIALS,718
FARALLON CAPITAL MANAGEMENT LLC,Total System Services Inc,TSS,2007-09-30,SH,0.0,0.0,7679.0,227000.0,,0.0018,999999,288,-100.0,soldall,FINANCE,726
FARALLON CAPITAL MANAGEMENT LLC,Big Lots Inc,BIG,2007-09-30,SH,0.0,0.0,7633.0,225000.0,,0.0018,999999,292,-100.0,soldall,CONSUMER DISCRETIONARY,756
FARALLON CAPITAL MANAGEMENT LLC,SLM Corp,SLM,2007-09-30,SH,0.0,0.0,955000.0,54989000.0,,0.4479,999999,59,-100.0,soldall,FINANCE,892
FARALLON CAPITAL MANAGEMENT LLC,McAfee Inc.,MFE,2007-09-30,SH,0.0,0.0,1125835.0,39629000.0,,0.3228,999999,73,-100.0,soldall,INFORMATION TECHNOLOGY,923
FARALLON CAPITAL MANAGEMENT LLC,BMC Software Inc,BMC,2007-09-30,SH,0.0,0.0,7639.0,231000.0,,0.0019,999999,285,-100.0,soldall,INFORMATION TECHNOLOGY,932
FARALLON CAPITAL MANAGEMENT LLC,Expedia Group Inc,EXPE,2007-09-30,SH,0.0,0.0,11850.5,694000.0,,0.0057,999999,140,-100.0,soldall,CONSUMER DISCRETIONARY,936
FARALLON CAPITAL MANAGEMENT LLC,Cadence Design Systems Inc.,CDNS,2007-09-30,SH,0.0,0.0,10859.0,238000.0,,0.0019,999999,259,-100.0,soldall,INFORMATION TECHNOLOGY,947
FARALLON CAPITAL MANAGEMENT LLC,Novellus Systems Inc.,NVLS,2007-09-30,SH,0.0,0.0,8195.0,232000.0,,0.0019,999999,281,-100.0,soldall,INFORMATION TECHNOLOGY,953
FARALLON CAPITAL MANAGEMENT LLC,Teradyne Inc,TER,2007-09-30,SH,0.0,0.0,14613.0,257000.0,,0.0021,999999,205,-100.0,soldall,INFORMATION TECHNOLOGY,959
FARALLON CAPITAL MANAGEMENT LLC,Varian Semiconductor Equipment Associates Inc.,VSEA,2007-09-30,SH,0.0,0.0,6102.0,244000.0,,0.002,999999,238,-100.0,soldall,INFORMATION TECHNOLOGY,1004
FARALLON CAPITAL MANAGEMENT LLC,ONEOK Inc. (Oklahoma Natural Gas),OKE,2007-09-30,SH,0.0,0.0,9550.0,241000.0,,0.002,999999,251,-100.0,soldall,UTILITIES AND TELECOMMUNICATIONS,1076
FARALLON CAPITAL MANAGEMENT LLC,CIT Group Inc. (2002),CITGQ,2007-09-30,SH,0.0,0.0,4149.0,227000.0,,0.0018,999999,289,-100.0,soldall,FINANCE,2415
FARALLON CAPITAL MANAGEMENT LLC,Delta Air Lines Inc.,DAL,2007-09-30,SH,0.0,0.0,162191.0,3195000.0,,0.026,999999,129,-100.0,soldall,TRANSPORTS,2421
FARALLON CAPITAL MANAGEMENT LLC,Merrill Lynch & Co. Inc.,MER,2007-09-30,SH,0.0,0.0,2702.0,226000.0,,0.0018,999999,290,-100.0,soldall,FINANCE,2522
FARALLON CAPITAL MANAGEMENT LLC,AutoZone Inc.,AZO,2007-09-30,SH,0.0,0.0,1888.0,258000.0,,0.0021,999999,203,-100.0,soldall,CONSUMER DISCRETIONARY,2609
FARALLON CAPITAL MANAGEMENT LLC,Hasbro Inc.,HAS,2007-09-30,SH,0.0,0.0,7659.0,241000.0,,0.002,999999,246,-100.0,soldall,CONSUMER DISCRETIONARY,2610
FARALLON CAPITAL MANAGEMENT LLC,NVR Inc,NVR,2007-09-30,SH,0.0,0.0,322.0,219000.0,,0.0018,999999,294,-100.0,soldall,CONSUMER DISCRETIONARY,2611
FARALLON CAPITAL MANAGEMENT LLC,Sunoco Inc.,SUN,2007-09-30,SH,0.0,0.0,7977.0,636000.0,,0.0052,999999,145,-100.0,soldall,ENERGY,2613
FARALLON CAPITAL MANAGEMENT LLC,RenaissanceRe Holdings Ltd,RNR,2007-09-30,SH,0.0,0.0,4327.0,268000.0,,0.0022,999999,198,-100.0,soldall,FINANCE,2614
FARALLON CAPITAL MANAGEMENT LLC,Lumen Technologies Inc,LUMN,2007-09-30,SH,0.0,0.0,5039.0,247000.0,,0.002,999999,224,-100.0,soldall,UTILITIES AND TELECOMMUNICATIONS,2632
FARALLON CAPITAL MANAGEMENT LLC,Coventry Health Care Inc.,CVH,2007-09-30,SH,0.0,0.0,4083.0,235000.0,,0.0019,999999,269,-100.0,soldall,HEALTH CARE,2637
FARALLON CAPITAL MANAGEMENT LLC,Darden Restaurants Inc,DRI,2007-09-30,SH,0.0,0.0,9995.58,393000.0,,0.0032,999999,168,-100.0,soldall,CONSUMER DISCRETIONARY,2638
FARALLON CAPITAL MANAGEMENT LLC,Dollar Tree Inc.,DLTR,2007-09-30,SH,0.0,0.0,16908.0,245000.0,,0.002,999999,236,-100.0,soldall,CONSUMER DISCRETIONARY,2640
FARALLON CAPITAL MANAGEMENT LLC,FactSet Research Systems Inc,FDS,2007-09-30,SH,0.0,0.0,5713.0,390000.0,,0.0032,999999,179,-100.0,soldall,INFORMATION TECHNOLOGY,2646
FARALLON CAPITAL MANAGEMENT LLC,Gardner-Denver Inc.,GDI,2007-09-30,SH,0.0,0.0,5790.0,246000.0,,0.002,999999,227,-100.0,soldall,INDUSTRIALS,2651
FARALLON CAPITAL MANAGEMENT LLC,King Pharmaceuticals Inc.,KG,2007-09-30,SH,0.0,0.0,11520.0,236000.0,,0.0019,999999,266,-100.0,soldall,HEALTH CARE,2660
FARALLON CAPITAL MANAGEMENT LLC,Synopsys Inc.,SNPS,2007-09-30,SH,0.0,0.0,23853.0,630000.0,,0.0051,999999,148,-100.0,soldall,INFORMATION TECHNOLOGY,2681
FARALLON CAPITAL MANAGEMENT LLC,Andeavor,ANDV,2007-09-30,SH,0.0,0.0,10830.0,619000.0,,0.005,999999,151,-100.0,soldall,ENERGY,2684
FARALLON CAPITAL MANAGEMENT LLC,Vishay Intertechnology Inc.,VSH,2007-09-30,SH,0.0,0.0,13870.0,219000.0,,0.0018,999999,293,-100.0,soldall,INFORMATION TECHNOLOGY,2695
FARALLON CAPITAL MANAGEMENT LLC,Teleflex Inc.,TFX,2007-09-30,SH,0.0,0.0,3140.0,257000.0,,0.0021,999999,206,-100.0,soldall,INDUSTRIALS,2760
FARALLON CAPITAL MANAGEMENT LLC,Copart Inc.,CPRT,2007-09-30,SH,0.0,0.0,203600.0,389000.0,,0.0032,999999,181,-100.0,soldall,INDUSTRIALS,2766
FARALLON CAPITAL MANAGEMENT LLC,MGIC Investment Corp. (1984),MTG,2007-09-30,SH,0.0,0.0,4081.0,232000.0,,0.0019,999999,279,-100.0,soldall,FINANCE,2774
FARALLON CAPITAL MANAGEMENT LLC,United States Cellular Corp.,USM,2007-09-30,SH,0.0,0.0,2709.0,245000.0,,0.002,999999,233,-100.0,soldall,UTILITIES AND TELECOMMUNICATIONS,2822
FARALLON CAPITAL MANAGEMENT LLC,Johnson Controls International plc (Tyco Laboratories),JCI,2007-09-30,SH,0.0,0.0,869331.01,61160000.0,,0.4982,999999,52,-100.0,soldall,INDUSTRIALS,2837
FARALLON CAPITAL MANAGEMENT LLC,NutriSystem Inc,NTRI,2007-09-30,SH,0.0,0.0,7538.0,526000.0,,0.0043,999999,154,-100.0,soldall,CONSUMER DISCRETIONARY,3383
FARALLON CAPITAL MANAGEMENT LLC,Seaboard Corp. (Hathaway Bakeries),SEB,2007-09-30,SH,0.0,0.0,99.0,232000.0,,0.0019,999999,280,-100.0,soldall,CONSUMER STAPLES,3494
FARALLON CAPITAL MANAGEMENT LLC,Bread Financial Holdings Inc,BFH,2007-09-30,SH,0.0,0.0,619650.0,47887000.0,,0.3901,999999,64,-100.0,soldall,INFORMATION TECHNOLOGY,3569
FARALLON CAPITAL MANAGEMENT LLC,Warner Bros.Discovery Inc,WBD,2007-09-30,SH,0.0,0.0,17027.0,391000.0,,0.0032,999999,171,-100.0,soldall,COMMUNICATIONS,3595
FARALLON CAPITAL MANAGEMENT LLC,Everest Group Ltd,EG,2007-09-30,SH,0.0,0.0,2331.0,253000.0,,0.0021,999999,214,-100.0,soldall,FINANCE,3601
FARALLON CAPITAL MANAGEMENT LLC,OfficeMax Inc. (New),OMX,2007-09-30,SH,0.0,0.0,9865.0,388000.0,,0.0032,999999,183,-100.0,soldall,CONSUMER DISCRETIONARY,3636
FARALLON CAPITAL MANAGEMENT LLC,Platinum Underwriters Holdings Ltd.,PTP,2007-09-30,SH,0.0,0.0,7159.0,249000.0,,0.002,999999,219,-100.0,soldall,FINANCE,3648
FARALLON CAPITAL MANAGEMENT LLC,United States Steel Corp.,X,2007-09-30,SH,0.0,0.0,2156.0,234000.0,,0.0019,999999,272,-100.0,soldall,MATERIALS,3679
FARALLON CAPITAL MANAGEMENT LLC,Coca-Cola European Partners PLC,CCEP,2007-09-30,SH,0.0,0.0,10330.0,248000.0,,0.002,999999,222,-100.0,soldall,CONSUMER STAPLES,3689
FARALLON CAPITAL MANAGEMENT LLC,CompuWare Corp.,CPWR,2007-09-30,SH,0.0,0.0,21345.0,253000.0,,0.0021,999999,212,-100.0,soldall,INFORMATION TECHNOLOGY,3691
FARALLON CAPITAL MANAGEMENT LLC,Gartner Inc.,IT,2007-09-30,SH,0.0,0.0,15787.0,388000.0,,0.0032,999999,182,-100.0,soldall,INFORMATION TECHNOLOGY,3868
FARALLON CAPITAL MANAGEMENT LLC,Atwood Oceanics Inc.,ATW,2007-09-30,SH,0.0,0.0,11516.0,395000.0,,0.0032,999999,162,-100.0,soldall,ENERGY,4012
FARALLON CAPITAL MANAGEMENT LLC,Ford Motor Co.,F,2007-09-30,SH,0.0,0.0,40994.0,386000.0,,0.0031,999999,190,-100.0,soldall,CONSUMER DISCRETIONARY,4032
FARALLON CAPITAL MANAGEMENT LLC,21st Century Fox Inc. Class B,TFCF,2007-09-30,SH,0.0,0.0,1752300.0,37166000.0,,0.3027,999999,80,-100.0,soldall,COMMUNICATIONS,4047
FARALLON CAPITAL MANAGEMENT LLC,Dynegy Inc. (DE) Class A,DYNIQ,2007-09-30,SH,0.0,0.0,566000.0,26715000.0,,0.2176,999999,90,-100.0,soldall,UTILITIES AND TELECOMMUNICATIONS,4078
FARALLON CAPITAL MANAGEMENT LLC,iShares Russell 2000 ETF-iShares Russell 2000 ETF,IWM,2007-09-30,PUT,0.0,0.0,21213600.0,1759880000.0,,14.3357,999999,1,-100.0,soldall,FINANCE,4116
FARALLON CAPITAL MANAGEMENT LLC,Transocean Ltd,RIG,2007-09-30,SH,0.0,0.0,3692.0,391000.0,,0.0032,999999,172,-100.0,soldall,ENERGY,4160
FARALLON CAPITAL MANAGEMENT LLC,United Airlines Holdings Inc,UAL,2007-09-30,SH,0.0,0.0,3450000.0,140036000.0,,1.1407,999999,23,-100.0,soldall,TRANSPORTS,4204
FARALLON CAPITAL MANAGEMENT LLC,Kinetic Concepts Inc. (New),KCI,2007-09-30,SH,0.0,0.0,4918.0,256000.0,,0.0021,999999,209,-100.0,soldall,HEALTH CARE,4284
FARALLON CAPITAL MANAGEMENT LLC,Virtus Diversified Income & Convertible Fund,ACV,2007-09-30,SH,0.0,0.0,26469.0,628000.0,,0.0051,999999,149,-100.0,soldall,MUTUAL FUND,4295
FARALLON CAPITAL MANAGEMENT LLC,Assurant Inc.,AIZ,2007-09-30,SH,0.0,0.0,4142.0,244000.0,,0.002,999999,239,-100.0,soldall,FINANCE,4300
FARALLON CAPITAL MANAGEMENT LLC,Chubb Corp.,CB,2007-09-30,SH,0.0,0.0,4521.0,245000.0,,0.002,999999,237,-100.0,soldall,FINANCE,4311
FARALLON CAPITAL MANAGEMENT LLC,Fidelity National Financial Inc,FNF,2007-09-30,SH,0.0,0.0,137631.67,2265000.0,,0.0185,999999,132,-100.0,soldall,FINANCE,4333
FARALLON CAPITAL MANAGEMENT LLC,L3 Technologies Inc,LLL,2007-09-30,SH,0.0,0.0,2702.43,253000.0,,0.0021,999999,210,-100.0,soldall,INDUSTRIALS,4348
FARALLON CAPITAL MANAGEMENT LLC,Smucker (J.M.) Co.,SJM,2007-09-30,SH,0.0,0.0,10163.0,647000.0,,0.0053,999999,143,-100.0,soldall,CONSUMER STAPLES,4381
FARALLON CAPITAL MANAGEMENT LLC,Endurance Specialty Holdings Ltd,ENH,2007-09-30,SH,0.0,0.0,6277.0,251000.0,,0.002,999999,216,-100.0,soldall,FINANCE,4410
FARALLON CAPITAL MANAGEMENT LLC,Baidu Inc ADR,BIDU,2007-09-30,SH,0.0,0.0,3350000.0,56273000.0,,0.4584,999999,57,-100.0,soldall,COMMUNICATIONS,4807
FARALLON CAPITAL MANAGEMENT LLC,Focus Media Holdings Inc,FMCN,2007-09-30,SH,0.0,0.0,300000.0,15146000.0,,0.1234,999999,106,-100.0,soldall,CONSUMER DISCRETIONARY,4819
FARALLON CAPITAL MANAGEMENT LLC,Biogen Inc,BIIB,2007-09-30,SH,0.0,0.0,4872.0,261000.0,,0.0021,999999,200,-100.0,soldall,HEALTH CARE,4853
FARALLON CAPITAL MANAGEMENT LLC,Cummins Inc,CMI,2007-09-30,SH,0.0,0.0,5350.0,271000.0,,0.0022,999999,194,-100.0,soldall,INDUSTRIALS,4863
FARALLON CAPITAL MANAGEMENT LLC,Equifax Inc.,EFX,2007-09-30,SH,0.0,0.0,1352200.0,60065000.0,,0.4893,999999,55,-100.0,soldall,INDUSTRIALS,4871
FARALLON CAPITAL MANAGEMENT LLC,Mattel Inc.,MAT,2007-09-30,SH,0.0,0.0,8945.0,226000.0,,0.0018,999999,291,-100.0,soldall,CONSUMER DISCRETIONARY,4892
FARALLON CAPITAL MANAGEMENT LLC,Tyson Foods Inc.,TSN,2007-09-30,SH,0.0,0.0,11120.0,256000.0,,0.0021,999999,207,-100.0,soldall,CONSUMER STAPLES,4924
FARALLON CAPITAL MANAGEMENT LLC,Shanghai Century Acquisition Corp.,SHA,2007-09-30,SH,0.0,0.0,503400.0,4229000.0,,0.0344,999999,125,-100.0,soldall,FINANCE,4969
FARALLON CAPITAL MANAGEMENT LLC,McCormick & Co. Non-Voting Shares,MKC,2007-09-30,SH,0.0,0.0,20280.0,387000.0,,0.0032,999999,187,-100.0,soldall,CONSUMER STAPLES,5008
FARALLON CAPITAL MANAGEMENT LLC,Merrill Lynch & Co. Inc. Pharmaceutical HOLDRS Trust Depositary Receipts,PPHYL,2007-09-30,PUT,0.0,0.0,515300.0,42079000.0,,0.3428,999999,71,-100.0,soldall,FINANCE,5015
FARALLON CAPITAL MANAGEMENT LLC,Commerce Group Inc. (MA),CGI,2007-09-30,SH,0.0,0.0,7138.0,248000.0,,0.002,999999,223,-100.0,soldall,FINANCE,5067
FARALLON CAPITAL MANAGEMENT LLC,Endo International plc,ENDPQ,2007-09-30,SH,0.0,0.0,6962.0,238000.0,,0.0019,999999,258,-100.0,soldall,HEALTH CARE,5081
FARALLON CAPITAL MANAGEMENT LLC,Guess Inc,GES,2007-09-30,SH,0.0,0.0,8060.0,387000.0,,0.0032,999999,186,-100.0,soldall,CONSUMER DISCRETIONARY,5094
FARALLON CAPITAL MANAGEMENT LLC,International Flavors and Fragrances Inc.,IFF,2007-09-30,SH,0.0,0.0,7525.0,392000.0,,0.0032,999999,170,-100.0,soldall,MATERIALS,5111
FARALLON CAPITAL MANAGEMENT LLC,Intersil Corp.,ISIL,2007-09-30,SH,0.0,0.0,8047.0,253000.0,,0.0021,999999,211,-100.0,soldall,INFORMATION TECHNOLOGY,5114
FARALLON CAPITAL MANAGEMENT LLC,Telephone and Data Systems Inc,TDS,2007-09-30,SH,0.0,0.0,3954.0,247000.0,,0.002,999999,225,-100.0,soldall,UTILITIES AND TELECOMMUNICATIONS,5173
FARALLON CAPITAL MANAGEMENT LLC,Williams-Sonoma Inc.,WSM,2007-09-30,SH,0.0,0.0,1180000.0,37264000.0,,0.3035,999999,79,-100.0,soldall,CONSUMER DISCRETIONARY,5191
FARALLON CAPITAL MANAGEMENT LLC,Chicago Bridge & Iron Co. NV,CBI,2007-09-30,SH,0.0,0.0,6498.0,245000.0,,0.002,999999,232,-100.0,soldall,INDUSTRIALS,5454
FARALLON CAPITAL MANAGEMENT LLC,J. Crew Group Inc.,JCG,2007-09-30,SH,0.0,0.0,7427.0,402000.0,,0.0033,999999,158,-100.0,soldall,CONSUMER DISCRETIONARY,5607
FARALLON CAPITAL MANAGEMENT LLC,W&T Offshore Inc,WTI,2007-09-30,SH,0.0,0.0,13854.0,388000.0,,0.0032,999999,184,-100.0,soldall,ENERGY,5621
FARALLON CAPITAL MANAGEMENT LLC,Iron Mountain Inc.,IRM,2007-09-30,SH,0.0,0.0,380000.0,9929000.0,,0.0809,999999,114,-100.0,soldall,INDUSTRIALS,5651
FARALLON CAPITAL MANAGEMENT LLC,ASML Holding NV (ADR),ASML,2007-09-30,SH,0.0,0.0,6612.5,265000.0,,0.0022,999999,199,-100.0,soldall,INFORMATION TECHNOLOGY,5673
FARALLON CAPITAL MANAGEMENT LLC,Axis Capital Holdings Ltd,AXS,2007-09-30,SH,0.0,0.0,6400.0,260000.0,,0.0021,999999,201,-100.0,soldall,FINANCE,5676
FARALLON CAPITAL MANAGEMENT LLC,Unit Corp,UNTCQ,2007-09-30,SH,0.0,0.0,3775.0,237000.0,,0.0019,999999,262,-100.0,soldall,ENERGY,5804
FARALLON CAPITAL MANAGEMENT LLC,NetEase Inc ADR,NTES,2007-09-30,SH,0.0,0.0,1500000.0,5106000.0,,0.0416,999999,123,-100.0,soldall,COMMUNICATIONS,6030
FARALLON CAPITAL MANAGEMENT LLC,EMCOR Group Inc.,EME,2007-09-30,SH,0.0,0.0,7518.0,274000.0,,0.0022,999999,192,-100.0,soldall,INDUSTRIALS,6140
FARALLON CAPITAL MANAGEMENT LLC,Koninklijke Philips Electronics NV ADR,PHG,2007-09-30,SH,0.0,0.0,15166.0,642000.0,,0.0052,999999,144,-100.0,soldall,INDUSTRIALS,6379
FARALLON CAPITAL MANAGEMENT LLC,Philippine Long Distance Telephone Co ADR,PHI,2007-09-30,SH,0.0,0.0,1326300.0,75864000.0,,0.618,999999,42,-100.0,soldall,UTILITIES AND TELECOMMUNICATIONS,6417
FARALLON CAPITAL MANAGEMENT LLC,Quantum Corp,QMCO,2007-09-30,SH,0.0,0.0,27350.0,694000.0,,0.0057,999999,141,-100.0,soldall,INFORMATION TECHNOLOGY,6421
FARALLON CAPITAL MANAGEMENT LLC,Aircastle Ltd,AYR,2007-09-30,SH,0.0,0.0,9907.0,394000.0,,0.0032,999999,165,-100.0,soldall,INDUSTRIALS,6603
FARALLON CAPITAL MANAGEMENT LLC,HFF Inc,HF,2007-09-30,SH,0.0,0.0,55000.0,853000.0,,0.0069,999999,139,-100.0,soldall,REAL ESTATE,6849
FARALLON CAPITAL MANAGEMENT LLC,Mindray Medical International Ltd. Class A,MR,2007-09-30,SH,0.0,0.0,850000.0,25951000.0,,0.2114,999999,93,-100.0,soldall,HEALTH CARE,6861
FARALLON CAPITAL MANAGEMENT LLC,Cinemark Holdings Inc,CNK,2007-09-30,SH,0.0,0.0,100000.0,1789000.0,,0.0146,999999,137,-100.0,soldall,COMMUNICATIONS,7055
FARALLON CAPITAL MANAGEMENT LLC,Putnam Premier Income Trust,PPT,2007-09-30,SH,0.0,0.0,636700.0,4202000.0,,0.0342,999999,126,-100.0,soldall,MUTUAL FUND,7513
FARALLON CAPITAL MANAGEMENT LLC,GOLF TRUST OF AMERICA INC,GTA,2007-09-30,SH,0.0,0.0,112200.0,269000.0,,0.0022,999999,197,-100.0,soldall,FINANCE,7967
FARALLON CAPITAL MANAGEMENT LLC,Putnam Master Intermediate Income Trust,PIM,2007-09-30,SH,0.0,0.0,204900.0,1352000.0,,0.011,999999,138,-100.0,soldall,MUTUAL FUND,8206
FARALLON CAPITAL MANAGEMENT LLC,Cascade Microtech Inc,CSCD,2007-09-30,SH,0.0,0.0,451893.0,5418000.0,,0.0441,999999,121,-100.0,soldall,INFORMATION TECHNOLOGY,8667
FARALLON CAPITAL MANAGEMENT LLC,Icahn Enterprises LP,IEP,2007-09-30,SH,0.0,0.0,3862.0,393000.0,,0.0032,999999,167,-100.0,soldall,INDUSTRIALS,9659
FARALLON CAPITAL MANAGEMENT LLC,Acorn International Inc ADR,ATV,2007-09-30,SH,0.0,0.0,115530.0,18631000.0,,0.1518,999999,101,-100.0,soldall,COMMUNICATIONS,9929
FARALLON CAPITAL MANAGEMENT LLC,Ku6 Media Co Ltd ADR,KUTV,2007-09-30,SH,0.0,0.0,600000.0,2700000.0,,0.022,999999,130,-100.0,soldall,INFORMATION TECHNOLOGY,10185
FARALLON CAPITAL MANAGEMENT LLC,Linktone Ltd,LTONY,2007-09-30,SH,0.0,0.0,1700000.0,5321000.0,,0.0433,999999,122,-100.0,soldall,COMMUNICATIONS,10198
FARALLON CAPITAL MANAGEMENT LLC,PDL BioPharma Inc.,PDLI,2007-09-30,SH,0.0,0.0,9288.0,216000.0,,0.0018,999999,295,-100.0,soldall,HEALTH CARE,11330
FARALLON CAPITAL MANAGEMENT LLC,Aetna Inc.,AET,2007-09-30,SH,0.0,0.0,4685.0,231000.0,,0.0019,999999,286,-100.0,soldall,HEALTH CARE,11337
FARALLON CAPITAL MANAGEMENT LLC,Lubrizol Corp.,LZ,2007-09-30,SH,0.0,0.0,3756.0,242000.0,,0.002,999999,245,-100.0,soldall,MATERIALS,11365
FARALLON CAPITAL MANAGEMENT LLC,CommScope Holding Co Inc,COMM,2007-09-30,SH,0.0,0.0,4638.0,271000.0,,0.0022,999999,196,-100.0,soldall,INFORMATION TECHNOLOGY,11383
FARALLON CAPITAL MANAGEMENT LLC,Adtalem Global Education Inc. (Kellery & Taylor Corp. -Devry Inc.),ATGE,2007-09-30,SH,0.0,0.0,7240.0,246000.0,,0.002,999999,229,-100.0,soldall,CONSUMER DISCRETIONARY,11384
FARALLON CAPITAL MANAGEMENT LLC,Sybase Inc.,SY,2007-09-30,SH,0.0,0.0,10430.0,249000.0,,0.002,999999,221,-100.0,soldall,INFORMATION TECHNOLOGY,11402
FARALLON CAPITAL MANAGEMENT LLC,PartnerRe Ltd.,PRE,2007-09-30,SH,0.0,0.0,3247.0,252000.0,,0.0021,999999,215,-100.0,soldall,FINANCE,11408
FARALLON CAPITAL MANAGEMENT LLC,CUBIST PHARMACEUTICALS INC 01/22/2015Non-Confidential,CBST,2007-09-30,SH,0.0,0.0,1710000.0,33704000.0,,0.2745,999999,85,-100.0,soldall,HEALTH CARE,11454
FARALLON CAPITAL MANAGEMENT LLC,Itron Inc.,ITRI,2007-09-30,SH,0.0,0.0,434783.0,33887000.0,,0.276,999999,84,-100.0,soldall,INFORMATION TECHNOLOGY,11485
FARALLON CAPITAL MANAGEMENT LLC,MEDecision Inc,MEDE,2007-09-30,SH,0.0,0.0,375000.0,1868000.0,,0.0152,999999,135,-100.0,soldall,HEALTH CARE,12232
FARALLON CAPITAL MANAGEMENT LLC,CHINA HLTHCR ACQ WTS,CHM-WT1,2007-09-30,SH,0.0,0.0,335000.0,2211000.0,,0.018,999999,133,-100.0,soldall, ,12526
FARALLON CAPITAL MANAGEMENT LLC,Safeco Corp.,SAF,2007-09-30,SH,0.0,0.0,3896.0,243000.0,,0.002,999999,241,-100.0,soldall,FINANCE,60132
FARALLON CAPITAL MANAGEMENT LLC,Life Technologies Corp.,LIFE,2007-09-30,SH,0.0,0.0,6754.0,249000.0,,0.002,999999,218,-100.0,soldall,HEALTH CARE,72076
FARALLON CAPITAL MANAGEMENT LLC,TXU Corp.,TXU,2007-09-30,SH,0.0,0.0,75600.0,5088000.0,,0.0414,999999,124,-100.0,soldall,UTILITIES AND TELECOMMUNICATIONS,97257
FARALLON CAPITAL MANAGEMENT LLC,First Data Corp.,FDC,2007-09-30,SH,0.0,0.0,15842200.0,517565000.0,,4.216,999999,3,-100.0,soldall,INFORMATION TECHNOLOGY,97351
FARALLON CAPITAL MANAGEMENT LLC,Biomet Inc.,BMET,2007-09-30,SH,0.0,0.0,8346203.0,381588000.0,,3.1084,999999,6,-100.0,soldall,HEALTH CARE,97393
FARALLON CAPITAL MANAGEMENT LLC,Digene Corp,DIGE,2007-09-30,SH,0.0,0.0,180000.0,10809000.0,,0.088,999999,109,-100.0,soldall,HEALTH CARE,99793
FARALLON CAPITAL MANAGEMENT LLC,Spirit Finance Corp.,SFC,2007-09-30,SH,0.0,0.0,4250000.0,61880000.0,,0.5041,999999,51,-100.0,soldall,FINANCE,104929
FARALLON CAPITAL MANAGEMENT LLC,Dollar General Corp. (Old),DG,2007-09-30,SH,0.0,0.0,6865000.0,150481000.0,,1.2258,999999,18,-100.0,soldall,CONSUMER DISCRETIONARY,107070
