Filer Name,Stock Name,Stock Ticker,Quarter Date,Type of Security,Current Shares Held,Current Market Value,Previous Shares Held,Previous Market Value,Current % of Portfolio,Previous % of Portfolio,Current Rank,Previous Rank,Change in Shares,Type of Change,Sector,stock_id
FARALLON CAPITAL MANAGEMENT LLC,Motorola Mobility Holdings Inc,MMI,2011-12-31,SH,11820000.0,458616000.0,10565000.0,399146000.0,10.9995,10.2284,1,1,11.878845,addition,INFORMATION TECHNOLOGY,107758
FARALLON CAPITAL MANAGEMENT LLC,Goodrich Corporation,GR,2011-12-31,SH,3430000.0,424291000.0,1225000.0,147833000.0,10.1763,3.7883,2,5,180.0,addition,INDUSTRIALS,11377
FARALLON CAPITAL MANAGEMENT LLC,El Paso Corp.,EP,2011-12-31,SH,14557200.0,386785000.0,0.0,0.0,9.2767,,3,999999,,new,ENERGY,644
FARALLON CAPITAL MANAGEMENT LLC,Owens-IL Inc,OI,2011-12-31,SH,10094900.0,195639000.0,10163949.0,153679000.0,4.6922,3.9381,4,3,-0.679352,reduction,MATERIALS,6411
FARALLON CAPITAL MANAGEMENT LLC,Pharmasset Inc,VRUS,2011-12-31,SH,1245000.0,159609000.0,0.0,0.0,3.8281,,5,999999,,new,HEALTH CARE,3645
FARALLON CAPITAL MANAGEMENT LLC,Hudson Pacific Properties Inc,HPP,2011-12-31,SH,10233860.0,144911000.0,10233860.0,119020000.0,3.4756,3.05,6,12,0.0,,REAL ESTATE,90510
FARALLON CAPITAL MANAGEMENT LLC,Oracle Corp,ORCL,2011-12-31,SH,5560000.0,142614000.0,4490000.0,129043000.0,3.4205,3.3068,7,9,23.830735,addition,INFORMATION TECHNOLOGY,20
FARALLON CAPITAL MANAGEMENT LLC,21st Century Fox Inc. Class B,TFCF,2011-12-31,SH,7762000.0,138474000.0,6460000.0,99936000.0,3.3212,2.5609,8,14,20.154799,addition,COMMUNICATIONS,4047
FARALLON CAPITAL MANAGEMENT LLC,State Street Corp. (State Street Bank & Trust Co. Boston MA),STT,2011-12-31,SH,3289000.0,132580000.0,4707500.0,151393000.0,3.1798,3.8795,9,4,-30.132767,reduction,FINANCE,281
FARALLON CAPITAL MANAGEMENT LLC,Alphabet Inc. Class A,GOOGL,2011-12-31,SH,3850000.0,124336000.0,4950000.0,127309000.0,2.9821,3.2624,10,10,-22.222222,reduction,COMMUNICATIONS,4112
FARALLON CAPITAL MANAGEMENT LLC,Union Pacific Corp.,UNP,2011-12-31,SH,2150000.0,113886000.0,2244000.0,91634000.0,2.7315,2.3482,11,15,-4.188948,reduction,TRANSPORTS,473
FARALLON CAPITAL MANAGEMENT LLC,Target Corp.,TGT,2011-12-31,SH,2112256.0,108190000.0,2755000.0,135105000.0,2.5948,3.4622,12,8,-23.330091,reduction,CONSUMER DISCRETIONARY,305
FARALLON CAPITAL MANAGEMENT LLC,Comcast Corp.  Class A,CMCSA,2011-12-31,SH,8680000.0,102901000.0,13770000.0,143897000.0,2.468,3.6875,13,6,-36.964415,reduction,COMMUNICATIONS,3995
FARALLON CAPITAL MANAGEMENT LLC,Microsoft Corp.,MSFT,2011-12-31,SH,3885000.0,100855000.0,4515000.0,112378000.0,2.4189,2.8798,14,13,-13.953488,reduction,INFORMATION TECHNOLOGY,178
FARALLON CAPITAL MANAGEMENT LLC,VISA Inc,V,2011-12-31,SH,3920000.0,99499000.0,6631348.0,142110000.0,2.3864,3.6417,15,7,-40.88683,reduction,FINANCE,45920
FARALLON CAPITAL MANAGEMENT LLC,General Dynamics Corp. (Electric Boat),GD,2011-12-31,SH,1335000.0,88657000.0,2105000.0,119753000.0,2.1264,3.0688,16,11,-36.579572,reduction,INDUSTRIALS,229
FARALLON CAPITAL MANAGEMENT LLC,American Tower Corp. Class A,AMT,2011-12-31,SH,1410000.0,84614000.0,730000.0,39274000.0,2.0294,1.0064,17,36,93.150685,addition,UTILITIES AND TELECOMMUNICATIONS,4850
FARALLON CAPITAL MANAGEMENT LLC,Medco Health Solutions Inc.,MHS,2011-12-31,SH,1450000.0,81055000.0,1800000.0,84402000.0,1.944,2.1629,18,16,-19.444444,reduction,HEALTH CARE,430
FARALLON CAPITAL MANAGEMENT LLC,BP Plc ADR (British Petroleum),BP,2011-12-31,SH,1795000.0,76718000.0,1795000.0,64746000.0,1.84,1.6592,19,22,0.0,,ENERGY,2506
FARALLON CAPITAL MANAGEMENT LLC,Fidelity National Information Services Inc,FIS,2011-12-31,SH,2825000.0,75117000.0,2525000.0,61408000.0,1.8016,1.5736,20,24,11.881188,addition,FINANCE,2403
FARALLON CAPITAL MANAGEMENT LLC,TransDigm Group Inc,TDG,2011-12-31,SH,759399.0,72659000.0,790399.0,64552000.0,1.7427,1.6542,21,23,-3.92207,reduction,INDUSTRIALS,2714
FARALLON CAPITAL MANAGEMENT LLC,Elevance Health Inc,ELV,2011-12-31,SH,995000.0,65919000.0,740000.0,48307000.0,1.581,1.2379,22,28,34.459459,addition,HEALTH CARE,175259
FARALLON CAPITAL MANAGEMENT LLC,Check Point Software Technologies Ltd,CHKP,2011-12-31,SH,1235000.0,64887000.0,0.0,0.0,1.5563,,23,999999,,new,INFORMATION TECHNOLOGY,11405
FARALLON CAPITAL MANAGEMENT LLC,Progressive Waste Solutions Inc.,BIN,2011-12-31,SH,1564741.1,63728000.0,1564741.1,66949000.0,1.5285,1.7156,24,21,0.0,,INDUSTRIALS,78328
FARALLON CAPITAL MANAGEMENT LLC,QUALCOMM Inc.,QCOM,2011-12-31,SH,1099000.0,60115000.0,0.0,0.0,1.4418,,25,999999,,new,INFORMATION TECHNOLOGY,273
FARALLON CAPITAL MANAGEMENT LLC,Wells Fargo & Co.  (Northwest Bancorporation),WFC,2011-12-31,SH,2160000.0,59530000.0,2995000.0,72239000.0,1.4278,1.8512,26,18,-27.8798,reduction,FINANCE,309
FARALLON CAPITAL MANAGEMENT LLC,Pall Corp.,PLL,2011-12-31,SH,944596.0,53984000.0,0.0,0.0,1.2948,,27,999999,,new,INDUSTRIALS,447
FARALLON CAPITAL MANAGEMENT LLC,Knology Inc,KNOL,2011-12-31,SH,3587394.0,50941000.0,3587394.0,46564000.0,1.2218,1.1932,28,30,0.0,,CONSUMER DISCRETIONARY,11486
FARALLON CAPITAL MANAGEMENT LLC,Baxter International Inc.,BAX,2011-12-31,SH,885000.0,43790000.0,715000.0,40140000.0,1.0503,1.0286,29,35,23.776224,addition,HEALTH CARE,206
FARALLON CAPITAL MANAGEMENT LLC,Chevron Corp. (Standard Oil of California),CVX,2011-12-31,PUT,306500.0,32612000.0,306500.0,28379000.0,0.7822,0.7272,30,41,0.0,,ENERGY,214
FARALLON CAPITAL MANAGEMENT LLC,ExxonMobil Corp. (Standard Oil of New Jersey),XOM,2011-12-31,PUT,381000.0,32294000.0,381000.0,27672000.0,0.7745,0.7091,31,43,0.0,,ENERGY,228
FARALLON CAPITAL MANAGEMENT LLC,Town Sports Intl Holdings Inc,CLUBQ,2011-12-31,SH,4060082.0,29842000.0,4060082.0,29476000.0,0.7157,0.7553,32,40,0.0,,CONSUMER DISCRETIONARY,1027
FARALLON CAPITAL MANAGEMENT LLC,FEI Company,FEIC,2011-12-31,SH,692428.0,28237000.0,883140.0,26459000.0,0.6772,0.678,33,44,-21.594764,reduction,INFORMATION TECHNOLOGY,11498
FARALLON CAPITAL MANAGEMENT LLC,Pharmasset Inc,VRUS,2011-12-31,PUT,200000.0,25640000.0,0.0,0.0,0.615,,34,999999,,new,HEALTH CARE,3645
FARALLON CAPITAL MANAGEMENT LLC,Life Technologies Corp.,LIFE,2011-12-31,SH,540364.0,21026000.0,527260.0,20263000.0,0.5043,0.5193,35,47,2.485301,addition,HEALTH CARE,72076
FARALLON CAPITAL MANAGEMENT LLC,Tenet Healthcare Corp.,THC,2011-12-31,SH,1020625.0,20943000.0,1020625.0,16861000.0,0.5023,0.4321,36,48,0.0,,HEALTH CARE,831
FARALLON CAPITAL MANAGEMENT LLC,Shanda Interactive Entertainment Ltd,SNDA,2011-12-31,SH,448043.0,17926000.0,0.0,0.0,0.4299,,37,999999,,new,INFORMATION TECHNOLOGY,4911
FARALLON CAPITAL MANAGEMENT LLC,Orbimage Inc,GEOY,2011-12-31,SH,800579.0,17789000.0,800579.0,22696000.0,0.4267,0.5816,38,45,0.0,,INDUSTRIALS,6358
FARALLON CAPITAL MANAGEMENT LLC,CVS Health Corp. (Melville Shoe),CVS,2011-12-31,SH,383236.0,15628000.0,1291400.0,43365000.0,0.3748,1.1113,39,33,-70.323989,reduction,CONSUMER STAPLES,221
FARALLON CAPITAL MANAGEMENT LLC,eBay Inc.,EBAY,2011-12-31,SH,495345.0,15024000.0,168510.0,4969000.0,0.3603,0.1273,40,61,193.955848,addition,CONSUMER DISCRETIONARY,399
FARALLON CAPITAL MANAGEMENT LLC,Altaba Inc. (Yahoo),AABA,2011-12-31,SH,930000.0,15001000.0,0.0,0.0,0.3598,,41,999999,,new,FINANCE,2412
FARALLON CAPITAL MANAGEMENT LLC,HCA Healthcare Inc,HCA,2011-12-31,SH,585000.0,12888000.0,535000.0,10786000.0,0.3091,0.2764,42,53,9.345794,addition,HEALTH CARE,111617
FARALLON CAPITAL MANAGEMENT LLC,Ovintiv Inc. (Pan Canadian Energy - Encana Corp.),OVV,2011-12-31,SH,133527.2,12371000.0,142352.0,13673000.0,0.2967,0.3504,43,51,-6.199281,reduction,ENERGY,112
FARALLON CAPITAL MANAGEMENT LLC,Beacon Roofing Supply Inc,BECN,2011-12-31,SH,436364.0,8828000.0,410000.0,6556000.0,0.2117,0.168,44,58,6.430244,addition,INDUSTRIALS,207
FARALLON CAPITAL MANAGEMENT LLC,Westport Fuel,WPRT,2011-12-31,SH,234200.0,7785000.0,0.0,0.0,0.1867,,45,999999,,new,CONSUMER DISCRETIONARY,46888
FARALLON CAPITAL MANAGEMENT LLC,Nutrien Ltd,NTR,2011-12-31,SH,185455.0,7656000.0,209100.0,9037000.0,0.1836,0.2316,46,54,-11.307987,reduction,MATERIALS,267
FARALLON CAPITAL MANAGEMENT LLC,Fuel Systems Solutions Inc.,FSYS,2011-12-31,SH,450545.0,7429000.0,344000.0,6608000.0,0.1782,0.1693,47,57,30.972384,addition,CONSUMER DISCRETIONARY,6149
FARALLON CAPITAL MANAGEMENT LLC,Fresh Del Monte Produce Inc.,FDP,2011-12-31,SH,294182.0,7357000.0,331690.0,7695000.0,0.1765,0.1972,48,55,-11.308149,reduction,CONSUMER STAPLES,4034
FARALLON CAPITAL MANAGEMENT LLC,Tata Motors Ltd ADR,TTM,2011-12-31,SH,377014.0,6372000.0,377014.0,5798000.0,0.1528,0.1486,49,59,0.0,,INDUSTRIALS,3792
FARALLON CAPITAL MANAGEMENT LLC,NYSE EuroNext Inc.,NYX,2011-12-31,SH,242500.0,6329000.0,242500.0,5636000.0,0.1518,0.1444,50,60,0.0,,FINANCE,4359
FARALLON CAPITAL MANAGEMENT LLC,Chiquita Brands International Inc,CQB,2011-12-31,SH,756727.0,6311000.0,853210.0,7116000.0,0.1514,0.1824,51,56,-11.308236,reduction,CONSUMER STAPLES,11517
FARALLON CAPITAL MANAGEMENT LLC,Advanced Analogic Technologies Inc,AATI,2011-12-31,SH,1000000.0,5780000.0,498902.0,2160000.0,0.1386,0.0554,52,67,100.440167,addition,INFORMATION TECHNOLOGY,962
FARALLON CAPITAL MANAGEMENT LLC,Sanofi Contingent Rights expires 12/31/20,GCVRZ,2011-12-31,SH,4550000.0,5460000.0,4550000.0,4823000.0,0.131,0.1236,53,62,0.0,,HEALTH CARE,112664
FARALLON CAPITAL MANAGEMENT LLC,Blue Coat Systems Inc,BCSI,2011-12-31,SH,200000.0,5090000.0,0.0,0.0,0.1221,,54,999999,,new,INFORMATION TECHNOLOGY,4854
FARALLON CAPITAL MANAGEMENT LLC,LPL Financial Holdings Inc,LPLA,2011-12-31,SH,133206.0,4068000.0,1089587.0,27697000.0,0.0976,0.7098,55,42,-87.774634,reduction,FINANCE,108028
FARALLON CAPITAL MANAGEMENT LLC,FLIR Systems Inc,FLIR,2011-12-31,SH,162182.0,4066000.0,141450.0,3543000.0,0.0975,0.0908,56,65,14.656769,addition,INFORMATION TECHNOLOGY,3530
FARALLON CAPITAL MANAGEMENT LLC,United Rentals Inc.,URI,2011-12-31,SH,109100.0,3224000.0,0.0,0.0,0.0773,,57,999999,,new,INDUSTRIALS,324
FARALLON CAPITAL MANAGEMENT LLC,Dole Food Co. Inc. (New),DOLE,2011-12-31,SH,363636.0,3145000.0,410000.0,4100000.0,0.0754,0.1051,58,64,-11.308293,reduction,CONSUMER STAPLES,83576
FARALLON CAPITAL MANAGEMENT LLC,S1 Corp.,SONE,2011-12-31,SH,300000.0,2871000.0,0.0,0.0,0.0689,,59,999999,,new,INFORMATION TECHNOLOGY,11470
FARALLON CAPITAL MANAGEMENT LLC,HORSEHEAD HLDG CORP COM STK (DE),ZINCQ,2011-12-31,SH,213100.0,1920000.0,205500.0,1525000.0,0.046,0.0391,60,68,3.698297,addition,MATERIALS,3870
FARALLON CAPITAL MANAGEMENT LLC,Linktone Ltd,LTONY,2011-12-31,SH,1167032.0,1365000.0,1279000.0,1023000.0,0.0327,0.0262,61,70,-8.754339,reduction,COMMUNICATIONS,10198
FARALLON CAPITAL MANAGEMENT LLC,Aptiv PLC,APTV,2011-12-31,SH,56510.02,1020000.0,0.0,0.0,0.0245,,62,999999,,new,INDUSTRIALS,115728
FARALLON CAPITAL MANAGEMENT LLC,Savient Pharmaceuticals Inc.,SVNT,2011-12-31,SH,300000.0,669000.0,300000.0,1230000.0,0.016,0.0315,63,69,0.0,,HEALTH CARE,3393
FARALLON CAPITAL MANAGEMENT LLC,Fanhua Inc ADR,FANH,2011-12-31,SH,80000.0,554000.0,80000.0,560000.0,0.0133,0.0144,64,71,0.0,,FINANCE,6275
FARALLON CAPITAL MANAGEMENT LLC,Roper Technologies Inc,ROP,2011-12-31,SH,0.0,0.0,61500.0,4238000.0,,0.1086,999999,63,-100.0,soldall,INDUSTRIALS,576
FARALLON CAPITAL MANAGEMENT LLC,Kinetic Concepts Inc. (New),KCI,2011-12-31,SH,0.0,0.0,830000.0,54689000.0,,1.4014,999999,26,-100.0,soldall,HEALTH CARE,4284
FARALLON CAPITAL MANAGEMENT LLC,Shell Plc,SHEL,2011-12-31,PUT,0.0,0.0,219000.0,13473000.0,,0.3453,999999,52,-100.0,soldall,ENERGY,4172
FARALLON CAPITAL MANAGEMENT LLC,Temple-Inland Inc.,TIN,2011-12-31,SH,0.0,0.0,1430000.0,44859000.0,,1.1495,999999,32,-100.0,soldall,MATERIALS,4386
FARALLON CAPITAL MANAGEMENT LLC,CapitalSource Inc.,CSE,2011-12-31,PRN,0.0,0.0,41000000.0,41871000.0,,1.073,999999,34,-100.0,soldall,FINANCE,2547
FARALLON CAPITAL MANAGEMENT LLC,Viacom Inc.  Class B,VIAB,2011-12-31,SH,0.0,0.0,1871000.0,72483000.0,,1.8574,999999,17,-100.0,soldall,COMMUNICATIONS,2530
FARALLON CAPITAL MANAGEMENT LLC,CarMax Inc.,KMX,2011-12-31,SH,0.0,0.0,123000.0,2934000.0,,0.0752,999999,66,-100.0,soldall,CONSUMER DISCRETIONARY,5061
FARALLON CAPITAL MANAGEMENT LLC,Southern Union Co. (New),SUG,2011-12-31,SH,0.0,0.0,1159900.0,47057000.0,,1.2059,999999,29,-100.0,soldall,UTILITIES AND TELECOMMUNICATIONS,5480
FARALLON CAPITAL MANAGEMENT LLC,Home Depot Inc. (The),HD,2011-12-31,SH,0.0,0.0,2110000.0,69356000.0,,1.7773,999999,20,-100.0,soldall,CONSUMER DISCRETIONARY,354
FARALLON CAPITAL MANAGEMENT LLC,Anheuser-Busch Inbev SA ADR,BUD,2011-12-31,SH,0.0,0.0,421530.0,22333000.0,,0.5723,999999,46,-100.0,soldall,CONSUMER STAPLES,372
FARALLON CAPITAL MANAGEMENT LLC,Varian Semiconductor Equipment Associates Inc.,VSEA,2011-12-31,SH,0.0,0.0,1160000.0,70934000.0,,1.8177,999999,19,-100.0,soldall,INFORMATION TECHNOLOGY,1004
FARALLON CAPITAL MANAGEMENT LLC,Nalco Holding Co.,NLC,2011-12-31,SH,0.0,0.0,4724000.0,165246000.0,,4.2345,999999,2,-100.0,soldall,MATERIALS,4067
FARALLON CAPITAL MANAGEMENT LLC,Blackboard Inc,BBBB,2011-12-31,SH,0.0,0.0,677291.0,30248000.0,,0.7751,999999,39,-100.0,soldall,INFORMATION TECHNOLOGY,11516
FARALLON CAPITAL MANAGEMENT LLC,EPL Oil & Gas Inc.,EPL,2011-12-31,SH,0.0,0.0,1421073.0,15731000.0,,0.4031,999999,49,-100.0,soldall,ENERGY,647
FARALLON CAPITAL MANAGEMENT LLC,Global Industries Ltd,GLBL,2011-12-31,PRN,0.0,0.0,16082000.0,15695000.0,,0.4022,999999,50,-100.0,soldall,ENERGY,655
FARALLON CAPITAL MANAGEMENT LLC,Crown Castle International Corp,CCI,2011-12-31,SH,0.0,0.0,920000.0,37416000.0,,0.9588,999999,38,-100.0,soldall,UTILITIES AND TELECOMMUNICATIONS,2617
FARALLON CAPITAL MANAGEMENT LLC,NetLease Corporate Real Estate ETF-NETLease Corporate Real Estate ETF,NETL,2011-12-31,SH,0.0,0.0,1027500.0,49433000.0,,1.2668,999999,27,-100.0,soldall,MUTUAL FUND,925
FARALLON CAPITAL MANAGEMENT LLC,Expedia Group Inc,EXPE,2011-12-31,SH,0.0,0.0,1170000.0,60255000.0,,1.5441,999999,25,-100.0,soldall,CONSUMER DISCRETIONARY,936
FARALLON CAPITAL MANAGEMENT LLC,Granite Real Estate Investment Trusts,GRP.U,2011-12-31,SH,0.0,0.0,1430413.0,37977000.0,,0.9732,999999,37,-100.0,soldall,REAL ESTATE,139082
FARALLON CAPITAL MANAGEMENT LLC,Charles Schwab Corp,SCHW,2011-12-31,SH,0.0,0.0,4045000.0,45587000.0,,1.1682,999999,31,-100.0,soldall,FINANCE,3661
