Filer Name,Stock Name,Stock Ticker,Quarter Date,Type of Security,Current Shares Held,Current Market Value,Previous Shares Held,Previous Market Value,Current % of Portfolio,Previous % of Portfolio,Current Rank,Previous Rank,Change in Shares,Type of Change,Sector,stock_id
FARALLON CAPITAL MANAGEMENT LLC,CapitalSource Inc.,CSE,2004-12-31,SH,22996646.0,590324000.0,22996646.0,513745000.0,13.0767,10.4036,1,2,0.0,,FINANCE,2547
FARALLON CAPITAL MANAGEMENT LLC,Bank of America Corp. (North Carolina National Bank),BAC,2004-12-31,SH,8012613.0,376513000.0,8578571.0,371709000.0,8.3404,7.5273,2,3,-6.597346,reduction,FINANCE,205
FARALLON CAPITAL MANAGEMENT LLC,Guidant Corp,GDT,2004-12-31,SH,3526100.0,254232000.0,0.0,0.0,5.6317,,3,999999,,new,HEALTH CARE,100971
FARALLON CAPITAL MANAGEMENT LLC,Caesars Entertainment Inc.,CZR,2004-12-31,SH,11648800.0,234607000.0,9860000.0,164661000.0,5.197,3.3345,4,6,18.141988,addition,CONSUMER DISCRETIONARY,97171
FARALLON CAPITAL MANAGEMENT LLC,SPDR(R) Portfolio Mortgage Backed Bond ETF-SPDR(R) Portfolio Mortgage Backed Bond ETF,SPMB,2004-12-31,SH,3273000.0,230517000.0,3085100.0,211792000.0,5.1064,4.2889,5,4,6.090564,addition,MUTUAL FUND,107351
FARALLON CAPITAL MANAGEMENT LLC,Elevance Health Inc,ELV,2004-12-31,SH,3080000.0,177100000.0,3116000.0,135935000.0,3.9231,2.7528,6,9,-1.155327,reduction,HEALTH CARE,175259
FARALLON CAPITAL MANAGEMENT LLC,PG&E Corp. (Pacific Gas & Electric),PCG,2004-12-31,SH,3862697.0,128551000.0,4592997.0,139627000.0,2.8476,2.8275,7,8,-15.900293,reduction,UTILITIES AND TELECOMMUNICATIONS,4367
FARALLON CAPITAL MANAGEMENT LLC,OfficeMax Inc. (New),OMX,2004-12-31,SH,3905164.0,122544000.0,3075864.0,102365000.0,2.7146,2.073,8,10,26.96153,addition,CONSUMER DISCRETIONARY,3636
FARALLON CAPITAL MANAGEMENT LLC,Amylin Pharmaceuticals,AMLN,2004-12-31,SH,4986000.0,116473000.0,4986000.0,102313000.0,2.5801,2.0719,9,11,0.0,,HEALTH CARE,3576
FARALLON CAPITAL MANAGEMENT LLC,DPL Incorporated,DPL,2004-12-31,SH,3887300.0,97610000.0,7036500.0,144811000.0,2.1622,2.9325,10,7,-44.755205,reduction,UTILITIES AND TELECOMMUNICATIONS,4992
FARALLON CAPITAL MANAGEMENT LLC,Sina Corp,SINA,2004-12-31,PRN,57500000.0,86322000.0,23300000.0,30407000.0,1.9122,0.6158,11,37,146.781116,addition,COMMUNICATIONS,5478
FARALLON CAPITAL MANAGEMENT LLC,Atherogenics Inc,AGIXQ,2004-12-31,SH,2950000.0,69502000.0,2500000.0,82375000.0,1.5396,1.6681,12,16,18.0,addition,HEALTH CARE,3907
FARALLON CAPITAL MANAGEMENT LLC,Sealed Air Corp.,SEE,2004-12-31,SH,2400000.0,63924000.0,2400000.0,55620000.0,1.416,1.1263,13,19,0.0,,MATERIALS,3662
FARALLON CAPITAL MANAGEMENT LLC,Phelps Dodge Corp.,PD,2004-12-31,SH,1152400.0,56998000.0,952400.0,43825000.0,1.2626,0.8875,14,27,20.99958,addition,MATERIALS,103873
FARALLON CAPITAL MANAGEMENT LLC,Freddie Mac (Federal Home Loan Mortgage Corp.),FMCC,2004-12-31,SH,759500.0,55975000.0,687500.0,44853000.0,1.2399,0.9083,15,26,10.472727,addition,FINANCE,2416
FARALLON CAPITAL MANAGEMENT LLC,Nutrien Ltd,NTR,2004-12-31,SH,654000.0,54321000.0,769000.0,49347000.0,1.2033,0.9993,16,22,-14.954486,reduction,MATERIALS,267
FARALLON CAPITAL MANAGEMENT LLC,CoreCivic Inc. (Corrections Corp. of America),CXW,2004-12-31,SH,3900000.0,52585000.0,3900000.0,45968000.0,1.1649,0.9309,17,25,0.0,,REAL ESTATE,4021
FARALLON CAPITAL MANAGEMENT LLC,Essendant Inc,ESND,2004-12-31,SH,2172236.0,50179000.0,4122994.0,89469000.0,1.1116,1.8118,18,14,-47.314112,reduction,INDUSTRIALS,2690
FARALLON CAPITAL MANAGEMENT LLC,Platinum Underwriters Holdings Ltd.,PTP,2004-12-31,SH,1593300.0,49552000.0,1989800.0,58261000.0,1.0977,1.1798,19,18,-19.926626,reduction,FINANCE,3648
FARALLON CAPITAL MANAGEMENT LLC,OSI Pharmaceuticals Inc.,OSIP,2004-12-31,SH,643000.0,48129000.0,66705.0,4100000.0,1.0661,0.083,20,90,863.945731,addition,HEALTH CARE,180
FARALLON CAPITAL MANAGEMENT LLC,Nextel Communications Inc. Class A,NXTL,2004-12-31,SH,1600000.0,48016000.0,0.0,0.0,1.0636,,21,999999,,new,INFORMATION TECHNOLOGY,97432
FARALLON CAPITAL MANAGEMENT LLC,Countrywide Financial Corp.,CFC,2004-12-31,SH,1199900.0,44408000.0,945000.0,37224000.0,0.9837,0.7538,22,32,26.973545,addition,FINANCE,772
FARALLON CAPITAL MANAGEMENT LLC,Arch Capital Group Ltd.,ACGL,2004-12-31,SH,10041192.0,43177000.0,10041192.0,43445000.0,0.9564,0.8798,23,28,0.0,,FINANCE,6468
FARALLON CAPITAL MANAGEMENT LLC,Province Healthcare Company,PRV,2004-12-31,SH,1918000.0,42867000.0,1845000.0,38597000.0,0.9496,0.7816,24,31,3.95664,addition,HEALTH CARE,104208
FARALLON CAPITAL MANAGEMENT LLC,Liberty Media Group Inc. Class A,LMCA,2004-12-31,SH,3888700.0,42698000.0,4888700.0,42629000.0,0.9458,0.8633,25,29,-20.455336,reduction,CONSUMER DISCRETIONARY,107293
FARALLON CAPITAL MANAGEMENT LLC,Granite Real Estate Investment Trusts,GRP.U,2004-12-31,SH,1377400.0,41556000.0,1393300.0,35250000.0,0.9205,0.7138,26,34,-1.141176,reduction,REAL ESTATE,139082
FARALLON CAPITAL MANAGEMENT LLC,Freeport-McMoRan Copper & Gold Inc,FCX,2004-12-31,SH,2033000.0,38861000.0,1533000.0,31043000.0,0.8608,0.6286,27,36,32.615786,addition,MATERIALS,652
FARALLON CAPITAL MANAGEMENT LLC,Williams Cos. (The),WMB,2004-12-31,SH,2354300.0,38352000.0,2184300.0,26430000.0,0.8496,0.5352,28,42,7.782814,addition,ENERGY,532
FARALLON CAPITAL MANAGEMENT LLC,Clear Channel Communications Inc.,CCU,2004-12-31,SH,1117500.0,37425000.0,0.0,0.0,0.829,,29,999999,,new,CONSUMER DISCRETIONARY,878
FARALLON CAPITAL MANAGEMENT LLC,Ligand Pharmaceuticals Inc.,LGND,2004-12-31,PRN,5023737.88,37377000.0,5023737.88,33018000.0,0.828,0.6686,30,35,0.0,,HEALTH CARE,7325
FARALLON CAPITAL MANAGEMENT LLC,DST Systems Inc. (DE),DST,2004-12-31,SH,1355800.0,35332000.0,1355800.0,30146000.0,0.7827,0.6105,31,38,0.0,,INFORMATION TECHNOLOGY,4025
FARALLON CAPITAL MANAGEMENT LLC,State Street Corp. (State Street Bank & Trust Co. Boston MA),STT,2004-12-31,SH,691800.0,33981000.0,0.0,0.0,0.7527,,32,999999,,new,FINANCE,281
FARALLON CAPITAL MANAGEMENT LLC,CEMEX S.A. de C.V. Series A (Sponsored ADR) ADR,CX,2004-12-31,SH,1902160.0,33306000.0,2981680.0,40339000.0,0.7378,0.8169,33,30,-36.205092,reduction,MATERIALS,5509
FARALLON CAPITAL MANAGEMENT LLC,CORINTHIAN COLLEGES INC,COCOQ,2004-12-31,SH,1745632.0,32896000.0,0.0,0.0,0.7287,,34,999999,,new,CONSUMER DISCRETIONARY,5070
FARALLON CAPITAL MANAGEMENT LLC,Barnes & Noble Inc,BKS,2004-12-31,SH,1016200.0,32793000.0,0.0,0.0,0.7264,,35,999999,,new,CONSUMER DISCRETIONARY,2796
FARALLON CAPITAL MANAGEMENT LLC,PEABODY ENERGY CORP COM STK NEW,BTUUQ,2004-12-31,SH,106720.0,32364000.0,0.0,0.0,0.7169,,36,999999,,new,ENERGY,1025
FARALLON CAPITAL MANAGEMENT LLC,VISX Inc. (New),EYE,2004-12-31,SH,1242600.0,32146000.0,0.0,0.0,0.7121,,37,999999,,new,HEALTH CARE,107617
FARALLON CAPITAL MANAGEMENT LLC,Arbor Realty Trust,ABR,2004-12-31,SH,1192800.0,29271000.0,355000.0,7881000.0,0.6484,0.1596,38,75,236.0,addition,REAL ESTATE,5208
FARALLON CAPITAL MANAGEMENT LLC,Grupo Televisa S.A. GDR,TV,2004-12-31,SH,1911200.0,28907000.0,1820800.0,24003000.0,0.6403,0.4861,39,46,4.964851,addition,COMMUNICATIONS,5537
FARALLON CAPITAL MANAGEMENT LLC,GMH Communities Trust,GCT,2004-12-31,SH,1884500.0,26571000.0,0.0,0.0,0.5886,,40,999999,,new,FINANCE,2560
FARALLON CAPITAL MANAGEMENT LLC,MabVax Therapeutics Holdings Inc,MBVXQ,2004-12-31,SH,250.07,25556000.0,250.07,29775000.0,0.5661,0.603,41,39,0.0,,HEALTH CARE,7626
FARALLON CAPITAL MANAGEMENT LLC,Davita Inc.,DVA,2004-12-31,SH,1290000.0,25497000.0,0.0,0.0,0.5648,,42,999999,,new,HEALTH CARE,3395
FARALLON CAPITAL MANAGEMENT LLC,Methanex Corp,MEOH,2004-12-31,SH,1382530.0,25245000.0,1600000.0,24112000.0,0.5592,0.4883,43,45,-13.591875,reduction,MATERIALS,687
FARALLON CAPITAL MANAGEMENT LLC,City Investing Co. Liquidating Trust,CNVLZ,2004-12-31,SH,12383951.0,23901000.0,12383151.0,24271000.0,0.5295,0.4915,44,44,0.00646,addition,FINANCE,170911
FARALLON CAPITAL MANAGEMENT LLC,Banco LatinoAmero de Comercio Exterior S,BLX,2004-12-31,SH,1166700.0,23264000.0,3136712.0,48149000.0,0.5153,0.975,45,23,-62.805001,reduction,FINANCE,8370
FARALLON CAPITAL MANAGEMENT LLC,NPS PHARMACEUTICALS INC,NPSP,2004-12-31,PRN,25100000.0,23218000.0,62700000.0,60192000.0,0.5143,1.2189,46,17,-59.968102,reduction,HEALTH CARE,4087
FARALLON CAPITAL MANAGEMENT LLC,Sappi Ltd ADS,SPPJY,2004-12-31,SH,1537500.0,22294000.0,1611000.0,23070000.0,0.4939,0.4672,47,47,-4.562384,reduction,MATERIALS,7550
FARALLON CAPITAL MANAGEMENT LLC,West Pharmaceutical Services Inc,WST,2004-12-31,SH,1741200.0,21791000.0,1741200.0,18152000.0,0.4827,0.3676,48,49,0.0,,HEALTH CARE,3535
FARALLON CAPITAL MANAGEMENT LLC,TV Azteca S.A. de C.V. ADR,TZA,2004-12-31,SH,2009500.0,20658000.0,2569300.0,26001000.0,0.4576,0.5265,49,43,-21.788036,reduction,CONSUMER DISCRETIONARY,107555
FARALLON CAPITAL MANAGEMENT LLC,Select Medical Holdings Corp,SEM,2004-12-31,SH,1149400.0,20229000.0,0.0,0.0,0.4481,,50,999999,,new,HEALTH CARE,83267
FARALLON CAPITAL MANAGEMENT LLC,Circuit City Stores Inc.,CCTYQ,2004-12-31,SH,1253600.0,19606000.0,0.0,0.0,0.4343,,51,999999,,new,CONSUMER DISCRETIONARY,4176
FARALLON CAPITAL MANAGEMENT LLC,Microsoft Corp.,MSFT,2004-12-31,SH,733700.0,19604000.0,0.0,0.0,0.4343,,52,999999,,new,INFORMATION TECHNOLOGY,178
FARALLON CAPITAL MANAGEMENT LLC,Korea Electric Power Co. ADR,KEP,2004-12-31,SH,1398000.0,18510000.0,0.0,0.0,0.41,,53,999999,,new,UTILITIES AND TELECOMMUNICATIONS,5119
FARALLON CAPITAL MANAGEMENT LLC,Synopsys Inc.,SNPS,2004-12-31,SH,936307.0,18305000.0,526400.0,8296000.0,0.4055,0.168,54,71,77.869871,addition,INFORMATION TECHNOLOGY,2681
FARALLON CAPITAL MANAGEMENT LLC,Libbey Inc,LBYYQ,2004-12-31,SH,797000.0,17701000.0,797000.0,14904000.0,0.3921,0.3018,55,52,0.0,,CONSUMER DISCRETIONARY,78179
FARALLON CAPITAL MANAGEMENT LLC,AutoZone Inc.,AZO,2004-12-31,SH,193200.0,17641000.0,70000.0,5408000.0,0.3908,0.1095,56,86,176.0,addition,CONSUMER DISCRETIONARY,2609
FARALLON CAPITAL MANAGEMENT LLC,Doubleclick Inc.,DCLK,2004-12-31,SH,2253417.0,17532000.0,0.0,0.0,0.3884,,57,999999,,new,CONSUMER DISCRETIONARY,99717
FARALLON CAPITAL MANAGEMENT LLC,MarketWatch Inc.,MKTW,2004-12-31,SH,952464.0,17144000.0,0.0,0.0,0.3798,,58,999999,,new,CONSUMER DISCRETIONARY,102894
FARALLON CAPITAL MANAGEMENT LLC,PHARMACYCLICS INC,PCYC,2004-12-31,SH,1590500.0,16653000.0,1590500.0,16398000.0,0.3689,0.3321,59,51,0.0,,HEALTH CARE,9328
FARALLON CAPITAL MANAGEMENT LLC,ITT Educational Services Inc.,ESINQ,2004-12-31,SH,324900.0,15449000.0,0.0,0.0,0.3422,,60,999999,,new,CONSUMER DISCRETIONARY,671
FARALLON CAPITAL MANAGEMENT LLC,Burlington Northern Santa Fe Corp.,BNI,2004-12-31,SH,325000.0,15376000.0,0.0,0.0,0.3406,,61,999999,,new,TRANSPORTS,1052
FARALLON CAPITAL MANAGEMENT LLC,AutoNation Inc. (Republic Industries),AN,2004-12-31,SH,766900.0,14732000.0,766900.0,13099000.0,0.3263,0.2653,62,54,0.0,,CONSUMER DISCRETIONARY,3579
FARALLON CAPITAL MANAGEMENT LLC,Cypress Semiconductor Corp,CY,2004-12-31,PRN,64322250.0,14656000.0,41184750.0,8561000.0,0.3247,0.1734,63,70,56.179775,addition,INFORMATION TECHNOLOGY,3714
FARALLON CAPITAL MANAGEMENT LLC,Eldorado Resorts Inc,CZR,2004-12-31,SH,1378780.0,14560000.0,1378780.0,12850000.0,0.3225,0.2602,64,55,0.0,,CONSUMER DISCRETIONARY,7368
FARALLON CAPITAL MANAGEMENT LLC,Bruker Corp,BRKR,2004-12-31,SH,3565437.0,14369000.0,3275763.0,11334000.0,0.3183,0.2295,65,61,8.842947,addition,HEALTH CARE,4855
FARALLON CAPITAL MANAGEMENT LLC,Veritas Software Corp.,VRTS,2004-12-31,SH,500000.0,14275000.0,0.0,0.0,0.3162,,66,999999,,new,INFORMATION TECHNOLOGY,107627
FARALLON CAPITAL MANAGEMENT LLC,Midas Inc.,MDS,2004-12-31,SH,703600.0,14072000.0,703600.0,11398000.0,0.3117,0.2308,67,60,0.0,,CONSUMER DISCRETIONARY,7355
FARALLON CAPITAL MANAGEMENT LLC,Juniper Networks Inc,JNPR,2004-12-31,SH,498593.0,13557000.0,498590.0,11767000.0,0.3003,0.2383,68,59,0.000602,addition,INFORMATION TECHNOLOGY,2744
FARALLON CAPITAL MANAGEMENT LLC,B&G Foods Holdings Corp. Enhanced Income Securities,BGF,2004-12-31,SH,860000.0,12883000.0,0.0,0.0,0.2854,,69,999999,,new,CONSUMER STAPLES,4942
FARALLON CAPITAL MANAGEMENT LLC,Gen Digital Inc,GEN,2004-12-31,SH,500000.0,12880000.0,0.0,0.0,0.2853,,70,999999,,new,INFORMATION TECHNOLOGY,466
FARALLON CAPITAL MANAGEMENT LLC,Frontier Communications Corp. (Citizens Utilities - Citizens Communications),FTRCQ,2004-12-31,SH,59302.97,12261000.0,105599.44,21199000.0,0.2716,0.4293,71,48,-43.841587,reduction,UTILITIES AND TELECOMMUNICATIONS,45698
FARALLON CAPITAL MANAGEMENT LLC,Citadel Broadcasting Corp. (Old),CTDBQ,2004-12-31,PRN,12500000.0,11352000.0,12500000.0,10523000.0,0.2515,0.2131,72,64,0.0,,CONSUMER DISCRETIONARY,3532
FARALLON CAPITAL MANAGEMENT LLC,Magna Entertainment Inc Class A,MECAQ,2004-12-31,SH,936524.5,11276000.0,632350.0,6893000.0,0.2498,0.1396,73,79,48.102238,addition,CONSUMER DISCRETIONARY,75885
FARALLON CAPITAL MANAGEMENT LLC,Citigroup Inc.,C,2004-12-31,SH,793479.6,11267000.0,793479.6,11267000.0,0.2496,0.2282,74,62,0.0,,FINANCE,216
FARALLON CAPITAL MANAGEMENT LLC,Agere Systems Inc. Class B,AGRB,2004-12-31,SH,8161100.0,11017000.0,9966100.0,10165000.0,0.244,0.2058,75,65,-18.111398,reduction,INFORMATION TECHNOLOGY,97741
FARALLON CAPITAL MANAGEMENT LLC,Coventry Health Care Inc.,CVH,2004-12-31,SH,304800.0,10786000.0,0.0,0.0,0.2389,,76,999999,,new,HEALTH CARE,2637
FARALLON CAPITAL MANAGEMENT LLC,CSG Systems International Inc.,CSGS,2004-12-31,SH,574075.0,10735000.0,779540.0,12013000.0,0.2378,0.2433,77,58,-26.357211,reduction,COMMUNICATIONS,635
FARALLON CAPITAL MANAGEMENT LLC,ARAMARK Corp. Class B,RMK,2004-12-31,SH,395000.0,10471000.0,0.0,0.0,0.232,,78,999999,,new,INDUSTRIALS,104597
FARALLON CAPITAL MANAGEMENT LLC,BankNorth Group Inc. (ME),BNK,2004-12-31,SH,285000.0,10431000.0,0.0,0.0,0.2311,,79,999999,,new,FINANCE,98530
FARALLON CAPITAL MANAGEMENT LLC,Innoviva Inc,INVA,2004-12-31,SH,552700.0,9893000.0,0.0,0.0,0.2191,,80,999999,,new,HEALTH CARE,3674
FARALLON CAPITAL MANAGEMENT LLC,Global X MSCI China Real Estate ETF-,CHIR,2004-12-31,PRN,10400000.0,9763000.0,0.0,0.0,0.2163,,81,999999,,new,MUTUAL FUND,99081
FARALLON CAPITAL MANAGEMENT LLC,Western Digital Corp,WDC,2004-12-31,SH,850000.0,9214000.0,1050200.0,9231000.0,0.2041,0.1869,82,67,-19.063036,reduction,INFORMATION TECHNOLOGY,961
FARALLON CAPITAL MANAGEMENT LLC,Compania Anonima Nacional Telefones Common S,VNT,2004-12-31,SH,389700.0,8725000.0,389700.0,8780000.0,0.1933,0.1778,83,68,0.0,, ,106404
FARALLON CAPITAL MANAGEMENT LLC,LSI Corp. (CA),LSI,2004-12-31,PRN,8500000.0,8468000.0,12500000.0,12430000.0,0.1876,0.2517,84,57,-32.0,reduction,INFORMATION TECHNOLOGY,922
FARALLON CAPITAL MANAGEMENT LLC,Quantum Corp,QMCO,2004-12-31,SH,400337.5,8391000.0,400337.5,7398000.0,0.1859,0.1498,85,76,0.0,,INFORMATION TECHNOLOGY,6421
FARALLON CAPITAL MANAGEMENT LLC,Gramercy Capital Corp.,GKK,2004-12-31,SH,407000.0,8384000.0,0.0,0.0,0.1857,,86,999999,,new,FINANCE,2561
FARALLON CAPITAL MANAGEMENT LLC,Charter Communications Inc. (Old) Class A,CHTRQ,2004-12-31,SH,3500000.0,7840000.0,0.0,0.0,0.1737,,87,999999,,new,CONSUMER DISCRETIONARY,6900
FARALLON CAPITAL MANAGEMENT LLC,HLTH Corp,HLTH,2004-12-31,PRN,7000000.0,7228000.0,7000000.0,7074000.0,0.1601,0.1433,88,77,0.0,,HEALTH CARE,6363
FARALLON CAPITAL MANAGEMENT LLC,Liberty Global plc Class A,LBTYA,2004-12-31,SH,152500.0,7050000.0,421352.0,14057000.0,0.1562,0.2847,89,53,-63.806983,reduction,COMMUNICATIONS,4042
FARALLON CAPITAL MANAGEMENT LLC,Hayes Lemmerz International Inc. (New),HLMMQ,2004-12-31,SH,791500.0,6989000.0,791500.0,8042000.0,0.1548,0.1629,90,73,0.0,,CONSUMER DISCRETIONARY,7215
FARALLON CAPITAL MANAGEMENT LLC,Waste Management Inc.,WM,2004-12-31,SH,232300.0,6955000.0,232300.0,6351000.0,0.1541,0.1286,91,82,0.0,,INDUSTRIALS,474
FARALLON CAPITAL MANAGEMENT LLC,Exelixis Inc,EXEL,2004-12-31,SH,721192.0,6851000.0,0.0,0.0,0.1518,,92,999999,,new,HEALTH CARE,5525
FARALLON CAPITAL MANAGEMENT LLC,ARCH COAL INC. (XNYS TO: XNAS),ACIIQ,2004-12-31,SH,38240.0,6795000.0,0.0,0.0,0.1505,,93,999999,,new,ENERGY,4851
FARALLON CAPITAL MANAGEMENT LLC,Emmis Communications Corp,EMMS,2004-12-31,SH,91770.0,6621000.0,91770.0,6231000.0,0.1467,0.1262,94,84,0.0,,COMMUNICATIONS,3821
FARALLON CAPITAL MANAGEMENT LLC,Massey Energy Company,MEE,2004-12-31,SH,184700.0,6455000.0,0.0,0.0,0.143,,95,999999,,new,ENERGY,684
FARALLON CAPITAL MANAGEMENT LLC,Wachovia Corp.,WB,2004-12-31,SH,118150.0,6215000.0,0.0,0.0,0.1377,,96,999999,,new,FINANCE,287
FARALLON CAPITAL MANAGEMENT LLC,JUNIPER PHARMACEUTICALS INC COM,JNP,2004-12-31,SH,274000.0,5802000.0,274000.0,6686000.0,0.1285,0.1354,97,80,0.0,,HEALTH CARE,7871
FARALLON CAPITAL MANAGEMENT LLC,Quantum Corp,QMCO,2004-12-31,PRN,706250.0,5477000.0,706250.0,5021000.0,0.1213,0.1017,98,87,0.0,,INFORMATION TECHNOLOGY,6421
FARALLON CAPITAL MANAGEMENT LLC,Renegy Holdings Inc.,RGYH,2004-12-31,SH,325091.78,5141000.0,325091.78,4937000.0,0.1139,0.1,99,88,0.0,,INDUSTRIALS,9890
FARALLON CAPITAL MANAGEMENT LLC,Amdocs Ltd,DOX,2004-12-31,SH,181500.0,4764000.0,181500.0,3962000.0,0.1055,0.0802,100,91,0.0,,INFORMATION TECHNOLOGY,4826
FARALLON CAPITAL MANAGEMENT LLC,Ninetowns Internet Technology Group Co Ltd ADS,NINE,2004-12-31,SH,400000.0,4300000.0,0.0,0.0,0.0953,,101,999999,,new,INFORMATION TECHNOLOGY,9411
FARALLON CAPITAL MANAGEMENT LLC,CUBIST PHARMACEUTICALS INC 01/22/2015Non-Confidential,CBST,2004-12-31,SH,353600.0,4183000.0,0.0,0.0,0.0927,,102,999999,,new,HEALTH CARE,11454
FARALLON CAPITAL MANAGEMENT LLC,Valassis Communications Inc.,VCI,2004-12-31,SH,115000.0,4026000.0,115000.0,3402000.0,0.0892,0.0689,103,93,0.0,,CONSUMER DISCRETIONARY,3831
FARALLON CAPITAL MANAGEMENT LLC,Beasley Broadcast Group Inc,BBGI,2004-12-31,SH,214830.0,3766000.0,214830.0,3373000.0,0.0834,0.0683,104,94,0.0,,COMMUNICATIONS,9610
FARALLON CAPITAL MANAGEMENT LLC,D&E Communications Inc,DECC,2004-12-31,SH,273567.0,3296000.0,273567.0,3146000.0,0.073,0.0637,105,96,0.0,,COMMUNICATIONS,6124
FARALLON CAPITAL MANAGEMENT LLC,Mongram Biosciences Inc,MGRM,2004-12-31,SH,191282.42,3201000.0,0.0,0.0,0.0709,,106,999999,,new,HEALTH CARE,7358
FARALLON CAPITAL MANAGEMENT LLC,Nextel Partners Inc Class A,NXTP,2004-12-31,SH,158600.0,3099000.0,0.0,0.0,0.0686,,107,999999,,new,COMMUNICATIONS,103571
FARALLON CAPITAL MANAGEMENT LLC,Old Republic International Corp.,ORI,2004-12-31,SH,152750.0,3092000.0,0.0,0.0,0.0685,,108,999999,,new,FINANCE,5147
FARALLON CAPITAL MANAGEMENT LLC,Cascade Microtech Inc,CSCD,2004-12-31,SH,200000.0,2686000.0,0.0,0.0,0.0595,,109,999999,,new,INFORMATION TECHNOLOGY,8667
FARALLON CAPITAL MANAGEMENT LLC,Gartner Inc. Class B,ITB,2004-12-31,SH,211712.0,2602000.0,211712.0,2445000.0,0.0576,0.0495,110,100,0.0,,INFORMATION TECHNOLOGY,171316
FARALLON CAPITAL MANAGEMENT LLC,CPFL Energia S.A. ADR,CPL,2004-12-31,SH,125000.0,2483000.0,0.0,0.0,0.055,,111,999999,,new,UTILITIES AND TELECOMMUNICATIONS,7087
FARALLON CAPITAL MANAGEMENT LLC,UnitedGlobalCom Inc. Class A,UCOMA,2004-12-31,SH,230000.0,2222000.0,0.0,0.0,0.0492,,112,999999,,new,COMMUNICATIONS,106106
FARALLON CAPITAL MANAGEMENT LLC,Eagle Materials Inc.,EXP,2004-12-31,SH,78225.0,2198000.0,78225.0,1799000.0,0.0487,0.0364,113,102,0.0,,MATERIALS,2704
FARALLON CAPITAL MANAGEMENT LLC,LECG CORP,XPRT,2004-12-31,SH,116203.0,2167000.0,99400.0,1681000.0,0.048,0.034,114,103,16.904427,addition,INDUSTRIALS,6183
FARALLON CAPITAL MANAGEMENT LLC,Anchor Glass Container Corp (New),AGCCQ,2004-12-31,SH,322060.0,2164000.0,87443.0,718000.0,0.0479,0.0145,115,108,268.308498,addition,MATERIALS,97718
FARALLON CAPITAL MANAGEMENT LLC,MCG CAP CORP,MCGC,2004-12-31,SH,125000.0,2141000.0,0.0,0.0,0.0474,,116,999999,,new,FINANCE,2747
FARALLON CAPITAL MANAGEMENT LLC,Aspen Technology Inc,AZPN,2004-12-31,SH,335000.0,2080000.0,0.0,0.0,0.0461,,117,999999,,new,INFORMATION TECHNOLOGY,5199
FARALLON CAPITAL MANAGEMENT LLC,Caplease Inc,LSE,2004-12-31,SH,166200.0,2078000.0,241200.0,2663000.0,0.046,0.0539,118,98,-31.094527,reduction,FINANCE,3896
FARALLON CAPITAL MANAGEMENT LLC,Great Lakes Bancorp (New),GLK,2004-12-31,SH,107690.0,1649000.0,120990.0,1991000.0,0.0365,0.0403,119,101,-10.992644,reduction,FINANCE,97339
FARALLON CAPITAL MANAGEMENT LLC,OHA Investment Corp,OHAI,2004-12-31,SH,100000.0,1537000.0,0.0,0.0,0.034,,120,999999,,new,ENERGY,7387
FARALLON CAPITAL MANAGEMENT LLC,HCA Inc. (New),HCA,2004-12-31,SH,34900.0,1388000.0,0.0,0.0,0.0307,,121,999999,,new,HEALTH CARE,101322
FARALLON CAPITAL MANAGEMENT LLC,CubeSmart,CUBE,2004-12-31,SH,79900.0,1386000.0,0.0,0.0,0.0307,,122,999999,,new,REAL ESTATE,11323
FARALLON CAPITAL MANAGEMENT LLC,Hilltop Holdings Inc,HTH,2004-12-31,SH,93800.0,1346000.0,0.0,0.0,0.0298,,123,999999,,new,REAL ESTATE,7219
FARALLON CAPITAL MANAGEMENT LLC,Alaska Communications Systems Group Inc,ALSK,2004-12-31,SH,136323.0,1176000.0,183673.0,1029000.0,0.0261,0.0208,124,107,-25.77951,reduction,UTILITIES AND TELECOMMUNICATIONS,3733
FARALLON CAPITAL MANAGEMENT LLC,Lumen Technologies Inc,LUMN,2004-12-31,SH,25400.0,901000.0,0.0,0.0,0.02,,125,999999,,new,UTILITIES AND TELECOMMUNICATIONS,2632
FARALLON CAPITAL MANAGEMENT LLC,Entravision Communications Corp. Class A,EVC,2004-12-31,SH,45683.0,381000.0,45683.0,348000.0,0.0084,0.007,126,111,0.0,,COMMUNICATIONS,6835
FARALLON CAPITAL MANAGEMENT LLC,Knology Inc,KNOL,2004-12-31,SH,81680.0,319000.0,81680.0,339000.0,0.0071,0.0069,127,112,0.0,,CONSUMER DISCRETIONARY,11486
FARALLON CAPITAL MANAGEMENT LLC,GOLF TRUST OF AMERICA INC,GTA,2004-12-31,SH,112200.0,241000.0,112200.0,284000.0,0.0053,0.0058,128,113,0.0,,FINANCE,7967
FARALLON CAPITAL MANAGEMENT LLC,SPDR SSGA Aggressive Global Allocation ETF-SPDR SSGA Aggressive Global Allocation ETF,AGRA,2004-12-31,SH,117600.0,161000.0,117600.0,120000.0,0.0036,0.0024,129,114,0.0,,INFORMATION TECHNOLOGY,97424
FARALLON CAPITAL MANAGEMENT LLC,Medtronic Plc,MDT,2004-12-31,PRN,0.0,0.0,49320000.0,50615000.0,,1.025,999999,21,-100.0,soldall,HEALTH CARE,297
FARALLON CAPITAL MANAGEMENT LLC,Laboratory Corp of America Holdings,LH,2004-12-31,SH,0.0,0.0,2287260.0,85910000.0,,1.7397,999999,15,-100.0,soldall,HEALTH CARE,564
FARALLON CAPITAL MANAGEMENT LLC,Jackson Hewitt Tax Service Inc,JHTXQ,2004-12-31,SH,0.0,0.0,819900.0,16587000.0,,0.3359,999999,50,-100.0,soldall,CONSUMER DISCRETIONARY,794
FARALLON CAPITAL MANAGEMENT LLC,Seagate Technology plc,STX,2004-12-31,SH,0.0,0.0,112700.0,1524000.0,,0.0309,999999,106,-100.0,soldall,INFORMATION TECHNOLOGY,2526
FARALLON CAPITAL MANAGEMENT LLC,Ameristar Casinos Inc,ASCA,2004-12-31,SH,0.0,0.0,432024.0,6534000.0,,0.1323,999999,81,-100.0,soldall,CONSUMER DISCRETIONARY,2624
FARALLON CAPITAL MANAGEMENT LLC,America Movil S.A.B.DE C.V.,AMX,2004-12-31,SH,0.0,0.0,510000.0,3318000.0,,0.0672,999999,95,-100.0,soldall,UTILITIES AND TELECOMMUNICATIONS,3509
FARALLON CAPITAL MANAGEMENT LLC,Allied Waste Industries Inc.,AW,2004-12-31,SH,0.0,0.0,947900.0,47934000.0,,0.9707,999999,24,-100.0,soldall,INDUSTRIALS,4005
FARALLON CAPITAL MANAGEMENT LLC,NPS PHARMACEUTICALS INC,NPSP,2004-12-31,SH,0.0,0.0,368400.0,8024000.0,,0.1625,999999,74,-100.0,soldall,HEALTH CARE,4087
FARALLON CAPITAL MANAGEMENT LLC,KT Corp ADR,KT,2004-12-31,SH,0.0,0.0,31300.0,566000.0,,0.0115,999999,109,-100.0,soldall,UTILITIES AND TELECOMMUNICATIONS,4130
FARALLON CAPITAL MANAGEMENT LLC,Sanofi SA,SNY,2004-12-31,SH,0.0,0.0,44827.0,1641000.0,,0.0332,999999,104,-100.0,soldall,HEALTH CARE,4377
FARALLON CAPITAL MANAGEMENT LLC,Montpelier Re Holdings Ltd,MRH,2004-12-31,SH,0.0,0.0,800700.0,29370000.0,,0.5948,999999,40,-100.0,soldall,FINANCE,4896
FARALLON CAPITAL MANAGEMENT LLC,Shanda Interactive Entertainment Ltd,SNDA,2004-12-31,SH,0.0,0.0,199000.0,4772000.0,,0.0966,999999,89,-100.0,soldall,INFORMATION TECHNOLOGY,4911
FARALLON CAPITAL MANAGEMENT LLC,Mueller Industries Inc,MLI,2004-12-31,SH,0.0,0.0,800000.0,8590000.0,,0.174,999999,69,-100.0,soldall,INDUSTRIALS,5225
FARALLON CAPITAL MANAGEMENT LLC,Drive Shack Inc,DSHK,2004-12-31,SH,0.0,0.0,30641.04,2646000.0,,0.0536,999999,99,-100.0,soldall,REAL ESTATE,5301
FARALLON CAPITAL MANAGEMENT LLC,Charter Communications Inc. (Old) Class A,CHTRQ,2004-12-31,PRN,0.0,0.0,31525000.0,28767000.0,,0.5825,999999,41,-100.0,soldall,CONSUMER DISCRETIONARY,6900
FARALLON CAPITAL MANAGEMENT LLC,AMERICAN HOME MTG INVESTMENT,AHMIQ,2004-12-31,SH,0.0,0.0,399200.0,11158000.0,,0.226,999999,63,-100.0,soldall,FINANCE,7752
FARALLON CAPITAL MANAGEMENT LLC,Companhia Vale de Rio Doce S.A. ADR,VALE,2004-12-31,SH,0.0,0.0,1100000.0,6179000.0,,0.1251,999999,85,-100.0,soldall,MATERIALS,78024
FARALLON CAPITAL MANAGEMENT LLC,ACLARA BioSciences Inc.,ACLA,2004-12-31,SH,0.0,0.0,682685.0,2690000.0,,0.0545,999999,97,-100.0,soldall,HEALTH CARE,97566
FARALLON CAPITAL MANAGEMENT LLC,AT&T Wireless Services Inc.,AWE,2004-12-31,SH,0.0,0.0,51035300.0,754302000.0,,15.2751,999999,1,-100.0,soldall,COMMUNICATIONS,98229
FARALLON CAPITAL MANAGEMENT LLC,Community First Bankshares Inc.,CFBX,2004-12-31,SH,0.0,0.0,300763.0,9642000.0,,0.1953,999999,66,-100.0,soldall,FINANCE,98981
FARALLON CAPITAL MANAGEMENT LLC,Cox Communications Inc. (1994) Class A,COX,2004-12-31,SH,0.0,0.0,250000.0,8283000.0,,0.1677,999999,72,-100.0,soldall,CONSUMER DISCRETIONARY,99383
FARALLON CAPITAL MANAGEMENT LLC,Ilex Oncology Inc.,ILXO,2004-12-31,SH,0.0,0.0,250000.0,6293000.0,,0.1274,999999,83,-100.0,soldall,HEALTH CARE,101787
FARALLON CAPITAL MANAGEMENT LLC,National Commerce Financial Corp. (TN),NCF,2004-12-31,SH,0.0,0.0,2714800.0,94352000.0,,1.9107,999999,12,-100.0,soldall,FINANCE,103249
FARALLON CAPITAL MANAGEMENT LLC,Register.com Inc.,RCOM,2004-12-31,SH,0.0,0.0,2301154.0,12449000.0,,0.2521,999999,56,-100.0,soldall,INFORMATION TECHNOLOGY,104468
FARALLON CAPITAL MANAGEMENT LLC,Rouse Co.,RSE,2004-12-31,SH,0.0,0.0,2909900.0,194614000.0,,3.941,999999,5,-100.0,soldall,FINANCE,104667
FARALLON CAPITAL MANAGEMENT LLC,WellChoice Inc.,WC,2004-12-31,SH,0.0,0.0,42500.0,1587000.0,,0.0321,999999,105,-100.0,soldall,HEALTH CARE,106519
FARALLON CAPITAL MANAGEMENT LLC,Anesiva Inc.,ANSVQ,2004-12-31,SH,0.0,0.0,2166683.0,36985000.0,,0.749,999999,33,-100.0,soldall, ,106968
FARALLON CAPITAL MANAGEMENT LLC,Insurance Auto Auctions Inc.,IAAI,2004-12-31,SH,0.0,0.0,410844.0,7046000.0,,0.1427,999999,78,-100.0,soldall,FINANCE,107250
FARALLON CAPITAL MANAGEMENT LLC,Prime Hospitality Corp.,PDQ,2004-12-31,SH,0.0,0.0,282100.0,3433000.0,,0.0695,999999,92,-100.0,soldall,CONSUMER DISCRETIONARY,107418
FARALLON CAPITAL MANAGEMENT LLC,PeopleSoft Inc.,PSFT,2004-12-31,SH,0.0,0.0,2700000.0,53595000.0,,1.0853,999999,20,-100.0,soldall,INFORMATION TECHNOLOGY,107441
FARALLON CAPITAL MANAGEMENT LLC,Southtrust corp,sotr,2004-12-31,SH,0.0,0.0,2249800.0,93727000.0,,1.898,999999,13,-100.0,soldall, ,107521
FARALLON CAPITAL MANAGEMENT LLC,Suny Cellular Communications Ltd,SCIXF,2004-12-31,SH,0.0,0.0,116700.0,470000.0,,0.0095,999999,110,-100.0,soldall,INFORMATION TECHNOLOGY,107547
